Skupina,Téma,Téma ID,Země,Kód,Web,Doména,Popis,Typ,Přístup,Data,Zdroj,Návštěvy,Unikátních URL,Poslední návštěva,URL,ID,Ověřeno
Geodata,Geoportály a NSDI,geoportal,Rakousko,AT,INSPIRE Österreich,inspire.gv.at,"Rakouská národní infrastruktura prostorových dat — koordinační místo pro INSPIRE, popis povinných témat a odkazy na poskytovatele ve spolku i v zemích. Rozcestník, ze kterého se dostaneš k tomu, kdo kterou vrstvu v Rakousku vede",official,open,none,reference,,,,https://www.inspire.gv.at/,at-inspire,2026-08-28
Geodata,Geoportály a NSDI,geoportal,Rakousko,AT,Geometadatensuche INSPIRE,geometadatensuche.inspire.gv.at,"Katalog metadat rakouských prostorových dat — hledání napříč spolkovými i zemskými poskytovateli s přímými odkazy na WMS a WFS služby. Praktická cesta k datům spolkových zemí, aniž by se musel obcházet devět zemských geoportálů",official,open,ogc,reference,,,,https://geometadatensuche.inspire.gv.at/,at-geometadatensuche,2026-08-28
Geodata,Geoportály a NSDI,geoportal,Belgie,BE,geo.be,geo.be,"Belgický federální geoportál — katalog prostorových dat federace i regionů s metadaty a odkazy na služby. Belgie nemá jednu geodatovou správu: geodata vedou převážně regiony, tohle je federující vrstva nad nimi",official,open,ogc,reference,,,,https://www.geo.be/,be-geo-be,2026-08-28
Geodata,Geoportály a NSDI,geoportal,Belgie,BE,Geopunt (Vlaanderen),geopunt.be,"Geoportál Flander — nejbohatší z belgických regionálních zdrojů: územní plány, adresy, budovy, ortofota, půda a životní prostředí, s WMS/WFS a hromadným stahováním na download.vlaanderen.be",regional,open,ogc,reference,,,,https://www.geopunt.be/,be-geopunt,2026-08-28
Geodata,Geoportály a NSDI,geoportal,Belgie,BE,Géoportail de la Wallonie,geoportail.wallonie.be,"Geoportál Valonska — katalog regionálních prostorových dat s mapami, službami a stahováním přes geodata.wallonie.be. Valonsko a Flandry vedou geodata odděleně a v odlišných modelech, společná belgická vrstva pro ně neexistuje",regional,open,ogc,reference,,,,https://geoportail.wallonie.be/home.html,be-geoportail-wallonie,2026-08-28
Geodata,Geoportály a NSDI,geoportal,Belgie,BE,BruGIS (Brusel),gis.urban.brussels,"Geografický informační systém bruselského regionu — územní plánování, urbanistická povolení, chráněné památky a katastrální podklad. Třetí z belgických regionálních geoportálů; Brusel má vlastní stavební právo",regional,open,ogc,reference,,,,https://gis.urban.brussels/brugis/,be-brugis,2026-08-28
Geodata,Geoportály a NSDI,geoportal,Bulharsko,BG,INSPIRE Bulharsko,inspire.egov.bg,"Bulharský národní geoportál INSPIRE — katalog metadat a služeb napříč úřady, s odkazy na WMS a WFS. Vstupní bod k bulharským prostorovým datům",official,open,ogc,reference,,,,https://inspire.egov.bg/,bg-inspire,2026-08-28
Geodata,Geoportály a NSDI,geoportal,Chorvatsko,HR,Geoportal DGU,geoportal.dgu.hr,"Chorvatský národní geoportál — katastrální mapa, ortofota, výškopis, adresy a INSPIRE vrstvy jako prohlížečka i WMS/WFS. Vstupní bod k chorvatským geodatům",official,open,ogc,reference,,,,https://geoportal.dgu.hr/,hr-geoportal,2026-08-28
Geodata,Geoportály a NSDI,geoportal,Kypr,CY,Cyprus Geoportal,geoportal.gov.cy,"Kyperský národní geoportál provozovaný pozemkovým a zeměměřickým úřadem — katalog prostorových dat, mapové služby a INSPIRE metadata pro území pod kontrolou Kyperské republiky",official,open,ogc,reference,,,,https://www.geoportal.gov.cy/,cy-geoportal,2026-08-28
Geodata,Geoportály a NSDI,geoportal,Česko,CZ,Geoportál ČÚZK,geoportal.cuzk.gov.cz,"WMS/WFS/WMTS, ZABAGED, Ortofoto ČR, DMR 5G/DMP 1G, Data50/200. Klíčový CZ zdroj",official,open,ogc,history,3,3,2026-08-27,https://geoportal.cuzk.gov.cz/,cz-geoportal-cuzk,2026-08-28
Geodata,Geoportály a NSDI,geoportal,Česko,CZ,ČÚZK (rozcestník),cuzk.gov.cz,Hlavní web zeměměřického a katastrálního úřadu,official,open,none,history,9,5,2026-08-20,https://www.cuzk.gov.cz/,cz-cuzk-rozcestnik,2026-08-28
Geodata,Geoportály a NSDI,geoportal,Česko,CZ,Národní geoportál INSPIRE (CENIA),geoportal.gov.cz,"CZ INSPIRE katalog — metadata a služby napříč resorty, včetně historického ortofota z 50. let",official,open,ogc,reference,,,,https://geoportal.gov.cz/,cz-narodni-geoportal-inspire-cenia,2026-08-28
Geodata,Geoportály a NSDI,geoportal,Česko,CZ,Geoportál Praha,geoportalpraha.cz,"Pražská geodata a open data — ortofota, územní plán, 3D model",regional,open,api,reference,,,,https://www.geoportalpraha.cz/,cz-geoportal-praha,2026-08-28
Geodata,Geoportály a NSDI,geoportal,Česko,CZ,Portál DMVS (ČÚZK),dmvs.cuzk.gov.cz,Portál digitální mapy veřejné správy — bezešvé prohlížení krajských digitálních technických map (DTM) a stahování dat v jednotném formátu JVF DTM,official,open,ogc,reference,,,,https://dmvs.cuzk.gov.cz/,cz-portal-dmvs-cuzk,2026-08-28
Geodata,Geoportály a NSDI,geoportal,Česko,CZ,ČÚZK — Mapové služby,services.cuzk.gov.cz,"Mapový server ČÚZK — bezúplatné WMS/WFS/WMTS endpointy katastrální mapy, ortofota, ZABAGED a RÚIAN, odtud se berou URL do QGIS nebo skriptu",official,open,ogc,reference,,,,https://services.cuzk.gov.cz/,cz-cuzk-mapove-sluzby,2026-08-28
Geodata,Geoportály a NSDI,geoportal,Dánsko,DK,Dataforsyningen,dataforsyningen.dk,"Distribuce dánských veřejných geodat — katastrální parcely, adresy, budovy, ortofota a výškopis jako služby i ke stažení. **Data jsou od roku 2013 zdarma**, přístup přes bezplatný token. Dánsko otevřelo geodata jako první v EU",official,registration,api,reference,,,,https://dataforsyningen.dk/,dk-dataforsyningen,2026-08-28
Geodata,Geoportály a NSDI,geoportal,Estonsko,EE,Maa-ameti geoportaal,geoportaal.maaamet.ee,"Estonský geoportál pozemkového úřadu — katastrální mapa, adresy, budovy, ortofota a laserové skenování, **zdarma jako WMS/WFS i ke stažení**. Estonsko otevřelo geodata bez licenčních omezení dřív než většina EU",official,open,ogc,reference,,,,https://geoportaal.maaamet.ee/,ee-geoportaal,2026-08-28
Geodata,Geoportály a NSDI,geoportal,Finsko,FI,Paikkatietoikkuna,paikkatietoikkuna.fi,"Finský národní geoportál — prohlížečka a katalog prostorových dat napříč státními úřady a obcemi, s odkazy na WMS a WFS služby. Vstupní bod k finským geodatům",official,open,ogc,reference,,,,https://www.paikkatietoikkuna.fi/,fi-paikkatietoikkuna,2026-08-28
Geodata,Geoportály a NSDI,geoportal,Francie,FR,cartes.gouv.fr,cartes.gouv.fr,"Nová francouzská geoplatforma, na kterou se přesouvají Géoservices IGN — vyhledávání datových sad, mapové služby WMS/WMTS/WFS a stahování. Nahrazuje geoservices.ign.fr, který sem přesměrovává",official,open,ogc,reference,,,,https://cartes.gouv.fr/,fr-cartes-gouv,2026-08-28
Geodata,Geoportály a NSDI,geoportal,Francie,FR,Géoportail,geoportail.gouv.fr,"Veřejná mapová prohlížečka IGN — ortofota včetně historických, katastrální plán, územní plány, rizika a stovky tematických vrstev nad sebou. Nejrychlejší cesta k pohledu na konkrétní francouzský pozemek",official,open,ogc,reference,,,,https://www.geoportail.gouv.fr/,fr-geoportail,2026-08-28
Geodata,Geoportály a NSDI,geoportal,Německo,DE,BKG — Bundesamt für Kartographie und Geodäsie,bkg.bund.de,"Spolkový úřad pro kartografii a geodézii — správce německých referenčních geodat: hranice všech úrovní (VG25 až VG5000), zeměpisná jména, digitální model reliéfu a základní mapy. Katastr spolek nevede, ten je věcí zemí",official,open,ogc,reference,,,,https://www.bkg.bund.de/,de-bkg,2026-08-28
Geodata,Geoportály a NSDI,geoportal,Německo,DE,Geoportal.de,geoportal.de,"Centrální vyhledávání německých prostorových dat napříč spolkem, zeměmi a obcemi — metadata a přímé odkazy na služby, včetně katastrálních vrstev ALKIS jednotlivých zemí. Praktická cesta k zemským datům, aniž by se obcházelo šestnáct zemských geoportálů",official,open,ogc,reference,,,,https://www.geoportal.de/,de-geoportal,2026-08-28
Geodata,Geoportály a NSDI,geoportal,Maďarsko,HU,Lechner Tudásközpont,lechnerkozpont.hu,"Maďarské centrum prostorových dat — správce národních geodat, ortofot, adresního registru a systému územního plánování. Provozuje také e-építés, kde běží stavební řízení a evidence povolení",official,open,ogc,reference,,,,https://www.lechnerkozpont.hu/,hu-lechner,2026-08-28
Geodata,Geoportály a NSDI,geoportal,Irsko,IE,GeoHive,geohive.ie,"Irský národní geoportál — administrativní hranice, adresní body, ortofota, výškopis a tematické vrstvy jako mapové služby i ke stažení. Otevřená část irských geodat; adresní kódy Eircode jsou licencované zvlášť",official,open,ogc,reference,,,,https://www.geohive.ie/,ie-geohive,2026-08-28
Geodata,Geoportály a NSDI,geoportal,Itálie,IT,Geoportale Nazionale / RNDT,geodati.gov.it,"Italský národní geoportál a repertorio národních územních dat (RNDT) — katalog metadat a služeb státu, regionů a obcí. Itálie má geodata převážně na regionech, tohle je federující vrstva, přes kterou se najdou",official,open,ogc,reference,,,,https://geodati.gov.it/geoportale/,it-geodati,2026-08-28
Geodata,Geoportály a NSDI,geoportal,Itálie,IT,Geoportale Nazionale (MASE),gn.mase.gov.it,"Geoportál ministerstva životního prostředí — celostátní ortofota, výškopis, land cover, hydrografie a environmentální vrstvy jako WMS a ke stažení. Starší adresa pcn.minambiente.it sem vede",official,open,ogc,reference,,,,https://gn.mase.gov.it/portale/home,it-geoportale-mase,2026-08-28
Geodata,Geoportály a NSDI,geoportal,Lotyšsko,LV,LĢIA — Latvijas Ģeotelpiskās informācijas aģentūra,lgia.gov.lv,"Lotyšská agentura pro geoprostorové informace — topografické mapy, ortofota, výškopis a geodetické základy. Část produkce je otevřená, část zpoplatněná; katastr vede zvlášť Valsts zemes dienests",official,mixed,download,reference,,,,https://www.lgia.gov.lv/,lv-lgia,2026-08-28
Geodata,Geoportály a NSDI,geoportal,Litva,LT,Lietuvos geoportalas,geoportal.lt,"Litevský národní geoportál — katalog prostorových dat, mapová prohlížečka a WMS/WFS služby napříč státními institucemi. Vstupní bod k litevským geodatům",official,open,ogc,reference,,,,https://www.geoportal.lt/,lt-geoportal,2026-08-28
Geodata,Geoportály a NSDI,geoportal,Lucembursko,LU,Geoportail Luxembourg,geoportail.lu,"Lucemburský národní geoportál — **katastrální mapa, adresy, budovy, ortofota, výškopis a územní plány**, zdarma jako prohlížečka i OGC služby. Malá země s velmi dobře udělaným geoportálem",official,open,ogc,reference,,,,https://www.geoportail.lu/,lu-geoportail,2026-08-28
Geodata,Geoportály a NSDI,geoportal,Nizozemsko,NL,PDOK — Publieke Dienstverlening Op de Kaart,pdok.nl,"Centrální distribuce nizozemských veřejných geodat — základní registry BAG, BGT, BRT, výškopis AHN, ortofota a stovky dalších sad jako OGC služby i ke stažení, zdarma. Jedno z nejlépe udělaných národních geodatových řešení v EU",official,open,ogc,reference,,,,https://www.pdok.nl/,nl-pdok,2026-08-28
Geodata,Geoportály a NSDI,geoportal,Nizozemsko,NL,Nationaal Georegister,nationaalgeoregister.nl,"Katalog metadat nizozemských prostorových dat — INSPIRE i národní sady napříč resorty, provinciemi a vodními správami, s odkazy na služby. Doplňuje PDOK o data, která PDOK sám nedistribuuje",official,open,ogc,reference,,,,https://www.nationaalgeoregister.nl/,nl-nationaalgeoregister,2026-08-28
Geodata,Geoportály a NSDI,geoportal,Polsko,PL,Geoportal krajowy,geoportal.gov.pl,"Národní geoportál GUGiK a rozcestník polské infrastruktury prostorových dat — vyhledávání dat PZGiK, přehled licencí a odkazy na prohlížecí i stahovací služby",official,open,ogc,reference,,,,https://www.geoportal.gov.pl/,pl-geoportal-krajowy,2026-08-28
Geodata,Geoportály a NSDI,geoportal,Polsko,PL,Geoportal — mapová aplikace,mapy.geoportal.gov.pl,"Hlavní mapový klient geoportálu — ortofoto, BDOT10k, parcely EGiB, NMT, adresy a hranice v jednom okně, s možností připojit vlastní WMS",official,open,none,reference,,,,https://mapy.geoportal.gov.pl/imap/Imgp_2.html,pl-geoportal-mapova-aplikace,2026-08-28
Geodata,Geoportály a NSDI,geoportal,Polsko,PL,GUGiK,gov.pl,"Główny Urząd Geodezji i Kartografii — polská obdoba ČÚZK: správce státního geodetického fondu PZGiK, geoportálu a celostátních registrů PRG, PRNG a EGiB",official,open,none,reference,,,,https://www.gov.pl/web/gugik,pl-gugik,2026-08-28
Geodata,Geoportály a NSDI,geoportal,Polsko,PL,Otevřená data GUGiK,opendata.geoportal.gov.pl,"Stahovací služba pro otevřená data geoportálu — ortofoto, NMT a NMPT, mračna LIDAR, BDOT10k a PRG po listech a okresech, bez registrace",official,open,bulk,reference,,,,https://opendata.geoportal.gov.pl/,pl-otevrena-data-gugik,2026-08-28
Geodata,Geoportály a NSDI,geoportal,Polsko,PL,Wykaz usług (WMS/WMTS/WFS),geoportal.gov.pl,"Katalog síťových služeb geoportálu s adresami endpointů — prohlížecí WMS a WMTS, stahovací WFS a ATOM ke každé sadě PZGiK",official,open,ogc,reference,,,,https://www.geoportal.gov.pl/wykaz-uslug/,pl-wykaz-usug-wms-wmts-wfs,2026-08-28
Geodata,Geoportály a NSDI,geoportal,Polsko,PL,Geoportal e-mapa.net,polska.e-mapa.net,"Celostátní prohlížeč skládající data okresních a obecních geoportálů provozovaných Geo-Systemem — parcely, adresy a územní plány tam, kde úřad nemá vlastní veřejnou aplikaci",commercial,open,none,reference,,,,https://polska.e-mapa.net/,pl-geoportal-e-mapa-net,2026-08-28
Geodata,Geoportály a NSDI,geoportal,Portugalsko,PT,POINT / DGT — Direção-Geral do Território,point.dgterritorio.gov.pt,"Portugalský úřad pro území — ortofota, výškopis, land cover COS a územně plánovací data, s mapovými službami a stahováním. Katastr v Portugalsku plošně neexistuje, DGT vede referenční geodata a evidenci územních plánů",official,open,ogc,reference,,,,https://point.dgterritorio.gov.pt/,pt-point,2026-08-28
Geodata,Geoportály a NSDI,geoportal,Portugalsko,PT,SNIG — národní systém geografické informace,snig.dgterritorio.gov.pt,"Portugalská infrastruktura prostorových dat — katalog metadat a služeb napříč úřady a autonomními regiony Azory a Madeira. Vstupní bod k tomu, kdo kterou vrstvu vede",official,open,ogc,reference,,,,https://snig.dgterritorio.gov.pt/,pt-snig,2026-08-28
Geodata,Geoportály a NSDI,geoportal,Slovensko,SK,GKÚ / ÚGKK SR,gku.sk,"Geodetický a kartografický ústav — správce slovenských referenčních geodat: ZBGIS, ortofotomozaika, výškopis z leteckého laserového skenování a geodetické základy, s mapovými a stahovacími službami. Původní geoportal.sk sem dnes vede",official,open,ogc,reference,,,,https://www.gku.sk/gku/,sk-gku,2026-08-28
Geodata,Geoportály a NSDI,geoportal,Slovinsko,SI,e-Prostor (GURS),e-prostor.gov.si,"Portál slovinské geodetské správy — katastr nemovitostí, registr budov, adresní registr, ortofoto a výškopis, s mapovými a stahovacími službami. Slovinsko má katastr, budovy i adresy v jednom systému, což je proti sousedům úsporné",official,open,ogc,reference,,,,https://www.e-prostor.gov.si/,si-e-prostor,2026-08-28
Geodata,Geoportály a NSDI,geoportal,Španělsko,ES,IDEE — Infraestructura de Datos Espaciales de España,idee.es,"Španělská infrastruktura prostorových dat — katalog metadat a služeb státu i autonomních společenství. Španělsko má geodata z velké části na regionech, tohle je federující vrstva, přes kterou jsou dosažitelná",official,open,ogc,reference,,,,https://www.idee.es/,es-idee,2026-08-28
Geodata,Geoportály a NSDI,geoportal,Švédsko,SE,Geodata.se,geodata.se,"Švédská infrastruktura prostorových dat — katalog metadat a služeb napříč státními úřady, kraji a obcemi. Vstupní bod k tomu, kdo kterou švédskou vrstvu vede",official,open,ogc,reference,,,,https://www.geodata.se/,se-geodata,2026-08-28
Geodata,Katastr a pozemkové knihy,cadastre,Rakousko,AT,Kataster BEV,kataster.bev.gv.at,"Rakouská katastrální mapa spolkového zeměměřického úřadu — parcely s čísly, hranice, budovy a katastrální území, prohlížení zdarma. Popisná data a vlastníky vede zvlášť Grundstücksdatenbank u justice, ta je zpoplatněná",official,open,ogc,reference,,,,https://kataster.bev.gv.at/,at-bev-kataster,2026-08-28
Geodata,Katastr a pozemkové knihy,cadastre,Rakousko,AT,Grundbuch a Grundstücksdatenbank,justizonline.gv.at,"Rakouská pozemková kniha přes portál justice — vlastníci, zástavní práva, věcná břemena a plomby k jednotlivým vložkám. Náhled je zpoplatněný a účtuje se za dotaz, obvykle přes pověřené zprostředkovatele (Verrechnungsstellen)",official,paid,search,reference,,,,https://justizonline.gv.at/jop/web/home,at-grundbuch,2026-08-28
Geodata,Katastr a pozemkové knihy,cadastre,Belgie,BE,CadGIS — katastrální plán,minfin.fgov.be,"Katastrální plán vedený federální finanční správou — parcely, budovy a katastrální čísla pro celou Belgii, prohlížení zdarma. Vlastníka a hodnotu (kadastraal inkomen) ukáže jen přihlášenému vlastníkovi přes MyMinfin",official,open,ogc,reference,,,,https://www.minfin.fgov.be/myminfin-web/,be-cadgis,2026-08-28
Geodata,Katastr a pozemkové knihy,cadastre,Bulharsko,BG,"АГКК — Агенция по геодезия, картография и кадастър",cadastre.bg,"Bulharská agentura pro geodézii, kartografii a katastr — správce katastrální mapy, adresního registru a státní geodetické sítě. Mapa je veřejná; výpisy z katastru se objednávají přes portál KAIS",official,open,ogc,reference,,,,https://www.cadastre.bg/,bg-cadastre,2026-08-28
Geodata,Katastr a pozemkové knihy,cadastre,Bulharsko,BG,KAIS — kadastrálno-administrativen portal,kais.cadastre.bg,"Bulharský katastrálně-administrativní informační systém — prohlížení katastrální mapy s parcelami a budovami zdarma, **výpisy a schémata za poplatek** po registraci. Vlastnická práva vede zvlášť Imotenský registr u Registrové agentury",official,mixed,search,reference,,,,https://kais.cadastre.bg/,bg-kais,2026-08-28
Geodata,Katastr a pozemkové knihy,cadastre,Bulharsko,BG,Агенция по вписванията,registryagency.bg,"Bulharská registrová agentura — vede obchodní rejstřík, **imotenský registr (vlastnická práva k nemovitostem)** a registr osob bez majetku. Vlastnická práva jsou oddělená od katastrální mapy a výpisy z nich jsou zpoplatněné",official,mixed,search,reference,,,,https://www.registryagency.bg/,bg-registryagency,2026-08-28
Geodata,Katastr a pozemkové knihy,cadastre,Chorvatsko,HR,DGU — Državna geodetska uprava,dgu.gov.hr,"Chorvatská státní geodetická správa — katastr, adresní registr, ortofota a topografie. Katastr a pozemková kniha jsou v Chorvatsku **dva oddělené systémy**, které program Uređena zemlja propojuje; DGU vede katastr",official,open,ogc,reference,,,,https://dgu.gov.hr/,hr-dgu,2026-08-28
Geodata,Katastr a pozemkové knihy,cadastre,Chorvatsko,HR,Zajednički informacijski sustav (OSS),oss.uredjenazemlja.hr,"Společný systém katastru a pozemkové knihy — **výpis z pozemkové knihy s vlastníky a břemeny online a zdarma**, propojený s katastrální parcelou. To, co je v Rakousku nebo Itálii placené, je v Chorvatsku veřejné",official,open,search,reference,,,,https://oss.uredjenazemlja.hr/,hr-uredjenazemlja,2026-08-28
Geodata,Katastr a pozemkové knihy,cadastre,Kypr,CY,Department of Lands and Surveys — portál,portal.dls.moi.gov.cy,"Kyperský pozemkový a zeměměřický úřad — katastrální mapa, parcely a nemovitostní evidence, s prohlížečkou a mapovými službami. **Popisuje jen území pod kontrolou Kyperské republiky**; na severu ostrova se acquis neuplatňuje. Výpisy jsou zpoplatněné",official,mixed,ogc,reference,,,,https://portal.dls.moi.gov.cy/,cy-dls-portal,2026-08-28
Geodata,Katastr a pozemkové knihy,cadastre,Česko,CZ,ČÚZK — Dálkový přístup do KN,katastr.cuzk.gov.cz,"Dálkový přístup do KN — placená služba pro registrované uživatele, on-line výstupy z ISKN (LV, parcely, řízení); kořen domény dnes vede na cuzk.gov.cz/aplikace-dp",official,paid,search,history,36,14,2026-08-20,https://katastr.cuzk.gov.cz/,cz-cuzk-dalkovy-pristup-do-kn,2026-08-28
Geodata,Katastr a pozemkové knihy,cadastre,Česko,CZ,Nahlížení do KN,nahlizenidokn.cuzk.gov.cz,"Veřejné nahlížení do KN zdarma a bez registrace — parcely, budovy, jednotky, LV a vlastníci; API zde není, na strojový přístup slouží samostatné REST API na api-kn.cuzk.gov.cz",official,open,search,history,9,5,2026-06-25,https://nahlizenidokn.cuzk.gov.cz/,cz-nahlizeni-do-kn,2026-08-28
Geodata,Katastr a pozemkové knihy,cadastre,Česko,CZ,SGI Nahlížení do KN,sgi-nahlizenidokn.cuzk.gov.cz,"Grafická část — katastrální mapa, mapové služby",official,open,ogc,history,4,1,2026-06-26,https://sgi-nahlizenidokn.cuzk.gov.cz/,cz-sgi-nahlizeni-do-kn,2026-08-28
Geodata,Katastr a pozemkové knihy,cadastre,Česko,CZ,ČÚZK — Žádosti,zadosti.cuzk.gov.cz,"Žádosti o zřízení dálkového přístupu do KN, o výdej dat ve výměnném formátu ISKN (VFK) a o souhlas se šířením údajů katastru",official,registration,none,history,4,3,2026-08-06,https://zadosti.cuzk.gov.cz/,cz-cuzk-zadosti,2026-08-28
Geodata,Katastr a pozemkové knihy,cadastre,Česko,CZ,REST API dat katastru nemovitostí (ČÚZK),api-kn.cuzk.gov.cz,"Bezplatné REST API ke katastru — parcely, budovy, jednotky a řízení v JSON, po registraci přes Identitu občana nebo účet dálkového přístupu",official,open,api,reference,,,,https://api-kn.cuzk.gov.cz/,cz-rest-api-dat-katastru-nemovitosti-cuzk,2026-08-28
Geodata,Katastr a pozemkové knihy,cadastre,Dánsko,DK,Matriklen,matriklen.dk,"Dánský katastr — **parcely, jejich hranice, výměry a katastrální označení pro celé Dánsko**, jako základní registr. Geometrie je zdarma přes Dataforsyningen a Datafordeleren; vlastnická práva vede zvlášť pozemková kniha Tinglysning",official,open,api,reference,,,,https://www.matriklen.dk/,dk-matriklen,2026-08-28
Geodata,Katastr a pozemkové knihy,cadastre,Estonsko,EE,X-GIS / Maainfo,xgis.maaamet.ee,"Mapová aplikace estonského katastru — **parcely s katastrálním číslem, výměrou, účelem využití a cenou zdarma a bez přihlášení**; jméno vlastníka je chráněné. Součástí jsou i geologické, půdní a ochranné vrstvy",official,open,ogc,reference,,,,https://xgis.maaamet.ee/,ee-xgis,2026-08-28
Geodata,Katastr a pozemkové knihy,cadastre,Finsko,FI,Maanmittauslaitos,maanmittauslaitos.fi,"Finský zeměměřický úřad — **katastr, pozemková kniha, adresy, budovy, ortofota a laserové skenování**. Referenční geodata jsou od roku 2012 otevřená a zdarma; **výpisy z pozemkové knihy s vlastníkem jsou zpoplatněné**",official,mixed,api,reference,,,,https://www.maanmittauslaitos.fi/,fi-maanmittauslaitos,2026-08-28
Geodata,Katastr a pozemkové knihy,cadastre,Francie,FR,Cadastre (data.gouv.fr),cadastre.data.gouv.fr,"Francouzský katastrální plán jako otevřená data — parcely, budovy a sekce v GeoJSON a shapefile po departementech, měsíčně aktualizované. Geometrie je otevřená; vlastníky vede daňová správa a veřejné nejsou",official,open,bulk,reference,,,,https://cadastre.data.gouv.fr/,fr-cadastre-data,2026-08-28
Geodata,Katastr a pozemkové knihy,cadastre,Francie,FR,Cadastre.gouv.fr,cadastre.gouv.fr,"Oficiální prohlížečka katastrálního plánu daňové správy — vyhledání parcely podle adresy nebo čísla, výřez plánu a objednání výpisu. Údaje o vlastníkovi ukáže jen samotnému vlastníkovi",official,open,download,reference,,,,https://www.cadastre.gouv.fr/,fr-cadastre-gouv,2026-08-28
Geodata,Katastr a pozemkové knihy,cadastre,Německo,DE,AdV — Arbeitsgemeinschaft der Vermessungsverwaltungen,adv-online.de,"Sdružení zeměměřických správ spolkových zemí. **Německo nemá celostátní katastr** — vede ho šestnáct zemí, každá s vlastním portálem a cenami. AdV standardizuje datové modely ALKIS a ATKIS; odsud se dohledá, na koho se pro danou zemi obrátit",official,open,none,reference,,,,https://www.adv-online.de/de,de-adv,2026-08-28
Geodata,Katastr a pozemkové knihy,cadastre,Řecko,GR,Ελληνικό Κτηματολόγιο,ktimatologio.gr,"Řecký katastr. Řecko dokončovalo první plošný katastr teprve v posledních letech — do té doby fungovaly hypotéční knihy (υποθηκοφυλακεία). Prohlížečka parcel je veřejná, výpisy zpoplatněné. Na automat vrací 403, v prohlížeči funguje",official,mixed,ogc,reference,,,,https://www.ktimatologio.gr/,gr-ktimatologio,2026-08-28
Geodata,Katastr a pozemkové knihy,cadastre,Maďarsko,HU,Földhivatal,foldhivatal.hu,Maďarská pozemková evidence — katastrální mapa a pozemková kniha (tulajdoni lap) s vlastníky a břemeny. **Výpisy jsou zpoplatněné** a vydávají se přes systém TakarNet nebo elektronicky s přihlášením,official,paid,search,reference,,,,https://www.foldhivatal.hu/,hu-foldhivatal,2026-08-28
Geodata,Katastr a pozemkové knihy,cadastre,Maďarsko,HU,TakarNet / Földhivatal Online,takarnet.hu,"Elektronický výdej maďarských pozemkových údajů — výpisy z pozemkové knihy a katastrální mapy pro registrované uživatele, za poplatek. Bezplatný veřejný náhled na vlastníka Maďarsko nemá",official,paid,search,reference,,,,https://www.takarnet.hu/,hu-takarnet,2026-08-28
Geodata,Katastr a pozemkové knihy,cadastre,Irsko,IE,Tailte Éireann,tailte.ie,"Irský úřad vzniklý sloučením Ordnance Survey Ireland, Property Registration Authority a Valuation Office — mapy, **pozemkový rejstřík (Land Registry) a rejstřík listin**. Mapy jsou zčásti otevřené přes GeoHive, **výpisy z pozemkového rejstříku jsou zpoplatněné**",official,paid,ogc,reference,,,,https://www.tailte.ie/,ie-tailte,2026-08-28
Geodata,Katastr a pozemkové knihy,cadastre,Itálie,IT,Geoportale del Catasto,geoportale.cartografia.agenziaentrate.gov.it,Italská katastrální mapa vedená daňovou správou — parcely a budovy s katastrálními identifikátory pro celou Itálii kromě autonomních provincií Trento a Bolzano. Mapa je veřejná a má WMS; vlastnická data jsou zpoplatněná,official,open,ogc,reference,,,,https://geoportale.cartografia.agenziaentrate.gov.it/,it-catasto-geoportale,2026-08-28
Geodata,Katastr a pozemkové knihy,cadastre,Itálie,IT,Agenzia delle Entrate — katastr a nemovitosti,agenziaentrate.gov.it,"Italská daňová a katastrální správa — výpisy z katastru (visure catastali), údaje o vlastnících a **statistiky nemovitostního trhu OMI se čtvrtletními cenami za m² po zónách**. Výpisy jsou zpoplatněné, statistiky OMI veřejné",official,paid,search,reference,,,,https://www.agenziaentrate.gov.it/portale/,it-agenziaentrate,2026-08-28
Geodata,Katastr a pozemkové knihy,cadastre,Lotyšsko,LV,Kadastrs.lv,kadastrs.lv,"Lotyšský katastrální portál — **parcely, budovy, výměry, katastrální hodnota a využití zdarma**; údaje o vlastníkovi a podrobné výpisy jsou zpoplatněné. Provozuje Státní pozemková služba",official,mixed,search,reference,,,,https://www.kadastrs.lv/,lv-kadastrs,2026-08-28
Geodata,Katastr a pozemkové knihy,cadastre,Lotyšsko,LV,VZD — Valsts zemes dienests,vzd.gov.lv,"Lotyšská státní pozemková služba — správce katastru, adresního registru a evidence budov, s otevřenými datovými sadami a placenými výdejními službami",official,mixed,api,reference,,,,https://www.vzd.gov.lv/,lv-vzd,2026-08-28
Geodata,Katastr a pozemkové knihy,cadastre,Litva,LT,Registrų centras — Nekilnojamojo turto registras,registrucentras.lt,"Litevský nemovitostní registr a katastr vedený Registrų centras — parcely, budovy, vlastnická práva a věcná břemena, s mapovou prohlížečkou. Základní údaje a mapové vrstvy zdarma, **výpisy jsou zpoplatněné za dokument**. Obchodní rejstřík, adresy, insolvence a skuteční majitelé jsou u téže instituce, ale jako samostatné registry",official,mixed,api,reference,,,,https://www.registrucentras.lt/nekilnojamas-turtas/,lt-registrucentras,2026-08-28
Geodata,Katastr a pozemkové knihy,cadastre,Lucembursko,LU,Cadastre (geoportail.lu),map.geoportail.lu,"Lucemburská katastrální mapa — **parcely s čísly, výměrami a obcí, plus vrstvy budov a hranic**, veřejně a zdarma v mapové aplikaci i jako služby. Vede ji Administration du cadastre et de la topographie",official,open,ogc,reference,,,,https://map.geoportail.lu/theme/cadastre,lu-cadastre,2026-08-28
Geodata,Katastr a pozemkové knihy,cadastre,Malta,MT,Lands Authority Malta,landsauthority.org.mt,"Maltský pozemkový úřad — správa státní půdy, evidence pozemků a veřejné dražby. **Malta nemá plošný katastr** srovnatelný s kontinentálními; evidence pozemkových práv stojí na registraci listin, ne parcel",official,open,search,reference,,,,https://www.landsauthority.org.mt/,mt-landsauthority,2026-08-28
Geodata,Katastr a pozemkové knihy,cadastre,Nizozemsko,NL,Kadaster,kadaster.nl,"Nizozemský katastr — správce základních registrů BAG (adresy a budovy), BGT (velkoměřítková topografie) a BRK (parcely a vlastnická práva). Geometrie je přes PDOK zdarma, **vlastnická data z BRK jsou zpoplatněná** za dotaz",official,paid,api,reference,,,,https://www.kadaster.nl/,nl-kadaster,2026-08-28
Geodata,Katastr a pozemkové knihy,cadastre,Polsko,PL,ULDK — lokalizace parcel,uldk.gugik.gov.pl,"Usługa lokalizacji działek katastralnych — REST dotaz na geometrii parcely podle identifikátoru nebo souřadnic; službě stačí ID, příslušnou okresní bázi EGiB si najde sama a vrací WKB",official,open,api,reference,,,,https://uldk.gugik.gov.pl/,pl-uldk-lokalizace-parcel,2026-08-28
Geodata,Katastr a pozemkové knihy,cadastre,Polsko,PL,Krajowa Integracja (GUGiK),integracja.gugik.gov.pl,"Celostátně sjednocené služby nad 380 okresními bázemi — KIEG (parcely), KIUG (druhy pozemků), KINA (adresy), UUG (geokódování), KICN a RCN (ceny); k tomu validátor a monitoring okresních WMS a WFS",official,open,ogc,reference,,,,https://integracja.gugik.gov.pl/,pl-krajowa-integracja-gugik,2026-08-28
Geodata,Katastr a pozemkové knihy,cadastre,Polsko,PL,Przeglądarka ksiąg wieczystych,przegladarka-ekw.ms.gov.pl,"Veřejné nahlížení do pozemkových knih — vlastník, věcná břemena a hypotéky podle čísla KW; samotné číslo se dohledá přes EGiB nebo okresní geoportál",official,open,search,reference,,,,https://przegladarka-ekw.ms.gov.pl/,pl-przegladarka-ksiag-wieczystych,2026-08-28
Geodata,Katastr a pozemkové knihy,cadastre,Portugalsko,PT,BUPi — Balcão Único do Prédio,bupi.gov.pt,"Jednotné pozemkové okénko. **Portugalsko nemá plošný katastr** — na severu a ve vnitrozemí hranice pozemků nikdy zaměřeny nebyly a BUPi je program, kterým je vlastníci dobrovolně evidují. Vysvětluje, proč portugalské parcely v mapě chybí",official,open,none,reference,,,,https://bupi.gov.pt/,pt-bupi,2026-08-28
Geodata,Katastr a pozemkové knihy,cadastre,Rumunsko,RO,ANCPI,ancpi.ro,"Rumunská agentura pro katastr a nemovitostní publicitu — katastrální mapa, pozemková kniha a ortofota. Náhled do mapy je veřejný, **výpisy z pozemkové knihy jsou zpoplatněné**. Geoportál geoportal.ancpi.ro mimo Rumunsko neodpovídá",official,mixed,ogc,reference,,,,https://www.ancpi.ro/,ro-ancpi,2026-08-28
Geodata,Katastr a pozemkové knihy,cadastre,Slovensko,SK,ZBGIS mapový klient,zbgis.skgeodesy.sk,"Základní báze údajů geografického informačního systému — katastrální mapa, parcely, budovy, adresní body a ortofoto Slovenska v jedné prohlížečce zdarma. Vlastníka u parcely ukáže bez přihlášení, což je proti Rakousku i Německu neobvyklá otevřenost",official,open,ogc,reference,,,,https://zbgis.skgeodesy.sk/mapka/,sk-zbgis,2026-08-28
Geodata,Katastr a pozemkové knihy,cadastre,Slovensko,SK,ESKN portál (kataster),kataster.skgeodesy.sk,"Elektronické služby katastru nemovitostí — výpisy z listu vlastnictví, sledování stavu vkladových řízení a služby pro geodety. Informativní výpisy zdarma, úředně ověřené za poplatek; má i strojová rozhraní pro dávkový výdej",official,open,api,reference,,,,https://kataster.skgeodesy.sk/eskn-portal/,sk-eskn,2026-08-28
Geodata,Katastr a pozemkové knihy,cadastre,Slovinsko,SI,Kataster nepremičnin (JGP),ipi.eprostor.gov.si,"Slovinský katastr nemovitostí — **parcely, stavby a jejich části se souřadnicemi**, jako veřejné geodetické údaje zdarma ke stažení. Slovinsko sloučilo katastr pozemků a budov do jedné evidence",official,open,bulk,reference,,,,https://ipi.eprostor.gov.si/jgp/kataster,si-kataster,2026-08-28
Geodata,Katastr a pozemkové knihy,cadastre,Španělsko,ES,Sede Electrónica del Catastro,sedecatastro.gob.es,"Španělský katastr — parcely, budovy, roky výstavby, plochy a využití pro celé Španělsko kromě Baskicka a Navarry, které vedou vlastní. Nemovitostní údaje jsou veřejné zdarma; jméno vlastníka je chráněný údaj a vydává se jen při doloženém oprávněném zájmu. Má INSPIRE služby a hromadné stahování",official,open,ogc,reference,,,,https://www.sedecatastro.gob.es/,es-catastro,2026-08-28
Geodata,Katastr a pozemkové knihy,cadastre,Švédsko,SE,Lantmäteriet,lantmateriet.se,"Švédský zeměměřický úřad — **katastr (fastighetsregister), pozemková kniha, adresy, budovy, ortofota a výškopis**. Referenční geodata jsou od roku 2022 z velké části otevřená; **údaje o vlastníkovi nemovitosti jsou zpoplatněné** a jejich hromadné šíření omezené",official,mixed,api,reference,,,,https://www.lantmateriet.se/,se-lantmateriet,2026-08-28
Geodata,Adresy a územní členění,addresses,Celosvětové,GLOBAL,OpenAddresses,openaddresses.io,"Agregované otevřené adresní body globálně — živý pipeline na batch.openaddresses.io vydává týdenní kolekce po zemích a regionech v line-delimited GeoJSON, starý CSV výstup na results.openaddresses.io je zamrzlý archiv z 10/2021",ngo,open,bulk,reference,,,,https://openaddresses.io/,global-openaddresses,2026-08-28
Geodata,Adresy a územní členění,addresses,Rakousko,AT,Adressregister (BEV),bev.gv.at,"Rakouský adresní registr vedený BEV — **všechny adresy Rakouska se souřadnicemi, obcí, katastrálním územím a vazbou na budovu**, čtvrtletně a zdarma ke stažení. Podklad pro geokódování rakouských adres; část webu BEV odmítá automatické klienty",official,open,bulk,reference,,,,https://www.bev.gv.at/Services/Produkte.html,at-adressregister,2026-08-28
Geodata,Adresy a územní členění,addresses,Belgie,BE,BeST — Belgian Street and Address registry,opendata.bosa.be,"Sjednocený belgický adresní registr — **spojuje regionální zdroje CRAB (Flandry), ICAR (Valonsko) a UrbIS (Brusel) do jedné sady se souřadnicemi**, měsíčně aktualizované a zdarma ke stažení. Bez něj se belgické adresy geokódují ze tří nekompatibilních registrů",official,open,bulk,reference,,,,https://opendata.bosa.be/,be-best,2026-08-28
Geodata,Adresy a územní členění,addresses,Bulharsko,BG,ГРАО — адресен регистър,grao.bg,"Bulharská generální ředitelství GRAO — **národní klasifikátor územních jednotek (EKATTE) a adresní registr**, plus statistiky obyvatelstva po obcích a čtvrtích. EKATTE je referenční kód, na kterém stojí většina bulharských územních dat",official,open,search,reference,,,,https://www.grao.bg/,bg-grao,2026-08-28
Geodata,Adresy a územní členění,addresses,Chorvatsko,HR,Registar prostornih jedinica,geoportal.dgu.hr,"Chorvatský registr územních jednotek — **županije, obce, sídla, ulice a kućni brojevi (adresní body) se souřadnicemi**, jako mapové služby i ke stažení. Referenční územní a adresní vrstva Chorvatska",official,open,ogc,reference,,,,https://geoportal.dgu.hr/rpj,hr-rpj,2026-08-28
Geodata,Adresy a územní členění,addresses,Kypr,CY,DLS e-Services / INSPIRE geoportál,eservices.dls.moi.gov.cy,"Elektronické služby kyperského pozemkového úřadu, součástí je **INSPIRE prohlížečka s tématem Adresy**. Podle metadat samotného úřadu ale **adresní data pokrývají jen asi 4 % území Kypru** — zbytek adresován není. Kypr samostatný celostátní adresní registr nemá",official,open,ogc,reference,,,,https://eservices.dls.moi.gov.cy/,cy-dls-eservices,2026-08-28
Geodata,Adresy a územní členění,addresses,Česko,CZ,ArcČR (ARCDATA Praha),arcdata.cz,"ArcČR 4.3 — administrativní členění ČR s geometrií z RÚIAN k 1. 1. 2024 a napojenými statistikami ČSÚ a ÚAP, zdarma pod CC BY 4.0; starší ArcČR 500 v3.3 (sídla, vodstvo, doprava) je už jen archivní ke stažení",commercial,open,download,reference,,,,https://www.arcdata.cz/cs-cz/produkty/data/arccr,cz-arccr-arcdata-praha,2026-08-28
Geodata,Adresy a územní členění,addresses,Česko,CZ,RÚIAN / VDP ČÚZK,vdp.cuzk.gov.cz,"Autoritativní CZ registr adres a územní identifikace — výměnný formát, adresní body, definiční body parcel",official,open,bulk,reference,,,,https://vdp.cuzk.gov.cz/,cz-ruian-vdp-cuzk,2026-08-28
Geodata,Adresy a územní členění,addresses,Dánsko,DK,Datafordeleren,datafordeler.dk,"Distribuční platforma dánských **základních registrů** — katastr (Matriklen), adresy (DAR), budovy (BBR), obyvatelstvo a firmy, přes API a předplatné datové balíky. Účet zdarma; jedno místo pro všechny dánské referenční registry",official,registration,api,reference,,,,https://datafordeler.dk/,dk-datafordeler,2026-08-28
Geodata,Adresy a územní členění,addresses,Estonsko,EE,ADS — aadressiandmete süsteem,inaadress.maaamet.ee,"Estonský adresní systém — **vyhledání jakékoli estonské adresy se souřadnicemi, katastrální parcelou a budovou**, zdarma a s otevřeným API. Referenční adresní zdroj, na kterém stojí estonské e-služby",official,open,api,reference,,,,https://inaadress.maaamet.ee/,ee-inaadress,2026-08-28
Geodata,Adresy a územní členění,addresses,Finsko,FI,DVV — väestötietojärjestelmä,dvv.fi,"Finský registr obyvatel a budov — **autoritativní zdroj finských adres a stavebních údajů**, na který se napojuje adresní vrstva Maanmittauslaitos. Základní výdej je zpoplatněný, část dat vychází jako otevřená",official,mixed,api,reference,,,,https://dvv.fi/en/population-information-system,fi-dvv,2026-08-28
Geodata,Adresy a územní členění,addresses,Francie,FR,Base Adresse Nationale,adresse.data.gouv.fr,"Národní adresní báze Francie — přes 25 milionů adres se souřadnicemi, pod otevřenou licencí, s geokódovacím API a hromadným stahováním. Referenční adresní zdroj, na kterém stojí většina francouzských veřejných služeb",official,open,api,reference,,,,https://adresse.data.gouv.fr/,fr-ban,2026-08-28
Geodata,Adresy a územní členění,addresses,Německo,DE,Georeferenzierte Adressdaten (BKG),gdz.bkg.bund.de,"Celoněmecké adresy se souřadnicemi, sestavené BKG z dat zeměměřických správ všech šestnácti zemí — **jediná adresní sada, která pokrývá Německo jako celek**. Ke stažení; samostatný spolkový adresní registr Německo nemá",official,open,bulk,reference,,,,https://gdz.bkg.bund.de/index.php/default/georeferenzierte-adressdaten-ga.html,de-ga,2026-08-28
Geodata,Adresy a územní členění,addresses,Řecko,GR,data.gov.gr — ulice a adresy Kτηματολόγιο,data.gov.gr,"Katalog řeckých otevřených dat, kde vycházejí **názvy ulic a čísla popisná sesbíraná při zakládání Hellenic Cadastre** (tak, jak je nahlásili vlastníci). Řecko nemá jednotný adresní registr: pojmenování ulic je v gesci obcí. Samostatný geoportál geodata.gov.gr, kde vycházela silniční síť, neodpovídá",official,registration,api,reference,,,,https://data.gov.gr/dataset/,gr-data-gov-addresses,2026-08-28
Geodata,Adresy a územní členění,addresses,Maďarsko,HU,Magyarország helységnévtára (KSH),ksh.hu,"Oficiální maďarský místopisný slovník — **všechny obce a jejich části s kódy KSH, okresem, župou a statistickými údaji**, ročně aktualizovaný a ke stažení. Referenční územní číselník Maďarska. Adresy na úrovni ulic vede Központi Címregiszter (KCR), který je ale úřední evidencí bez veřejného vyhledávání",official,open,download,reference,,,,https://www.ksh.hu/apps/hntr.main,hu-helysegnevtar,2026-08-28
Geodata,Adresy a územní členění,addresses,Irsko,IE,Eircode,eircode.ie,"Irský systém poštovních kódů — **každá adresa v Irsku má vlastní sedmimístný kód**, protože irské venkovské adresy nemají čísla popisná. Vyhledání jednotlivé adresy je zdarma, **hromadná databáze ECAD je licencovaná a placená** — proto Eircode chybí v otevřených datech GeoHive",official,mixed,api,reference,,,,https://www.eircode.ie/,ie-eircode,2026-08-28
Geodata,Adresy a územní členění,addresses,Itálie,IT,ANNCSU — národní archiv ulic a čísel,anncsu.it,"Archivio Nazionale dei Numeri Civici e delle Strade Urbane, vedený ISTAT a daňovou správou — **jediný celostátní seznam italských ulic a čísel popisných**, normalizovaný napříč obcemi. Italské adresy jinak vede každá obec zvlášť",official,open,search,reference,,,,https://www.anncsu.it/,it-anncsu,2026-08-28
Geodata,Adresy a územní členění,addresses,Lotyšsko,LV,Adrešu reģistrs,vzd.gov.lv,"Lotyšský adresní registr vedený Státní pozemkovou službou — **hierarchie od obce po adresní bod, se souřadnicemi a vazbou na katastrální objekt**, s otevřenými daty ke stažení",official,open,bulk,reference,,,,https://www.vzd.gov.lv/lv/adresu-registrs,lv-adresu-registrs,2026-08-28
Geodata,Adresy a územní členění,addresses,Litva,LT,Adresų registras,registrucentras.lt,"Litevský adresní registr vedený Registrų centras — **obce, ulice, adresní body a budovy se souřadnicemi**, s otevřenými daty ke stažení. Referenční adresní vrstva Litvy",official,open,bulk,reference,,,,https://www.registrucentras.lt/adr/,lt-adr,2026-08-28
Geodata,Adresy a územní členění,addresses,Lucembursko,LU,ACT — Administration du cadastre et de la topographie,act.public.lu,"Lucemburská katastrální a topografická správa — **adresní registr, katastrální parcely, budovy a topografická data**, vydávaná jako otevřená data přes geoportál a data.public.lu. Lucembursko vede adresy centrálně u jedné instituce",official,open,bulk,reference,,,,https://act.public.lu/,lu-act,2026-08-28
Geodata,Adresy a územní členění,addresses,Malta,MT,MaltaPost Postcode Finder,maltapost.com,"Vyhledávač maltských poštovních směrovacích čísel podle lokality a ulice — **de facto referenční adresní zdroj Malty**, protože samostatný státní adresní registr neexistuje. Prostorovou stránku adres nese mapa Planning Authority",commercial,open,search,reference,,,,https://www.maltapost.com/postcode/,mt-postcode,2026-08-28
Geodata,Adresy a územní členění,addresses,Nizozemsko,NL,BAG Viewer,bagviewer.kadaster.nl,"Prohlížečka základní registrace adres a budov — pro každou nizozemskou budovu rok výstavby, plocha, účel užívání a status, zdarma a bez přihlášení. Nejpodrobnější veřejný pohled na stavební fond, jaký v EU existuje",official,open,api,reference,,,,https://bagviewer.kadaster.nl/,nl-bagviewer,2026-08-28
Geodata,Adresy a územní členění,addresses,Polsko,PL,TERYT,eteryt.stat.gov.pl,"Registr územního členění — vojvodství, okresy, gminy, sídla a ulice s kódy TERC, SIMC a ULIC; plné soubory ke stažení, obdoba českého číselníku území",official,open,download,reference,,,,https://eteryt.stat.gov.pl/eTeryt/rejestr_teryt/udostepnianie_danych/baza_teryt/uzytkownicy_indywidualni/pobieranie/pliki_pelne.aspx,pl-teryt,2026-08-28
Geodata,Adresy a územní členění,addresses,Polsko,PL,PRNG — Państwowy Rejestr Nazw Geograficznych,geoportal.gov.pl,"Autoritativní registr polských zeměpisných jmen — jména sídel, vodstva a terénních objektů se souřadnicemi, typem objektu a územním zařazením; ke stažení a jako služba přes geoportál",official,open,download,reference,,,,https://www.geoportal.gov.pl/pl/dane/panstwowy-rejestr-nazw-geograficznych-prng/,pl-prng-panstwowy-rejestr-nazw-geograficznych,2026-08-28
Geodata,Adresy a územní členění,addresses,Portugalsko,PT,Código Postal (CTT),ctt.pt,"Vyhledávání portugalských poštovních směrovacích čísel u pošty CTT — **de facto referenční adresní zdroj Portugalska**, protože samostatný státní adresní registr neexistuje. Hromadná databáze kódů je licencovaná a placená",commercial,open,search,reference,,,,https://www.ctt.pt/feapl_2/app/open/postalCodeSearch/postalCodeSearch.jspx,pt-codigo-postal,2026-08-28
Geodata,Adresy a územní členění,addresses,Rumunsko,RO,SIRUTA — číselník územních jednotek,data.gov.ro,"Rumunský registr administrativně-územních jednotek — **kraje, obce, města a vesnice s kódy SIRUTA**, jako otevřená data ke stažení. Referenční územní číselník Rumunska. Adresy na úrovni ulic má vést RENNS u ANCPI, jeho ohlašovaná adresa `renns.ancpi.ro` ale neexistuje ani v DNS; na úrovni ulic tak zbývá vyhledávač PSČ Poșta Română",official,open,bulk,reference,,,,https://data.gov.ro/dataset/siruta,ro-siruta,2026-08-28
Geodata,Adresy a územní členění,addresses,Slovensko,SK,Register adries,minv.sk,"Slovenský register adries vedený ministerstvem vnitra — **obce, ulice a súpisné i orientačné čísla se souřadnicemi**, s otevřenými daty ke stažení. Referenční adresní vrstva Slovenska; ZBGIS ji zobrazuje v mapě",official,open,bulk,reference,,,,https://www.minv.sk/?register-adries,sk-register-adries,2026-08-28
Geodata,Adresy a územní členění,addresses,Slovinsko,SI,Javni geodetski podatki (RPE),ipi.eprostor.gov.si,"Veřejné geodetické údaje GURS — **register prostorskih enot (občine, naselja, ulice) a hišne številke se souřadnicemi**, plus katastr a registr budov, zdarma ke stažení. Referenční územní a adresní vrstva Slovinska",official,open,bulk,reference,,,,https://ipi.eprostor.gov.si/jgp/,si-jgp,2026-08-28
Geodata,Adresy a územní členění,addresses,Španělsko,ES,CartoCiudad,cartociudad.es,"Španělská referenční adresní a uliční síť od IGN — **adresy se souřadnicemi, uliční síť, PSČ a administrativní jednotky**, s geokódovacím API a stahováním po provinciích. Sjednocuje data katastru, INE a obcí",official,open,api,reference,,,,https://www.cartociudad.es/,es-cartociudad,2026-08-28
Geodata,Adresy a územní členění,addresses,Švédsko,SE,Belägenhetsadresser (Lantmäteriet),lantmateriet.se,"Švédský adresní registr — **všechny švédské adresy se souřadnicemi a vazbou na nemovitost**, přes přímé API. Adresní data jsou od roku 2022 z velké části otevřená, komerční plné využití zůstává licencované",official,mixed,api,reference,,,,https://www.lantmateriet.se/sv/geodata/vara-produkter/produktlista/belagenhetsadress-direkt/,se-belagenhetsadress,2026-08-28
Geodata,"Ortofoto, výškopis, topografie",terrain,Evropská unie,EU,EGMS — pohyby zemského povrchu,egms.land.copernicus.eu,"Milimetrová měření pohybu terénu z interferometrie Sentinel-1 pro celou Evropu — poklesy nad doly a čerpanými kolektory, sesuvy, sedání staveb, s časovou řadou pro každý bod. Ke stažení po dlaždicích; u nemovitostí a liniových staveb je to jediný plošně dostupný důkaz o stabilitě podloží",intl,open,bulk,reference,,,,https://egms.land.copernicus.eu/,eu-egms,2026-08-28
Geodata,"Ortofoto, výškopis, topografie",terrain,Rakousko,AT,BEV — ALS digitální model terénu,bev.gv.at,"Výškový model celého Rakouska z leteckého laserového skenování — mřížka 1 m v GeoTIFF po dlaždicích 50×50 km, plošně a zdarma bez poplatku za km². Deklarovaná přesnost výšky kolem ±0,5 m, v horách horší; stahuje se z datového katalogu data.bev.gv.at. Server odmítá automatické klienty, v prohlížeči odpovídá",official,open,download,reference,,,,https://www.bev.gv.at/Services/Produkte/Digitales-Gelaendehoehenmodell/ALS-Hoehenraster.html,at-bev-als-dgm,2026-08-29
Geodata,"Ortofoto, výškopis, topografie",terrain,Belgie,BE,DHMV II — Digitaal Hoogtemodel Vlaanderen,download.vlaanderen.be,"Flanderský lidarový výškopis — digitální model terénu i povrchu v rozlišení 1 m, volně ke stažení po mapových listech. Valonsko a Brusel mají vlastní modely, federální výškopis pro celou Belgii neexistuje",regional,open,download,reference,,,,https://download.vlaanderen.be/product/939-digitaal-hoogtemodel-vlaanderen-ii,be-dhmv,2026-08-28
Geodata,"Ortofoto, výškopis, topografie",terrain,Bulharsko,BG,INSPIRE Bulharsko — výškopis a ortofoto,inspireportal.egov.bg,"Katalog bulharské infrastruktury prostorových dat. Pod tématem Elevation tu leží digitální model terénu, vrstevnice, výškové body i grid, pod Orthoimagery ortofoto; většina záznamů nese WMS 1.3.0 a WFS a je tu i stahovací služba pro ortofoto a DEM. Vydavateli jsou agentura AGKK a Vojenská geografická služba.",official,open,ogc,reference,,,,https://inspireportal.egov.bg/geonetwork/srv/eng/catalog.search,bg-inspire-vyskopis,2026-08-30
Geodata,"Ortofoto, výškopis, topografie",terrain,Chorvatsko,HR,Digitalni ortofoto (DGU),geoportal.dgu.hr,"Chorvatská digitální ortofotomozaika — **celostátní letecké snímky ve více generacích s rozlišením 10 až 50 cm**, jako mapová služba i ke stažení. Podklad pro porovnání stavu území v čase",official,open,ogc,reference,,,,https://geoportal.dgu.hr/dof,hr-dof,2026-08-28
Geodata,"Ortofoto, výškopis, topografie",terrain,Kypr,CY,DLS — topografická mapa Kypru,eservices.dls.moi.gov.cy,"Kyperská topografická mapa jako služba pozemkového a zeměměřického úřadu: silniční síť, správní hranice, výškové údaje, hydrografie, vrcholy hor a body zájmu. ArcGIS REST bez klíče, umí dotazování i výdej dat, ale **WMS na ní není** — kdo čeká OGC službu, nedostane ji. Prohlížečkou je INSPIRE geoportál na eservices.dls.moi.gov.cy.",official,open,api,reference,,,,https://eservices.dls.moi.gov.cy/arcgis/rest/services/National/Topography_GR/MapServer,cy-dls-topografie,2026-08-30
Geodata,"Ortofoto, výškopis, topografie",terrain,Česko,CZ,ČÚZK — Stahovací služby ATOM,atom.cuzk.gov.cz,"ATOM feedy ČÚZK pro dávkové stahování po mapových listech — ortofoto, katastrální mapa, RÚIAN a INSPIRE témata bezúplatně pod CC BY 4.0, skriptovatelná alternativa k eShopu",official,open,ogc,reference,,,,https://atom.cuzk.gov.cz/,cz-cuzk-stahovaci-sluzby-atom,2026-08-28
Geodata,"Ortofoto, výškopis, topografie",terrain,Dánsko,DK,Danmarks Højdemodel (DHM),dataforsyningen.dk,"Dánský výškopis z laserového skenování — **modely terénu a povrchu v rozlišení 0,4 m a bodová mračna pro celé Dánsko**, zdarma přes token Dataforsyningen. Podklad pro dánské záplavové a odtokové mapy",official,registration,bulk,reference,,,,https://dataforsyningen.dk/data/930,dk-dhm,2026-08-28
Geodata,"Ortofoto, výškopis, topografie",terrain,Estonsko,EE,Maa-amet — výšková data (LiDAR),geoportaal.maaamet.ee,"Výšková data z leteckého skenování pro celé Estonsko — surové mračno bodů v LAZ 1.4 po čtverečních kilometrech a odvozené modely terénu i povrchu v rozlišení 1, 5, 10 a 25 m jako GeoTIFF. Zdarma pod estonskou otevřenou licencí a bez registrace",official,open,download,reference,,,,https://geoportaal.maaamet.ee/eng/spatial-data/elevation-data-p308.html,ee-maaamet-korgusandmed,2026-08-29
Geodata,"Ortofoto, výškopis, topografie",terrain,Finsko,FI,Laserkeilausaineisto (MML),maanmittauslaitos.fi,"Finská data leteckého laserového skenování — **bodová mračna 5 bodů/m² z národního programu, zdarma a pod otevřenou licencí**. Finsko skenuje celé území v šestiletém cyklu",official,open,bulk,reference,,,,https://www.maanmittauslaitos.fi/en/maps-and-spatial-data/datasets-and-interfaces/product-descriptions/laser-scanning-data-05-p,fi-laserkeilaus,2026-08-28
Geodata,"Ortofoto, výškopis, topografie",terrain,Francie,FR,RGE ALTI (IGN),cartes.gouv.fr,"Francouzský referenční model terénu — **mřížka 1 m a 5 m pro celou Francii včetně zámoří, zdarma pod otevřenou licencí** od otevření dat IGN v roce 2021. Doplňuje ho program LiDAR HD s bodovými mračny",official,open,bulk,reference,,,,https://cartes.gouv.fr/rechercher-une-donnee/dataset/IGNF_RGE-ALTI,fr-rge-alti,2026-08-28
Geodata,"Ortofoto, výškopis, topografie",terrain,Německo,DE,Digitale Geländemodelle (BKG),gdz.bkg.bund.de,"Celoněmecké digitální modely terénu od spolkového kartografického úřadu — DGM v rozlišení od 5 do 200 m, pod otevřenou licencí dl-de/by-2-0. Podrobnější lidar drží jednotlivé spolkové země samostatně",official,open,download,reference,,,,https://gdz.bkg.bund.de/index.php/default/digitale-geodaten/digitale-gelandemodelle.html,de-bkg-dgm,2026-08-28
Geodata,"Ortofoto, výškopis, topografie",terrain,Maďarsko,HU,Lechner — DDM5 model terénu a ortofota,lechnerkozpont.hu,Maďarský státní výškový model DDM5 a k němu ortofota z leteckého snímkování — z roku 2025 pokrytí zhruba 40 000 km² středního Maďarska v rozlišení 40 cm/px. Aktuální data se kupují přes geoshop.hu; archivní snímky starší deseti let jdou pro výuku a výzkum vyžádat zdarma,official,paid,download,reference,,,,https://lechnerkozpont.hu/oldal/domborzatmodell,hu-lechner-domborzatmodell,2026-08-29
Geodata,"Ortofoto, výškopis, topografie",terrain,Irsko,IE,Open Topographic LiDAR Data,data.gov.ie,"Volně dostupná výšková data z leteckého skenování Irska, sesbíraná sedmi státními organizacemi a shromážděná Geologickou službou. Pokrytí je částečné, ne celostátní — to je u irského výškopisu podstatné omezení, se kterým je potřeba počítat dopředu",official,open,download,reference,,,,https://data.gov.ie/dataset/open-topographic-lidar-data,ie-open-topographic-lidar,2026-08-29
Geodata,"Ortofoto, výškopis, topografie",terrain,Itálie,IT,TINITALY (INGV),tinitaly.pi.ingv.it,"Digitální model terénu celé Itálie v rozlišení 10 m, sestavený INGV — **jediný volně dostupný celostátní italský výškopis**, protože podrobnější LiDAR data vedou regiony a ministerstvo životního prostředí odděleně",research,open,bulk,reference,,,,https://tinitaly.pi.ingv.it/,it-tinitaly,2026-08-28
Geodata,"Ortofoto, výškopis, topografie",terrain,Lotyšsko,LV,Digitālais augstuma modelis (LĢIA),lgia.gov.lv,"Lotyšský digitální výškový model z leteckého laserového skenování — modely terénu i povrchu a bodová mračna pro celé Lotyšsko. Část produktů je otevřená, podrobnější varianty zpoplatněné",official,mixed,bulk,reference,,,,https://www.lgia.gov.lv/lv/digitalais-augstuma-modelis,lv-dam,2026-08-28
Geodata,"Ortofoto, výškopis, topografie",terrain,Litva,LT,ORT10LT — ortofotografická mapa,data.gov.lt,"Národní ortofotomapa Litvy v měřítku 1:10 000 na portálu otevřených dat — čtyři kanály R G B NIR, velikost pixelu 0,25 m a deklarovaná polohová chyba do 0,5 m. Ke stažení po listech v TIFF a MrSID; podkladem jejího zpracování je model terénu z laserového skenování",official,open,download,reference,,,,https://data.gov.lt/datasets/2564/,lt-ort10lt,2026-08-29
Geodata,"Ortofoto, výškopis, topografie",terrain,Lucembursko,LU,LiDAR 2019 — Modèle numérique de terrain,data.public.lu,"Lucemburský lidarový model terénu z náletu 2019 v rozlišení 0,5 m, celé území ke stažení jako otevřená data. Ke stejnému náletu existuje i model povrchu a klasifikované mračno bodů",official,open,download,reference,,,,https://data.public.lu/en/datasets/lidar-2019-modele-numerique-de-terrain-mnt/,lu-lidar-mnt,2026-08-28
Geodata,"Ortofoto, výškopis, topografie",terrain,Malta,MT,Planning Authority — mapové služby,mapserver.pa.org.mt,"Adresář mapových služeb maltského Planning Authority. Složka Orthos nese ortofota z let 1968, 1978 a 2025, složka ElevationData vrstevnice a výšková data; vedle nich jsou topografické průzkumy a mračno bodů 3D. Služby jsou ArcGIS REST bez klíče a bez registrace, ale skriptu odpovídají 403 — v prohlížeči se čtou normálně. Prohlížečka nad nimi stojí na pamapserver.pa.org.mt. Metadatový katalog MSDI je vedle toho rozbitý: jeho GeoNetwork padá při startu na NullPointerException.",official,open,api,reference,,,,https://mapserver.pa.org.mt/hosting/rest/services,mt-pa-mapove-sluzby,2026-08-30
Geodata,"Ortofoto, výškopis, topografie",terrain,Nizozemsko,NL,AHN — Actueel Hoogtebestand Nederland,ahn.nl,"Výškopis Nizozemska z leteckého laserového skenování — **bodová mračna a modely terénu i povrchu v rozlišení 0,5 m pro celou zemi, zdarma**, s několika generacemi pro porovnání v čase. Jeden z nejhustších národních výškopisů na světě",official,open,bulk,reference,,,,https://www.ahn.nl/,nl-ahn,2026-08-28
Geodata,"Ortofoto, výškopis, topografie",terrain,Polsko,PL,Numeryczny model terenu (GUGiK),geoportal.gov.pl,"Numerický model terénu pro celé Polsko ze státního geodetického fondu — od roku 2020 volně ke stažení, vedle něj model pokrytí terénu (NMPT) a ortofotomapa. Kromě dlaždic jde odebírat i službou WCS, takže se dá zpracovat bez ručního stahování",official,open,download,reference,,,,https://www.geoportal.gov.pl/en/data/digital-elevation-model-dem/,pl-gugik-nmt,2026-08-29
Geodata,"Ortofoto, výškopis, topografie",terrain,Portugalsko,PT,DGT — LiDAR a modely reliéfu,dgterritorio.gov.pt,"Letecké laserové skenování pevninského Portugalska a z něj odvozené digitální modely terénu, vedle starších pobřežních modelů v rozlišení 1 a 2 m z roku 2011. Stahuje se z datového centra DGT; pro QGIS existuje oficiální zásuvný modul CDD Downloader",official,open,download,reference,,,,https://www.dgterritorio.gov.pt/levantamento-lidar-de-portugal-continental-0,pt-dgt-lidar,2026-08-29
Geodata,"Ortofoto, výškopis, topografie",terrain,Slovensko,SK,GKÚ — výškové modely a ortofotomozaika,skgeodesy.sk,"Výškové modely a ortofotomozaika celého Slovenska zdarma pod CC BY 4.0 — DMR 5.0 a DMP 1.0 v rozlišení 1 m z prvního cyklu leteckého skenování, DMR 6.0 a DMP 2.0 v 0,5 m z druhého, a tři cykly ortofotomozaiky od roku 2017. Klasifikovaná mračna bodů jen na požádání",official,open,download,reference,,,,https://www.skgeodesy.sk/gku/produkty-sluzby/na-stiahnutie/zbgis.html,sk-gku-na-stiahnutie,2026-08-29
Geodata,"Ortofoto, výškopis, topografie",terrain,Slovinsko,SI,Lidar (JGP),ipi.eprostor.gov.si,"Slovinská data leteckého laserového skenování — **bodová mračna a model terénu 1 m pro celé Slovinsko, zdarma ke stažení po blocích**. Slovinsko naskenovalo celé území jako jeden z prvních států v EU",official,open,bulk,reference,,,,https://ipi.eprostor.gov.si/jgp/lidar,si-lidar,2026-08-28
Geodata,"Ortofoto, výškopis, topografie",terrain,Španělsko,ES,PNOA-LiDAR (CNIG),centrodedescargas.cnig.es,"Španělská data leteckého laserového skenování — **bodová mračna a modely terénu pro celé Španělsko ve dvou až třech generacích**, zdarma ke stažení po listech. Ortofota PNOA jsou v témže centru",official,open,bulk,reference,,,,https://centrodedescargas.cnig.es/CentroDescargas/lidar,es-cnig-lidar,2026-08-28
Geodata,"Ortofoto, výškopis, topografie",terrain,Švédsko,SE,Markhöjdmodell (Lantmäteriet),lantmateriet.se,"Švédský model terénu z laserového skenování — **mřížka 1 m pro celé Švédsko, zdarma ke stažení** pod otevřenou licencí. Součást otevření švédských geodat z roku 2022",official,open,bulk,reference,,,,https://www.lantmateriet.se/sv/geodata/vara-produkter/produktlista/markhojdmodell-nedladdning/,se-markhojdmodell,2026-08-28
Geodata,"Životní prostředí, geologie, rizika",environment,Evropská unie,EU,EEA Datahub,eea.europa.eu,"Datový uzel Evropské agentury pro životní prostředí — kvalita ovzduší a vod, emise, hluk, půdní pokryv, chráněná území a klimatické indikátory pro celou EU a EHP, s reportingem podle jednotlivých směrnic. Sady ke stažení, každá s vlastní datovou specifikací",intl,open,bulk,reference,,,,https://www.eea.europa.eu/en/datahub,eu-eea-datahub,2026-08-28
Geodata,"Životní prostředí, geologie, rizika",environment,Evropská unie,EU,EEA SDI — katalog prostorových dat,sdi.eea.europa.eu,"Katalog prostorových dat EEA — metadata a přímé WMS/WFS služby k evropským vrstvám (Natura 2000, říční síť ECRINS, hluková mapa, urbanistický atlas). Odsud se berou endpointy, když je potřeba evropskou vrstvu zapojit do vlastní mapy místo stahování",intl,open,ogc,reference,,,,https://sdi.eea.europa.eu/,eu-eea-sdi,2026-08-28
Geodata,"Životní prostředí, geologie, rizika",environment,Evropská unie,EU,EFFIS — lesní požáry,forest-fire.emergency.copernicus.eu,"Evropský systém sledování lesních požárů — denní mapy nebezpečí, aktivní ohniska z družic, spálené plochy a sezónní statistiky po zemích a regionech od roku 2000. Data přes WMS/WFS a REST rozhraní, registrace jen pro některé archivní sady",intl,open,api,reference,,,,https://forest-fire.emergency.copernicus.eu/,eu-effis,2026-08-28
Geodata,"Životní prostředí, geologie, rizika",environment,Evropská unie,EU,EFAS — evropská povodňová výstraha,european-flood.emergency.copernicus.eu,"Celoevropská predikce povodní s předstihem až deseti dnů — pravděpodobnostní výstrahy po povodích, průtoky a stav půdní vláhy. Mapová aplikace je veřejná, plný přístup k datům a archivu přes účet u Copernicus Emergency Management Service",intl,registration,api,reference,,,,https://european-flood.emergency.copernicus.eu/,eu-efas,2026-08-28
Geodata,"Životní prostředí, geologie, rizika",environment,Evropská unie,EU,European Drought Observatory,drought.emergency.copernicus.eu,"Sucho v Evropě v indikátorech — srážkový deficit, vlhkost půdy, stav vegetace z družic a kombinovaný indikátor sucha v desetidenním kroku. Mapy ke stažení i časové řady po regionech; podklad pro posouzení rizika u zemědělských a vodohospodářských aktiv",intl,open,download,reference,,,,https://drought.emergency.copernicus.eu/,eu-edo,2026-08-28
Geodata,"Životní prostředí, geologie, rizika",environment,Evropská unie,EU,Copernicus Marine Service,marine.copernicus.eu,"Stav a předpověď evropských a světových moří — hladina, proudy, teplota, salinita, mořský led a biogeochemie, analýzy i reanalýzy desítky let zpět. Stahování přes vlastní klienta a API, účet zdarma",intl,registration,api,reference,,,,https://marine.copernicus.eu/,eu-copernicus-marine,2026-08-28
Geodata,"Životní prostředí, geologie, rizika",environment,Evropská unie,EU,Industrial Emissions Portal (EEA),industry.eea.europa.eu,"Nástupce E-PRTR — emise do ovzduší, vody a půdy hlášené jednotlivými průmyslovými provozovnami v EU, dohledatelné podle firmy, adresy i látky, včetně povolení a inspekcí. Pro prověrku protistrany je to nejpřímější veřejný doklad o environmentální zátěži konkrétního závodu",intl,open,bulk,reference,,,,https://industry.eea.europa.eu/,eu-industrial-emissions,2026-08-28
Geodata,"Životní prostředí, geologie, rizika",environment,Evropská unie,EU,ESDAC — evropská půdní data,esdac.jrc.ec.europa.eu,"Evropské centrum půdních dat (JRC) — mapy typů půd, eroze, obsahu uhlíku, kontaminace a zhutnění v harmonizované evropské vrstvě. Většina sad je zdarma po vyplnění formuláře s účelem použití",intl,registration,download,reference,,,,https://esdac.jrc.ec.europa.eu/,eu-esdac,2026-08-28
Geodata,"Životní prostředí, geologie, rizika",environment,Celosvětové,GLOBAL,HydroSHEDS,hydrosheds.org,"Globální hydrologická data odvozená z DEM — říční sítě, hierarchická povodí a jezera ve standardních GIS formátech; verze 2 z TanDEM-X zatím jen pro Ameriku, globální pokrytí se dokončuje",research,open,bulk,reference,,,,https://www.hydrosheds.org/,global-hydrosheds,2026-08-28
Geodata,"Životní prostředí, geologie, rizika",environment,Celosvětové,GLOBAL,Protected Planet (WDPA),protectedplanet.net,"WDPA a WDOECM od UNEP-WCMC a IUCN — polygony a body přes 300 tisíc chráněných území a OECM celého světa, měsíční aktualizace, hromadné stahování i API",intl,open,bulk,reference,,,,https://www.protectedplanet.net/,global-protected-planet-wdpa,2026-08-28
Geodata,"Životní prostředí, geologie, rizika",environment,Rakousko,AT,GeoSphere Austria — geologické mapy,gis.geosphere.at,"Mapový server GeoSphere Austria, do níž se v roce 2023 sloučila Geologische Bundesanstalt — geologické a hydrogeologické mapy, nerostné suroviny, geohazardy a vrty, jako prohlížečka i WMS. Původní geologie.ac.at už neodpovídá",official,open,ogc,reference,,,,https://gis.geosphere.at/,at-geosphere-gis,2026-08-28
Geodata,"Životní prostředí, geologie, rizika",environment,Rakousko,AT,eHYD,ehyd.gv.at,"Hydrografická data Rakouska — průtoky, vodní stavy, hladiny podzemní vody a srážky z měrných stanic, včetně dlouhých historických řad a návrhových srážek. Ke stažení po stanicích; podklad pro posouzení povodňového rizika lokality",official,open,download,reference,,,,https://ehyd.gv.at/,at-ehyd,2026-08-28
Geodata,"Životní prostředí, geologie, rizika",environment,Rakousko,AT,Umweltbundesamt,umweltbundesamt.at,"Rakouská agentura pro životní prostředí — kvalita ovzduší a vod, emisní inventury, kontaminovaná místa (Altlastenatlas) a monitoring půd. Evidence starých ekologických zátěží je při prověrce průmyslového pozemku zásadní údaj",official,open,download,reference,,,,https://www.umweltbundesamt.at/,at-umweltbundesamt,2026-08-28
Geodata,"Životní prostředí, geologie, rizika",environment,Belgie,BE,IRCEL — kvalita ovzduší,irceline.be,"Belgická meziregionální buňka pro životní prostředí — hodinová data o kvalitě ovzduší ze všech měřicích stanic v zemi, modelové mapy koncentrací a předpovědi smogu, s otevřeným rozhraním. Jediné místo, kde jsou belgická data o ovzduší pohromadě",official,open,api,reference,,,,https://www.irceline.be/en,be-irceline,2026-08-28
Geodata,"Životní prostředí, geologie, rizika",environment,Bulharsko,BG,ИАОС — Изпълнителна агенция по околна среда,eea.government.bg,"Bulharská výkonná agentura pro životní prostředí — kvalita ovzduší a vod v reálném čase, emisní registry, odpady a monitoring biodiverzity, s daty ke stažení",official,open,download,reference,,,,https://eea.government.bg/,bg-eea,2026-08-28
Geodata,"Životní prostředí, geologie, rizika",environment,Bulharsko,BG,МОСВ — Министерство на околната среда и водите,moew.government.bg,"Bulharské ministerstvo životního prostředí a vod — posuzování vlivů EIA, integrovaná povolení, chráněná území Natura 2000 a vodní hospodářství. U průmyslových záměrů veřejný spis o povolování",official,open,search,reference,,,,https://www.moew.government.bg/,bg-moew,2026-08-28
Geodata,"Životní prostředí, geologie, rizika",environment,Chorvatsko,HR,Ministarstvo zaštite okoliša,mingo.gov.hr,"Chorvatské ministerstvo ochrany životního prostředí a zelené transformace — **posuzování vlivů, integrovaná povolení, odpady, chráněná území a emisní registry**. Starší doména mzoe.gov.hr sem vede",official,open,search,reference,,,,https://mingo.gov.hr/,hr-mingo,2026-08-28
Geodata,"Životní prostředí, geologie, rizika",environment,Chorvatsko,HR,Zavod za zaštitu okoliša i prirode,haop.hr,"Chorvatský ústav ochrany životního prostředí a přírody — **bioportal s chráněnými územími a stanovišti, katastr znečišťovatelů a environmentální monitoring**, s mapovými službami",official,open,ogc,reference,,,,https://haop.hr/,hr-haop,2026-08-28
Geodata,"Životní prostředí, geologie, rizika",environment,Kypr,CY,"Ministry of Agriculture, Rural Development and Environment",gov.cy,"Kyperské ministerstvo zemědělství a životního prostředí — **meteorologická služba, vodní hospodářství, lesy, geologický průzkum a posuzování vlivů**. Na Kypru spadá většina environmentální agendy pod tenhle jeden resort",official,open,search,reference,,,,https://www.gov.cy/moa/,cy-moa,2026-08-28
Geodata,"Životní prostředí, geologie, rizika",environment,Česko,CZ,DIBAVOD (VÚV TGM),dibavod.cz,"Digitální báze vodohospodářských dat — povodí, vodní toky, nádrže",research,open,download,reference,,,,https://www.dibavod.cz/,cz-dibavod-vuv-tgm,2026-08-28
Geodata,"Životní prostředí, geologie, rizika",environment,Česko,CZ,AOPK — Ochrana přírody,gis-aopkcr.opendata.arcgis.com,"Chráněná území, Natura 2000, biotopy jako open data",official,open,api,reference,,,,https://gis-aopkcr.opendata.arcgis.com/,cz-aopk-ochrana-prirody,2026-08-28
Geodata,"Životní prostředí, geologie, rizika",environment,Česko,CZ,LPIS — veřejný registr půdy (MZe),mze.gov.cz,"Zemědělské půdní bloky, využití půdy, WMS/WFS",official,open,ogc,reference,,,,https://mze.gov.cz/public/app/lpisext/lpis/verejny2/plpis/,cz-lpis-verejny-registr-pudy-mze,2026-08-28
Geodata,"Životní prostředí, geologie, rizika",environment,Česko,CZ,Česká geologická služba,cgs.gov.cz,"Geologické, hydrogeologické a půdní mapy, sesuvy, poddolování",official,open,ogc,reference,,,,https://cgs.gov.cz/mapy-a-data,cz-ceska-geologicka-sluzba,2026-08-28
Geodata,"Životní prostředí, geologie, rizika",environment,Česko,CZ,Půda v mapách (VÚMOP),mapy.vumop.cz,"Mapový server VÚMOP — ohroženost vodní a větrnou erozí (SEO/MEO pro DZES 5), vlastnosti půd odvozené z BPEJ, třídy ochrany ZPF a zranitelnost podzemních vod",research,open,ogc,reference,,,,https://mapy.vumop.cz/,cz-puda-v-mapach-vumop,2026-08-28
Geodata,"Životní prostředí, geologie, rizika",environment,Česko,CZ,Informační systém EIA/SEA (CENIA),portal.cenia.cz,"Posuzování vlivů záměrů na životní prostředí — dokumentace, posudky a stanoviska ke všem záměrům v ČR, dohledatelné podle názvu, kraje a oznamovatele. U developerských a průmyslových projektů je to nejúplnější veřejný spis o tom, co se kde plánuje",official,open,search,reference,,,,https://portal.cenia.cz/eiasea/view/eia100_cr,cz-eia-sea,2026-08-28
Geodata,"Životní prostředí, geologie, rizika",environment,Dánsko,DK,MiljøGIS,miljoegis.mim.dk,"Mapový portál dánského ministerstva životního prostředí — chráněná území, vodní plány, **kontaminované lokality**, ochranné zóny a přírodní hodnoty, jako mapy i WMS. U dánského pozemku hlavní zdroj environmentálních omezení",official,open,ogc,reference,,,,https://miljoegis.mim.dk/,dk-miljoegis,2026-08-28
Geodata,"Životní prostředí, geologie, rizika",environment,Dánsko,DK,Miljøstyrelsen,mst.dk,"Dánská agentura pro ochranu životního prostředí — environmentální povolení průmyslových provozoven, emisní registry, odpady a chemikálie, s daty ke stažení",official,open,download,reference,,,,https://mst.dk/,dk-mst,2026-08-28
Geodata,"Životní prostředí, geologie, rizika",environment,Estonsko,EE,Keskkonnaportaal,keskkonnaportaal.ee,"Estonský environmentální portál — chráněná území, lesní registr, vodní hospodářství, **environmentální povolení a znečišťující provozovny**, s mapami a daty",official,open,ogc,reference,,,,https://keskkonnaportaal.ee/,ee-keskkonnaportaal,2026-08-28
Geodata,"Životní prostředí, geologie, rizika",environment,Finsko,FI,SYKE — Suomen ympäristökeskus,syke.fi,"Finský ústav životního prostředí — **otevřená environmentální data: vodstvo, chráněná území, zábor půdy, emise a znečišťující provozovny**, přes API a mapové služby. Finsko vydává environmentální data plošně jako otevřená",official,open,api,reference,,,,https://www.syke.fi/,fi-syke,2026-08-28
Geodata,"Životní prostředí, geologie, rizika",environment,Francie,FR,Géorisques,georisques.gouv.fr,"Rizika k francouzské adrese — záplavy, sesuvy, seismika, poddolování, radon, průmyslové havárie SEVESO a kontaminovaná místa, s API a exportem. Povinná příloha při prodeji nemovitosti se generuje odsud",official,open,api,reference,,,,https://www.georisques.gouv.fr/,fr-georisques,2026-08-28
Geodata,"Životní prostředí, geologie, rizika",environment,Francie,FR,InfoTerre (BRGM),infoterre.brgm.fr,"Geovědní portál francouzské geologické služby — geologické mapy, vrty, podzemní vody, poddolování a staré doly, jako prohlížečka i WMS. U pozemkových transakcí ukáže, co je pod povrchem",official,open,ogc,reference,,,,https://infoterre.brgm.fr/,fr-infoterre,2026-08-28
Geodata,"Životní prostředí, geologie, rizika",environment,Francie,FR,Hub'Eau,hubeau.eaufrance.fr,"Rozhraní k francouzským vodním datům — hladiny a průtoky v reálném čase, kvalita povrchových i podzemních vod, odběry a čistírny, všechno přes REST API. Sjednocuje data, která vedou různé vodní agentury",official,open,api,reference,,,,https://hubeau.eaufrance.fr/,fr-hubeau,2026-08-28
Geodata,"Životní prostředí, geologie, rizika",environment,Německo,DE,BGR GeoViewer,geoviewer.bgr.de,"Mapová prohlížečka Spolkového ústavu pro geovědy a suroviny — geologie, hydrogeologie, půdy, nerostné suroviny, seismika a úložiště, jako vrstvy i WMS. Web ústavu samotný vyžaduje cookie kontrolu a automatu neodpoví, prohlížečka ano",official,open,ogc,reference,,,,https://geoviewer.bgr.de/,de-bgr-geoviewer,2026-08-28
Geodata,"Životní prostředí, geologie, rizika",environment,Německo,DE,BGR Produktcenter,produktcenter.bgr.de,"Stahovací služba BGR — geologické a půdní datové sady, mapy surovin a podzemních vod v GIS formátech, většinou zdarma po odsouhlasení licence. Doplněk k prohlížečce, když jsou potřeba data, ne obrázek",official,open,download,reference,,,,https://produktcenter.bgr.de/,de-bgr-produktcenter,2026-08-28
Geodata,"Životní prostředí, geologie, rizika",environment,Německo,DE,Umweltbundesamt — data,umweltbundesamt.de,"Datová část německé agentury pro životní prostředí — kvalita ovzduší v hodinovém kroku, emise skleníkových plynů, odpady, vody a indikátory udržitelnosti, s API pro měřicí síť. Referenční čísla pro německou environmentální agendu",official,open,download,reference,,,,https://www.umweltbundesamt.de/daten,de-uba-daten,2026-08-28
Geodata,"Životní prostředí, geologie, rizika",environment,Německo,DE,THRU.DE — registr emisí,thru.de,"Německá část evropského registru úniků a přenosů znečišťujících látek — emise a odpady hlášené jednotlivými provozovnami, dohledatelné podle firmy, adresy i látky, s daty ke stažení. U prověrky průmyslového areálu přímý doklad o zátěži",official,open,bulk,reference,,,,https://www.thru.de/,de-thru,2026-08-28
Geodata,"Životní prostředí, geologie, rizika",environment,Řecko,GR,ΟΑΣΠ — Οργανισμός Αντισεισμικού Σχεδιασμού,oasp.gr,"Řecká organizace pro protiseismické plánování — seismická rajonizace, normy pro stavby a informace o zemětřeseních. V Řecku je seismická zóna vstupem do stavebního práva a k prověrce nemovitosti patří",official,open,download,reference,,,,https://www.oasp.gr/,gr-oasp,2026-08-28
Geodata,"Životní prostředí, geologie, rizika",environment,Maďarsko,HU,OKIR — Országos Környezetvédelmi Információs Rendszer,web.okir.hu,"Maďarský celostátní environmentální informační systém — **emise do ovzduší a vody po provozovnách, odpady, kontaminovaná místa a hlukové mapy**, dohledatelné podle firmy i lokality. U prověrky maďarského průmyslového areálu přímý doklad",official,open,search,reference,,,,https://web.okir.hu/,hu-okir,2026-08-28
Geodata,"Životní prostředí, geologie, rizika",environment,Maďarsko,HU,Vízügy — hydrologická data,vizugy.hu,"Maďarská vodohospodářská správa — **vodní stavy a průtoky v reálném čase, povodňové výstrahy, podzemní vody a záplavová území**. U pozemku v povodí Dunaje nebo Tisy relevantní údaj",official,open,download,reference,,,,https://www.vizugy.hu/,hu-vizugy,2026-08-28
Geodata,"Životní prostředí, geologie, rizika",environment,Irsko,IE,EPA Ireland,epa.ie,"Irská agentura pro životní prostředí — **licencované průmyslové provozovny a jejich emise**, kvalita ovzduší a vod v reálném čase, odpady, radon a mapy. Licenční databáze je při prověrce průmyslového areálu přímý doklad",official,open,api,reference,,,,https://www.epa.ie/,ie-epa,2026-08-28
Geodata,"Životní prostředí, geologie, rizika",environment,Itálie,IT,ISPRA,isprambiente.gov.it,"Italský ústav pro ochranu a výzkum životního prostředí — sesuvy (IFFI), zábor půdy, kvalita ovzduší a vod, emisní registry a chráněná území. Mapa sesuvů je u italské nemovitosti relevantní údaj",official,open,download,reference,,,,https://www.isprambiente.gov.it/,it-ispra,2026-08-28
Geodata,"Životní prostředí, geologie, rizika",environment,Itálie,IT,INGV — seismika a vulkanologie,ingv.it,"Národní ústav geofyziky a vulkanologie — katalog zemětřesení v reálném čase, seismické riziko podle území a monitoring sopek, s otevřenými daty a API. V Itálii je seismická klasifikace obce vstupem do stavebního práva",official,open,api,reference,,,,https://www.ingv.it/,it-ingv,2026-08-28
Geodata,"Životní prostředí, geologie, rizika",environment,Lotyšsko,LV,LVĢMC — Vides centrs,videscentrs.lvgmc.lv,"Lotyšské středisko životního prostředí, geologie a meteorologie — kvalita ovzduší a vod, hydrologie, geologie, **emisní registry a znečišťující provozovny**, s daty ke stažení",official,open,download,reference,,,,https://videscentrs.lvgmc.lv/,lv-videscentrs,2026-08-28
Geodata,"Životní prostředí, geologie, rizika",environment,Litva,LT,Aplinkos apsaugos agentūra,aaa.lrv.lt,"Litevská agentura ochrany životního prostředí — **kvalita ovzduší a vod, emisní registry, odpady, posuzování vlivů a povolení**. Na automat vrací 403, v prohlížeči funguje",official,open,download,reference,,,,https://aaa.lrv.lt/,lt-aaa,2026-08-28
Geodata,"Životní prostředí, geologie, rizika",environment,Lucembursko,LU,Environnement.public.lu,environnement.public.lu,"Lucemburský environmentální portál — **posuzování vlivů, environmentální povolení, chráněná území, kvalita ovzduší a vod a odpady**. Doména emwelt.lu sem vede",official,open,search,reference,,,,https://environnement.public.lu/,lu-environnement,2026-08-28
Geodata,"Životní prostředí, geologie, rizika",environment,Malta,MT,ERA — Environment and Resources Authority,era.org.mt,"Maltský úřad pro životní prostředí — posuzování vlivů, chráněná území, kvalita ovzduší a vod, odpady a environmentální povolení. Na automat vrací 403, v prohlížeči funguje",official,open,search,reference,,,,https://era.org.mt/,mt-era,2026-08-28
Geodata,"Životní prostředí, geologie, rizika",environment,Nizozemsko,NL,Atlas Leefomgeving,atlasleefomgeving.nl,"Atlas životního prostředí — hluk, kvalita ovzduší, půdní kontaminace, externí bezpečnost a rizika, po adresách a mapových vrstvách. U nizozemské nemovitosti odpoví na otázky, které katastr neřeší",official,open,ogc,reference,,,,https://www.atlasleefomgeving.nl/,nl-atlasleefomgeving,2026-08-28
Geodata,"Životní prostředí, geologie, rizika",environment,Nizozemsko,NL,RIVM,rivm.nl,"Národní ústav pro veřejné zdraví a životní prostředí — měření kvality ovzduší v hodinovém kroku, dusíkové depozice, zdravotní statistiky a modely rizik. Dusíkový model je v Nizozemsku podklad pro povolování staveb",official,open,api,reference,,,,https://www.rivm.nl/,nl-rivm,2026-08-28
Geodata,"Životní prostředí, geologie, rizika",environment,Polsko,PL,CBDG (PIG-PIB),baza.pgi.gov.pl,"Centralna Baza Danych Geologicznych polské geologické služby — vrty, geologické mapy, ložiska surovin a archivní dokumentace",official,open,ogc,reference,,,,https://baza.pgi.gov.pl/,pl-cbdg-pig-pib,2026-08-28
Geodata,"Životní prostředí, geologie, rizika",environment,Polsko,PL,Geoserwis GDOŚ,geoserwis.gdos.gov.pl,"Mapy chráněných území Generální ředitelství ochrany životního prostředí — Natura 2000, národní parky a rezervace ke stažení i jako WMS. Na automat odpovídá Incapsula, v prohlížeči web funguje",official,open,ogc,reference,,,,https://geoserwis.gdos.gov.pl/mapy/,pl-geoserwis-gdos,2026-08-28
Geodata,"Životní prostředí, geologie, rizika",environment,Polsko,PL,Bank Danych o Lasach,bdl.lasy.gov.pl,"Data o polských lesích od Lasów Państwowych — porostní mapa, taxační údaje, mapové služby a mobilní aplikace mBDL",official,open,ogc,reference,,,,https://www.bdl.lasy.gov.pl/portal/,pl-bank-danych-o-lasach,2026-08-28
Geodata,"Životní prostředí, geologie, rizika",environment,Polsko,PL,Hydroportal ISOK,wody.isok.gov.pl,"Informatyczny System Osłony Kraju — mapy povodňového ohrožení a rizika, plány hospodaření s vodami a odpovídající služby INSPIRE",official,open,ogc,reference,,,,https://wody.isok.gov.pl/index.html,pl-hydroportal-isok,2026-08-28
Geodata,"Životní prostředí, geologie, rizika",environment,Portugalsko,PT,APA — Agência Portuguesa do Ambiente,apambiente.pt,"Portugalská agentura pro životní prostředí — posuzování vlivů EIA, emisní registry, odpady, kvalita ovzduší a vodní hospodářství. Hydrologická data vede systém SNIRH, který automatu vrací 403",official,open,search,reference,,,,https://apambiente.pt/,pt-apambiente,2026-08-28
Geodata,"Životní prostředí, geologie, rizika",environment,Portugalsko,PT,ICNF — lesy a chráněná území,icnf.pt,"Institut ochrany přírody a lesů — chráněná území, lesní inventarizace a hlavně **statistiky a mapy lesních požárů** včetně spálených ploch po letech. V Portugalsku je požárová historie relevantní údaj i k pozemku",official,open,download,reference,,,,https://www.icnf.pt/,pt-icnf,2026-08-28
Geodata,"Životní prostředí, geologie, rizika",environment,Portugalsko,PT,Geoportal LNEG,geoportal.lneg.pt,"Geovědní portál Národní laboratoře pro energii a geologii — geologické mapy, vrty, nerostné suroviny a geotermální potenciál, jako prohlížečka i WMS",official,open,ogc,reference,,,,https://geoportal.lneg.pt/,pt-lneg,2026-08-28
Geodata,"Životní prostředí, geologie, rizika",environment,Rumunsko,RO,Ministerul Mediului,mmediu.ro,"Rumunské ministerstvo životního prostředí, vod a lesů — posuzování vlivů, chráněná území, vodní hospodářství a lesnictví. Agentura ANPM, která vede emisní registry, mimo Rumunsko neodpovídá",official,open,none,reference,,,,https://www.mmediu.ro/,ro-mmediu,2026-08-28
Geodata,"Životní prostředí, geologie, rizika",environment,Slovensko,SK,Geoinfoportál ŠGÚDŠ,geology.sk,"Geologické informace Štátneho geologického ústavu — geologické a inženýrskogeologické mapy, svahové deformace, poddolovaná území, ložiska a vrty, jako mapové aplikace i WMS. U slovenského pozemku je to hlavní veřejný zdroj o rizicích podloží",official,open,ogc,reference,,,,https://www.geology.sk/geoinfoportal/,sk-geoinfoportal,2026-08-28
Geodata,"Životní prostředí, geologie, rizika",environment,Slovensko,SK,Enviroportál,enviroportal.sk,"Informační portál slovenského životního prostředí od SAŽP — registry znečišťovatelů, odpadové hospodářství, chráněná území, kvalita ovzduší a vod a environmentální zátěže. Rozcestník po registrech, které vedou různé slovenské úřady",official,open,search,reference,,,,https://www.enviroportal.sk/,sk-enviroportal,2026-08-28
Geodata,"Životní prostředí, geologie, rizika",environment,Slovensko,SK,Informačný systém EIA/SEA,enviroportal.sk,"Posuzování vlivů na životní prostředí — zámery, správy o hodnocení a stanoviska ke všem posuzovaným projektům na Slovensku, dohledatelné podle názvu, okresu a navrhovatele. U developerských a průmyslových záměrů nejúplnější veřejný spis",official,open,search,reference,,,,https://www.enviroportal.sk/eia,sk-eia,2026-08-28
Geodata,"Životní prostředí, geologie, rizika",environment,Slovinsko,SI,ARSO,arso.gov.si,"Slovinská agentura pro životní prostředí — kvalita ovzduší a vod, hydrologie, posuzování vlivů, chráněná území a emisní registry. Meteorologická data vydává na meteo.arso.gov.si",official,open,download,reference,,,,https://www.arso.gov.si/,si-arso,2026-08-28
Geodata,"Životní prostředí, geologie, rizika",environment,Španělsko,ES,IGME — geologická služba,info.igme.es,"Španělská geologická a báňská služba — geologické mapy, vrty, podzemní vody, sesuvy, seismika a ložiska, přes mapové prohlížečky a WMS. U pozemkových transakcí ukáže rizika podloží",official,open,ogc,reference,,,,https://info.igme.es/,es-igme,2026-08-28
Geodata,"Životní prostředí, geologie, rizika",environment,Španělsko,ES,MITECO — životní prostředí,miteco.gob.es,"Ministerstvo pro ekologickou transformaci — záplavové mapy (SNCZI), vodní hospodářství, chráněná území, emise a lesnictví. Španělské záplavové mapy jsou podkladem pro stavební povolení a jsou veřejné",official,open,download,reference,,,,https://www.miteco.gob.es/es.html,es-miteco,2026-08-28
Geodata,"Životní prostředí, geologie, rizika",environment,Španělsko,ES,SIGPAC — zemědělské parcely,sigpac.mapa.gob.es,"Geografický informační systém zemědělských parcel — využití půdy, plodiny a kultury na každé španělské zemědělské parcele, jako prohlížečka i služby. Podklad pro zemědělské dotace a kontrolu jejich čerpání",official,open,ogc,reference,,,,https://sigpac.mapa.gob.es/fega/visor/,es-sigpac,2026-08-28
Geodata,"Životní prostředí, geologie, rizika",environment,Švédsko,SE,Naturvårdsverket,naturvardsverket.se,"Švédská agentura ochrany přírody — chráněná území, emisní inventury, odpady, kvalita ovzduší a **registr znečišťujících provozoven**, s daty ke stažení",official,open,download,reference,,,,https://www.naturvardsverket.se/,se-naturvardsverket,2026-08-28
Geodata,Doprava a infrastruktura,transport,Evropská unie,EU,ENTSO-E Transparency Platform,transparency.entsoe.eu,"Povinně zveřejňovaná data evropské přenosové soustavy — výroba po zdrojích a jednotkách, spotřeba, přeshraniční toky, ceny na denním trhu a odstávky elektráren, v hodinovém kroku pro všechny provozovatele. API po registraci zdarma",intl,registration,api,reference,,,,https://transparency.entsoe.eu/,eu-entsoe-transparency,2026-08-28
Geodata,Doprava a infrastruktura,transport,Evropská unie,EU,ERADIS — železniční bezpečnostní databáze,eradis.era.europa.eu,"Databáze Agentury EU pro železnice — osvědčení dopravců a subjektů odpovědných za údržbu, bezpečnostní povolení provozovatelů dráhy a národní bezpečnostní zprávy. Ověří, jestli železniční dopravce smí jezdit v dané zemi a od kdy",intl,open,search,reference,,,,https://eradis.era.europa.eu/,eu-eradis,2026-08-28
Geodata,Doprava a infrastruktura,transport,Celosvětové,GLOBAL,OpenCelliD,opencellid.org,Otevřená databáze pozic BTS/cell towers — užitečné pro geolokaci,ngo,registration,bulk,reference,,,,https://opencellid.org/,global-opencellid,2026-08-28
Geodata,Doprava a infrastruktura,transport,Celosvětové,GLOBAL,Open Infrastructure Map,openinframap.org,"Prohlížečka infrastruktury vykreslené z OSM — elektrické vedení, trafostanice a elektrárny, ropovody, plynovody a telekomunikační síť; bez exportu dat",ngo,open,none,reference,,,,https://openinframap.org/,global-open-infrastructure-map,2026-08-28
Geodata,Doprava a infrastruktura,transport,Rakousko,AT,Mobilitätsdaten Österreich,mobilitydata.gv.at,"Rakouský národní přístupový bod k dopravním datům — jízdní řády GTFS a GTFS-RT, statická data sítě, informace o parkování a sdílené mobilitě od všech povinných poskytovatelů. Katalog je veřejný, stahování po registraci zdarma",official,registration,api,reference,,,,https://mobilitydata.gv.at/,at-mobilitydata,2026-08-28
Geodata,Doprava a infrastruktura,transport,Rakousko,AT,ASFINAG,asfinag.at,"Provozovatel rakouské dálniční sítě — aktuální dopravní situace, uzavírky, stavební práce a intenzity dopravy, část z toho jako otevřená data a datex API. Pro liniové stavby a logistiku jediný autoritativní zdroj o rakouských dálnicích",official,open,api,reference,,,,https://www.asfinag.at/,at-asfinag,2026-08-28
Geodata,Doprava a infrastruktura,transport,Belgie,BE,Transportdata.be,transportdata.be,"Národní přístupový bod k dopravním datům podle nařízení 2017/1926 — jízdní řády, dopravní informace a data o mobilitě od povinných poskytovatelů. Belgický NAP sdružuje data federace i tří regionů; katalog je veřejný, odběr po registraci zdarma",official,registration,api,reference,,,,https://www.transportdata.be/,be-transportdata,2026-08-28
Geodata,Doprava a infrastruktura,transport,Bulharsko,BG,НАП / Агенция „Пътна инфраструктура“,nap.bg,"Národní přístupový bod k dopravním datům podle nařízení 2017/1926 — jízdní řády, dopravní informace a data o mobilitě od povinných poskytovatelů. Bulharský přístupový bod provozovaný silniční agenturou — stav silnic, uzavírky a dopravní informace",official,open,api,reference,,,,https://nap.bg/,bg-nap,2026-08-28
Geodata,Doprava a infrastruktura,transport,Chorvatsko,HR,HAKOM — regulátor a NAP,hakom.hr,"Chorvatská regulační agentura pro sítě — telekomunikace, pošta a železnice, a zároveň provozovatel národního přístupového bodu k dopravním datům. Vede registry licencovaných operátorů",official,open,search,reference,,,,https://www.hakom.hr/,hr-hakom,2026-08-28
Geodata,Doprava a infrastruktura,transport,Chorvatsko,HR,Hrvatske autoceste,hac.hr,"Provozovatel chorvatské dálniční sítě — stav provozu, uzavírky, mýto a intenzity dopravy na dálnicích",official,open,none,reference,,,,https://www.hac.hr/,hr-hac,2026-08-28
Geodata,Doprava a infrastruktura,transport,Kypr,CY,"Ministry of Transport, Communications and Works",mcw.gov.cy,"Kyperské ministerstvo dopravy — silniční síť, registr vozidel a dopravců, veřejná doprava a přístavy. Kyperský národní přístupový bod k dopravním datům spadá pod něj",official,open,none,reference,,,,https://www.mcw.gov.cy/,cy-mcw,2026-08-28
Geodata,Doprava a infrastruktura,transport,Česko,CZ,Golemio (Praha),golemio.cz,"Datová platforma hl. m. Prahy — MHD, parkování, senzory, sdílená mobilita",regional,open,api,history,4,2,2026-08-26,https://golemio.cz/,cz-golemio-praha,2026-08-28
Geodata,Doprava a infrastruktura,transport,Česko,CZ,Golemio API,api.golemio.cz,"API dokumentace a správa klíčů — Public Transport, GTFS, polohy vozidel; OpenAPI pro PID je na /pid/docs/openapi/",regional,registration,api,history,39,21,2026-08-26,https://api.golemio.cz/,cz-golemio-api,2026-08-28
Geodata,Doprava a infrastruktura,transport,Česko,CZ,ŘSD MobilityData,mobilitydata.rsd.cz,Registr odběrů NDIC — registrace k odběru dopravních informací ve formátech DATEX II a nativní NDIC XML včetně lokačních tabulek ALERT-C; přístup jen po přihlášení,official,open,bulk,history,27,13,2026-08-27,https://mobilitydata.rsd.cz/,cz-rsd-mobilitydata,2026-08-28
Geodata,Doprava a infrastruktura,transport,Česko,CZ,Geoportál ŘSD,geoportal.rsd.cz,"Silniční a dálniční síť ČR — mapové aplikace, datové vrstvy, uzly a úseky",official,open,ogc,history,2,1,2026-08-26,https://geoportal.rsd.cz/web,cz-geoportal-rsd,2026-08-28
Geodata,Doprava a infrastruktura,transport,Česko,CZ,Dopravní info (NDIC),dopravniinfo.gov.cz,"Uzavírky, nehody, sjízdnost, real-time dopravní události",official,open,api,history,9,3,2026-08-26,https://dopravniinfo.gov.cz/,cz-dopravni-info-ndic,2026-08-28
Geodata,Doprava a infrastruktura,transport,Česko,CZ,NAIS API,api-nais.dopravniinfo.cz,API vrstva nad národními dopravními informacemi (DATEX II) — přístup jen s účtem zřízeným přes Registr odběrů NDIC,official,registration,api,history,4,2,2026-08-26,https://api-nais.dopravniinfo.cz/,cz-nais-api,2026-08-28
Geodata,Doprava a infrastruktura,transport,Česko,CZ,PID,pid.cz,Pražská integrovaná doprava — jízdní řády a mapy linek; GTFS feed se stahuje z data.pid.cz (https://data.pid.cz/PID_GTFS.zip),regional,open,bulk,history,1,1,2026-08-25,https://pid.cz/,cz-pid,2026-08-28
Geodata,Doprava a infrastruktura,transport,Česko,CZ,Ministerstvo dopravy,md.gov.cz,"Web Ministerstva dopravy — sekce Statistiky, Dokumenty a Otevřená data (datové sady rezortu)",official,open,none,history,4,1,2026-06-18,https://md.gov.cz/,cz-ministerstvo-dopravy,2026-08-28
Geodata,Doprava a infrastruktura,transport,Česko,CZ,Sčítání dopravy ŘSD,scitani.rsd.cz,"Výsledky celostátního sčítání dopravy 2010, 2016 a 2020 — intenzity automobilové dopravy po úsecích dálniční a silniční sítě ČR",official,open,download,reference,,,,https://scitani.rsd.cz/,cz-scitani-dopravy-rsd,2026-08-28
Geodata,Doprava a infrastruktura,transport,Česko,CZ,Dopravní nehody v ČR (CDV),nehody.cdv.cz,"Nehody evidované Policií ČR od roku 2006 — filtrování podle času, území a 64 evidovaných parametrů, měsíční aktualizace, export do PDF",research,open,search,reference,,,,https://nehody.cdv.cz/,cz-dopravni-nehody-v-cr-cdv,2026-08-28
Geodata,Doprava a infrastruktura,transport,Česko,CZ,Geoportál DTMŽ (Správa železnic),geoportal.spravazeleznic.cz,"Digitální technická mapa železnic — mapový klient, Všeobecná železniční mapa, vyhledávání metadat a žádost o výdej dat",official,open,ogc,reference,,,,https://geoportal.spravazeleznic.cz/,cz-geoportal-dtmz-sprava-zeleznic,2026-08-28
Geodata,Doprava a infrastruktura,transport,Česko,CZ,Portál CIS JŘ,portal.cisjr.cz,"Celostátní informační systém o jízdních řádech (Ministerstvo dopravy a CHAPS) — jízdní řády autobusů, MHD, vlaků a lanových drah, strojově čitelná data (JDF, NeTEx) v adresáři /pub/",official,open,download,reference,,,,https://portal.cisjr.cz/,cz-portal-cis-jr,2026-08-28
Geodata,Doprava a infrastruktura,transport,Dánsko,DK,Trafikstyrelsen,trafikstyrelsen.dk,"Národní přístupový bod k dopravním datům podle nařízení 2017/1926 — jízdní řády, dopravní informace a data o mobilitě od povinných poskytovatelů. Dánský dopravní úřad provozuje národní přístupový bod a vede registry dopravců, drážních subjektů a leteckých provozovatelů",official,open,api,reference,,,,https://www.trafikstyrelsen.dk/,dk-trafikstyrelsen,2026-08-28
Geodata,Doprava a infrastruktura,transport,Dánsko,DK,Vejdirektoratet,vejdirektoratet.dk,"Dánská silniční správa — **intenzity dopravy ze sčítání, stav vozovek, mosty a dopravní nehody** jako otevřená data. Podklad pro posouzení dopravní zátěže lokality",official,open,bulk,reference,,,,https://www.vejdirektoratet.dk/,dk-vejdirektoratet,2026-08-28
Geodata,Doprava a infrastruktura,transport,Estonsko,EE,Transpordiamet,transpordiamet.ee,"Estonský dopravní úřad — **registr vozidel a řidičů, silniční síť, dopravní informace a registry dopravců**, s otevřenými datovými sadami. Provozuje i estonský národní přístupový bod k datům o mobilitě",official,open,api,reference,,,,https://www.transpordiamet.ee/,ee-transpordiamet,2026-08-28
Geodata,Doprava a infrastruktura,transport,Finsko,FI,FINAP — Fintraffic,finap.fi,"Národní přístupový bod k dopravním datům podle nařízení 2017/1926 — jízdní řády, dopravní informace a data o mobilitě od povinných poskytovatelů. Finský NAP je otevřený bez registrace a nese GTFS a GTFS-RT všech finských dopravců, sdílenou mobilitu i nabíjecí stanice",official,open,api,reference,,,,https://finap.fi/,fi-finap,2026-08-28
Geodata,Doprava a infrastruktura,transport,Finsko,FI,Traficom,traficom.fi,"Finská dopravní a komunikační agentura — **registr vozidel, registry dopravců a leteckých provozovatelů, statistiky a data o pokrytí sítěmi**, s otevřenými datovými sadami",official,open,bulk,reference,,,,https://www.traficom.fi/,fi-traficom,2026-08-28
Geodata,Doprava a infrastruktura,transport,Francie,FR,transport.data.gouv.fr,transport.data.gouv.fr,"Francouzský národní přístupový bod k dopravním datům — GTFS a GTFS-RT všech dopravců, sdílená mobilita, nabíjecí stanice a parkování, s automatickou validací kvality. Data jsou otevřená a bez registrace",official,open,api,reference,,,,https://transport.data.gouv.fr/,fr-transport-data,2026-08-28
Geodata,Doprava a infrastruktura,transport,Německo,DE,Mobilithek,mobilithek.info,"Německý národní přístupový bod k dopravním datům — jízdní řády GTFS a GTFS-RT, dopravní informace, parkování a sdílená mobilita od povinných poskytovatelů. Nástupce MDM a mCLOUD; katalog veřejný, odběr dat po registraci",official,registration,api,reference,,,,https://mobilithek.info/,de-mobilithek,2026-08-28
Geodata,Doprava a infrastruktura,transport,Německo,DE,BASt — Bundesanstalt für Straßenwesen,bast.de,"Spolkový ústav pro silniční dopravu — celostátní sčítání dopravy s intenzitami na dálnicích a spolkových silnicích, statistiky nehod a stav mostů. Data ke stažení; podklad pro posouzení dopravní zátěže lokality",official,open,download,reference,,,,https://www.bast.de/DE/Home/home_node.html,de-bast,2026-08-28
Geodata,Doprava a infrastruktura,transport,Řecko,GR,OASA — athénská doprava,oasa.gr,"Organizace městské dopravy v Athénách — jízdní řády, trasy a **API pro polohu vozidel v reálném čase**. Řecko nemá plnohodnotný celostátní přístupový bod s otevřenými daty; OASA je nejpoužitelnější dopravní zdroj",official,open,api,reference,,,,https://www.oasa.gr/,gr-oasa,2026-08-28
Geodata,Doprava a infrastruktura,transport,Maďarsko,HU,KTI — Közlekedéstudományi Intézet,kti.hu,"Maďarský dopravní výzkumný institut — provozuje maďarský národní přístupový bod k dopravním datům, dopravní statistiky a analýzy nehodovosti",official,open,none,reference,,,,https://kti.hu/,hu-kti,2026-08-28
Geodata,Doprava a infrastruktura,transport,Maďarsko,HU,Magyar Közút,kozut.hu,"Správce maďarské silniční sítě — **sčítání dopravy s intenzitami po úsecích**, stav vozovek, uzavírky a mostní evidence",official,open,download,reference,,,,https://www.kozut.hu/,hu-kozut,2026-08-28
Geodata,Doprava a infrastruktura,transport,Irsko,IE,National Transport Authority,nationaltransport.ie,"Irský dopravní úřad — **GTFS jízdní řády všech irských dopravců, GTFS-RT v reálném čase a data o sdílené mobilitě** jako otevřená data. Provozuje irský národní přístupový bod",official,open,bulk,reference,,,,https://www.nationaltransport.ie/,ie-nationaltransport,2026-08-28
Geodata,Doprava a infrastruktura,transport,Itálie,IT,Terna — přenosová soustava,terna.it,"Provozovatel italské přenosové soustavy — výroba, spotřeba a přeshraniční toky v hodinovém kroku, mapa vedení a plány rozvoje sítě, jako otevřená data. Doplňuje evropskou ENTSO-E o italské detaily",commercial,open,api,reference,,,,https://www.terna.it/,it-terna,2026-08-28
Geodata,Doprava a infrastruktura,transport,Itálie,IT,MIT — ministerstvo infrastruktury a dopravy,mit.gov.it,"Italské ministerstvo dopravy — registry dopravců, statistiky vozidel a nehod, stav infrastruktury a **veřejné zakázky na dopravní stavby**. Vede i národní přístupový bod k dopravním datům",official,open,download,reference,,,,https://www.mit.gov.it/,it-mit,2026-08-28
Geodata,Doprava a infrastruktura,transport,Lotyšsko,LV,Latvijas Valsts ceļi,lvceli.lv,"Lotyšská státní silniční správa — **stav silnic a uzavírky v reálném čase, intenzity dopravy ze sčítání a mostní evidence**. Provozuje lotyšský přístupový bod k dopravním informacím",official,open,download,reference,,,,https://lvceli.lv/,lv-lvceli,2026-08-28
Geodata,Doprava a infrastruktura,transport,Litva,LT,Eismo informacija,eismoinfo.lt,"Litevský dopravní informační systém — **stav silnic, kamery, meteorologické stanice a intenzity dopravy v reálném čase**, s otevřeným API. Provozuje silniční správa Lietuvos automobilių kelių direkcija",official,open,api,reference,,,,https://eismoinfo.lt/,lt-eismoinfo,2026-08-28
Geodata,Doprava a infrastruktura,transport,Lucembursko,LU,Mobiliteit.lu,mobiliteit.lu,"Lucemburský dopravní portál — jízdní řády, trasy a informace v reálném čase pro veřejnou dopravu, která je v Lucembursku od roku 2020 **bezplatná**. Data jsou dostupná jako GTFS a přes API",official,open,api,reference,,,,https://www.mobiliteit.lu/,lu-mobiliteit,2026-08-28
Geodata,Doprava a infrastruktura,transport,Lucembursko,LU,Transports.public.lu,transports.public.lu,"Lucemburské ministerstvo mobility — silniční síť, registry dopravců a vozidel, statistiky a národní přístupový bod k dopravním datům",official,open,none,reference,,,,https://transports.public.lu/,lu-transports,2026-08-28
Geodata,Doprava a infrastruktura,transport,Malta,MT,Transport Malta,transport.gov.mt,"Maltský dopravní úřad — **registr vozidel a dopravců, námořní a letecký rejstřík**, silniční síť a veřejná doprava. Maltský námořní rejstřík patří k největším v EU a je pro prověrky lodí relevantní. Na automat vrací 403",official,open,search,reference,,,,https://www.transport.gov.mt/,mt-transport,2026-08-28
Geodata,Doprava a infrastruktura,transport,Nizozemsko,NL,NDW — Nationaal Dataportaal Wegverkeer,ndw.nu,"Nizozemský národní přístupový bod k dopravním datům — intenzity a rychlosti ze smyček a detektorů v minutovém kroku, uzavírky, parkování a jízdní řády. Otevřená data na opendata.ndw.nu; hustota měření je v Evropě výjimečná",official,open,api,reference,,,,https://www.ndw.nu/,nl-ndw,2026-08-28
Geodata,Doprava a infrastruktura,transport,Nizozemsko,NL,RDW Open Data,opendata.rdw.nl,"Otevřená data nizozemského registru vozidel — každé registrované vozidlo s typem, rokem, palivem, emisemi a technickými prohlídkami, plus registr autoservisů a dovozců. Miliony záznamů přes Socrata API; pro flotilovou analýzu unikát",official,open,api,reference,,,,https://opendata.rdw.nl/,nl-rdw-opendata,2026-08-28
Geodata,Doprava a infrastruktura,transport,Polsko,PL,GDDKiA,gov.pl,"Generalna Dyrekcja Dróg Krajowych i Autostrad — správce státních silnic a dálnic: stav výstavby, generální sčítání dopravy (GPR) a data o síti",official,open,ogc,reference,,,,https://www.gov.pl/web/gddkia,pl-gddkia,2026-08-28
Geodata,Doprava a infrastruktura,transport,Polsko,PL,MILK2 — mapa železnic PKP PLK,mapa.plk-sa.pl,"Interaktivní mapa železniční sítě správce infrastruktury PKP PLK — tratě, stanice, parametry úseků a probíhající modernizace",official,open,none,reference,,,,https://mapa.plk-sa.pl/,pl-milk2-mapa-zeleznic-pkp-plk,2026-08-28
Geodata,Doprava a infrastruktura,transport,Polsko,PL,Portal Pasażera,portalpasazera.pl,Celostátní vyhledávač spojení provozovaný PKP PLK — jízdní řády železničních dopravců a informace o zpožděních,official,open,search,reference,,,,https://portalpasazera.pl/,pl-portal-pasazera,2026-08-28
Geodata,Doprava a infrastruktura,transport,Polsko,PL,GTFS feeds (mkuran.pl),mkuran.pl,"Nejúplnější sada polských GTFS na jednom místě — městské sítě i vlaky (polish_trains.zip), denně aktualizované. Od 31. 3. 2026 se polregio.zip, pkpic.zip a kolejemazowieckie.zip přestaly udržovat",ngo,open,bulk,reference,,,,https://mkuran.pl/gtfs/,pl-gtfs-feeds-mkuran-pl,2026-08-28
Geodata,Doprava a infrastruktura,transport,Polsko,PL,Warszawski Transport Publiczny,wtp.waw.pl,"Integrovaná varšavská doprava — linky, zastávky a jízdní řády; k tomu městské API na api.um.warszawa.pl s polohami vozidel",regional,open,bulk,reference,,,,https://www.wtp.waw.pl/,pl-warszawski-transport-publiczny,2026-08-28
Geodata,Doprava a infrastruktura,transport,Portugalsko,PT,IMT — Instituto da Mobilidade e dos Transportes,imt-ip.pt,"Portugalský dopravní regulátor — registry licencovaných dopravců, autoškol a technických stanic, statistiky vozidel a dopravní legislativa. Ověří, jestli dopravce v Portugalsku smí provozovat",official,open,search,reference,,,,https://www.imt-ip.pt/,pt-imt,2026-08-28
Geodata,Doprava a infrastruktura,transport,Rumunsko,RO,CNAIR — silniční infrastruktura,cnair.ro,"Rumunská národní společnost pro silniční infrastrukturu — stav dálnic a silnic, uzavírky, mýto a projekty výstavby",official,open,none,reference,,,,https://www.cnair.ro/,ro-cnair,2026-08-28
Geodata,Doprava a infrastruktura,transport,Slovensko,SK,Slovenská správa ciest,ssc.sk,"Správce slovenských silnic I. třídy — celostátní sčítání dopravy s intenzitami po úsecích, cestní databanka, mostní evidence a technické předpisy. Sčítání dopravy je jediný veřejný zdroj o zatížení slovenské silniční sítě",official,open,download,reference,,,,https://www.ssc.sk/sk/Aktualne.ssc,sk-ssc,2026-08-28
Geodata,Doprava a infrastruktura,transport,Slovinsko,SI,Promet.si,promet.si,"Slovinský dopravní informační portál — **stav silnic, uzavírky, kamery a meteorologické stanice v reálném čase**, s otevřeným API. Provozuje ho silniční direkce jako součást slovinského přístupového bodu",official,open,api,reference,,,,https://www.promet.si/,si-promet,2026-08-28
Geodata,Doprava a infrastruktura,transport,Španělsko,ES,NAP — Punto de Acceso Nacional,nap.transportes.gob.es,"Španělský národní přístupový bod k dopravním datům — jízdní řády, dopravní informace, parkování a sdílená mobilita od povinných poskytovatelů. Katalog veřejný, odběr po registraci",official,registration,api,reference,,,,https://nap.transportes.gob.es/,es-nap-transportes,2026-08-28
Geodata,Doprava a infrastruktura,transport,Španělsko,ES,DGT — Dirección General de Tráfico,dgt.es,"Španělský dopravní úřad — dopravní situace a incidenty v reálném čase, statistiky nehod, registr vozidel a řidičských oprávnění v agregované podobě. Část dat jako otevřené API",official,open,api,reference,,,,https://www.dgt.es/,es-dgt,2026-08-28
Geodata,Doprava a infrastruktura,transport,Švédsko,SE,Trafiklab,trafiklab.se,"Švédská otevřená data veřejné dopravy — **GTFS a GTFS-RT všech švédských dopravců, polohy vozidel a plánovací API**, klíč zdarma. Provozuje Samtrafiken jako součást švédského přístupového bodu",official,registration,api,reference,,,,https://www.trafiklab.se/,se-trafiklab,2026-08-28
Geodata,Doprava a infrastruktura,transport,Švédsko,SE,Trafikverket,trafikverket.se,"Švédská dopravní správa — **silniční a železniční síť, intenzity dopravy, nehody, situace v provozu a stav infrastruktury** přes otevřené API. Provozuje švédský národní přístupový bod",official,registration,api,reference,,,,https://www.trafikverket.se/,se-trafikverket,2026-08-28
Geodata,Remote sensing / rastr,remote-sensing,Evropská unie,EU,Copernicus Data Space,dataspace.copernicus.eu,"Sentinel-1/2/3/5P zdarma — browser, STAC, OData, S3 přístup",intl,registration,api,reference,,,,https://dataspace.copernicus.eu/,eu-copernicus-data-space,2026-08-28
Geodata,Remote sensing / rastr,remote-sensing,Evropská unie,EU,ESA WorldCover,esa-worldcover.org,"Globální land cover 10 m ze Sentinelu-1 a -2, 11 tříd — existují jen ročníky 2020 (v100) a 2021 (v200), novější nevznikly",intl,open,bulk,reference,,,,https://esa-worldcover.org/en,eu-esa-worldcover,2026-08-28
Geodata,Remote sensing / rastr,remote-sensing,Evropská unie,EU,Copernicus Land Monitoring Service (CORINE),land.copernicus.eu,"Portál Copernicus Land Monitoring Service — CORINE Land Cover (referenční roky 1990-2018, aktualizace po šesti letech, poslední 2018) plus Urban Atlas, High Resolution Layers a CLCplus Backbone",intl,registration,bulk,reference,,,,https://land.copernicus.eu/en,eu-copernicus-land-monitoring-service-corine,2026-08-28
Geodata,Remote sensing / rastr,remote-sensing,Evropská unie,EU,GHSL (Global Human Settlement),human-settlement.emergency.copernicus.eu,"Zastavěnost, populační rastr, urbanizace — JRC",intl,open,bulk,reference,,,,https://human-settlement.emergency.copernicus.eu/,eu-ghsl-global-human-settlement,2026-08-28
Geodata,Remote sensing / rastr,remote-sensing,Celosvětové,GLOBAL,OpenTopography,opentopography.org,"LiDAR point clouds a globální DEM (SRTM, Copernicus DEM, ALOS)",research,mixed,api,reference,,,,https://opentopography.org/,global-opentopography,2026-08-28
Geodata,Remote sensing / rastr,remote-sensing,Celosvětové,GLOBAL,Microsoft Planetary Computer,planetarycomputer.microsoft.com,"STAC katalog a API nad otevřenými EO datasety (Sentinel, Landsat, NAIP, Copernicus DEM) — hostovaný JupyterHub byl vypnut v červnu 2024, data a API běží dál",commercial,open,api,reference,,,,https://planetarycomputer.microsoft.com/,global-microsoft-planetary-computer,2026-08-28
Geodata,Remote sensing / rastr,remote-sensing,Celosvětové,GLOBAL,Google Earth Engine,earthengine.google.com,Planetární petabajtový katalog s cloudovým zpracováním,commercial,registration,api,reference,,,,https://earthengine.google.com/,global-google-earth-engine,2026-08-28
Geodata,Remote sensing / rastr,remote-sensing,Celosvětové,GLOBAL,STAC Index,stacindex.org,"Rejstřík veřejných STAC katalogů a API — přes stovku endpointů družicových a leteckých dat s popisem, kolekcemi a odkazem na dokumentaci; odsud se hledá, kde daný snímek vůbec je",ngo,open,api,reference,,,,https://stacindex.org/,global-stac-index,2026-08-28
Geodata,Remote sensing / rastr,remote-sensing,Celosvětové,GLOBAL,Vantor Open Data Program,vantor.com,"Snímky WorldView ze zasažených oblastí zdarma pod CC BY-NC 4.0 (dřívější Maxar Open Data) — jen po aktivaci programu u velkých náhlých katastrof, ne souvislé pokrytí",commercial,open,download,reference,,,,https://vantor.com/company/open-data-program/,global-vantor-open-data-program,2026-08-28
Geodata,Remote sensing / rastr,remote-sensing,Celosvětové,GLOBAL,Global Nature Watch,globalnaturewatch.org,"Nástupce Global Forest Watch od WRI — úbytek lesního krytu 30 m (UMD/Hansen, 2001-2025), integrované deforestační alerty 30 m aktualizované týdně a globální land cover, s mapou a otevřeným datovým portálem",ngo,open,api,reference,,,,https://globalnaturewatch.org/,global-global-nature-watch,2026-08-28
Geodata,Remote sensing / rastr,remote-sensing,Celosvětové,GLOBAL,Registry of Open Data on AWS,registry.opendata.aws,"Rejstřík otevřených dat ležících na AWS S3 — Sentinel-2 COG se STACem, Landsat, NOAA GOES a stovky dalších v cloud-native formátech (COG, Zarr, NetCDF) čitelných přímo z GDAL přes /vsis3/",commercial,open,bulk,reference,,,,https://registry.opendata.aws/,global-registry-of-open-data-on-aws,2026-08-28
Geodata,Remote sensing / rastr,remote-sensing,Spojené státy,US,USGS EarthExplorer,earthexplorer.usgs.gov,"Landsat archiv od 1972, letecké snímky, DEM",official,registration,bulk,reference,,,,https://earthexplorer.usgs.gov/,us-usgs-earthexplorer,2026-08-28
Geodata,Remote sensing / rastr,remote-sensing,Spojené státy,US,NASA Earthdata,earthdata.nasa.gov,"MODIS, VIIRS, SRTM, GPM, GRACE — CMR API",official,registration,api,reference,,,,https://www.earthdata.nasa.gov/,us-nasa-earthdata,2026-08-28
Geodata,Remote sensing / rastr,remote-sensing,Spojené státy,US,ASF DAAC (Vertex),asf.alaska.edu,"NASA DAAC pro radarová data — archiv Sentinel-1 (včetně 1D) a NISAR, vyhledávač Vertex, Python asf_search a on-demand zpracování HyP3 (RTC, InSAR, OPERA RTC-S1)",research,registration,api,reference,,,,https://asf.alaska.edu/,us-asf-daac-vertex,2026-08-28
Geodata,Remote sensing / rastr,remote-sensing,Spojené státy,US,NASA FIRMS,firms.modaps.eosdis.nasa.gov,"Detekce aktivních požárů a tepelných anomálií z MODIS (Aqua, Terra) a VIIRS (S-NPP, NOAA-20/21) do tří hodin od přeletu, pro USA a Kanadu v reálném čase — SHP/KML/TXT, WMS, API i e-mailové alerty",official,open,api,reference,,,,https://firms.modaps.eosdis.nasa.gov/,us-nasa-firms,2026-08-28
Geodata,Globální referenční geodata,basemaps,Celosvětové,GLOBAL,Natural Earth,naturalearthdata.com,"Public-domain vektor + raster v 1:10m/50m/110m — hranice, pobřeží, řeky, města, stínovaný reliéf. Kartografický základ",ngo,open,bulk,history,1,1,2026-08-27,https://www.naturalearthdata.com/,global-natural-earth,2026-08-28
Geodata,Globální referenční geodata,basemaps,Celosvětové,GLOBAL,GADM,gadm.org,"Administrativní hranice všech zemí do úrovně ADM5 v GeoPackage/shapefile/KMZ — jen pro akademické a nekomerční použití, redistribuce a komerční užití bez svolení zakázány",research,open,bulk,reference,,,,https://gadm.org/,global-gadm,2026-08-28
Geodata,Globální referenční geodata,basemaps,Celosvětové,GLOBAL,geoBoundaries,geoboundaries.org,Otevřená alternativa GADM s jasnou licencí a verzováním,research,open,bulk,reference,,,,https://www.geoboundaries.org/,global-geoboundaries,2026-08-28
Geodata,Globální referenční geodata,basemaps,Celosvětové,GLOBAL,Overture Maps Foundation,overturemaps.org,"Otevřená základní data v šesti tématech — addresses, base, buildings, divisions, places a transportation (adresy přes 470 mil. bodů, zatím alfa); měsíční release v GeoParquet na S3 a Azure, dotazovatelné DuckDB",ngo,open,bulk,reference,,,,https://overturemaps.org/,global-overture-maps-foundation,2026-08-28
Geodata,Globální referenční geodata,basemaps,Celosvětové,GLOBAL,Geofabrik Downloads,download.geofabrik.de,"Denní OSM extrakty po zemích a regionech (.osm.pbf, .shp.zip)",commercial,open,bulk,reference,,,,https://download.geofabrik.de/,global-geofabrik-downloads,2026-08-28
Geodata,Globální referenční geodata,basemaps,Celosvětové,GLOBAL,OpenStreetMap,openstreetmap.org,"Základní vrstva všeho — editace, historie, export",ngo,open,api,history,34,29,2026-08-24,https://www.openstreetmap.org/,global-openstreetmap,2026-08-28
Geodata,Globální referenční geodata,basemaps,Celosvětové,GLOBAL,Overpass Turbo,overpass-turbo.eu,"Interaktivní dotazování OSM podle tagů, bboxu, relací; export GeoJSON",ngo,open,api,reference,,,,https://overpass-turbo.eu/,global-overpass-turbo,2026-08-28
Geodata,Globální referenční geodata,basemaps,Celosvětové,GLOBAL,OSM Planet,planet.openstreetmap.org,"Týdenní kompletní dumpy databáze OSM — XML (~165 GB) i PBF (~88 GB), full-history planet se všemi verzemi prvků, changesety a replikační diffy pro průběžnou synchronizaci",ngo,open,bulk,reference,,,,https://planet.openstreetmap.org/,global-osm-planet,2026-08-28
Geodata,Globální referenční geodata,basemaps,Celosvětové,GLOBAL,Marine Regions,marineregions.org,"Gazetteer a hranice na moři od VLIZ — výlučné ekonomické zóny, teritoriální a vnitřní vody, rozšířené šelfy a volné moře v GeoPackage/shp/KML, přes OGC služby i balík mregions2",research,open,bulk,reference,,,,https://www.marineregions.org/,global-marine-regions,2026-08-28
Geodata,Globální referenční geodata,basemaps,Belgie,BE,NGI / IGN — Institut géographique national,ngi.be,"Belgický národní zeměpisný institut — topografické mapy, ortofota, výškopis a referenční vrstvy pro celou zemi. Jediný poskytovatel, který pokrývá Belgii jako celek napříč regiony",official,open,download,reference,,,,https://www.ngi.be/,be-ngi,2026-08-28
Geodata,Globální referenční geodata,basemaps,Dánsko,DK,Klimadatastyrelsen (dříve SDFI),sdfi.dk,"Dánská agentura pro klimatická data a infrastrukturu — nástupce SDFI a Kortforsyningen, správce map, katastru a výškopisu. Doména sdfi.dk vede na nový web klimadatastyrelsen.dk",official,open,bulk,reference,,,,https://sdfi.dk/,dk-klimadatastyrelsen,2026-08-28
Geodata,Globální referenční geodata,basemaps,Francie,FR,IGN — Institut national de l'information géographique,ign.fr,"Francouzský národní geografický institut — od roku 2021 vydává prakticky všechna svá data jako otevřená: BD TOPO, BD ORTHO, výškopis RGE ALTI, lesní a půdní vrstvy. Jedna z největších změn v evropských geodatech za poslední roky",official,open,bulk,reference,,,,https://www.ign.fr/,fr-ign,2026-08-28
Geodata,Globální referenční geodata,basemaps,Německo,DE,Geodatenzentrum (GDZ),gdz.bkg.bund.de,"Stahovací centrum BKG — otevřená spolková geodata ke stažení i jako WMS/WFS: administrativní hranice, ortofota, výškopis, sídla a dopravní síť. Většina sad je pod otevřenou licencí dl-de/by-2-0, tedy volně použitelná i komerčně",official,open,bulk,reference,,,,https://gdz.bkg.bund.de/,de-gdz,2026-08-28
Geodata,Globální referenční geodata,basemaps,Itálie,IT,IGM — Istituto Geografico Militare,igmi.org,"Italský vojenský geografický institut — oficiální topografické mapy, geodetické základy a historické mapové řady. Část produkce je zdarma, část se prodává; je to jediný poskytovatel celostátní topografie",official,mixed,download,reference,,,,https://www.igmi.org/,it-igm,2026-08-28
Geodata,Globální referenční geodata,basemaps,Španělsko,ES,IGN España,ign.es,"Španělský národní geografický institut — topografické mapy, ortofota PNOA, výškopis z leteckého laserového skenování, geodetické základy a seismická síť. Data se stahují z Centro de Descargas CNIG, většina pod otevřenou licencí",official,open,bulk,reference,,,,https://www.ign.es/,es-ign,2026-08-28
Geodata,Globální referenční geodata,basemaps,Španělsko,ES,Centro de Descargas del CNIG,centrodedescargas.cnig.es,"Stahovací centrum španělských referenčních geodat — PNOA ortofota, LiDAR, model reliéfu, administrativní hranice, sídla a dopravní síť po listech i celostátně. Bez registrace a pod otevřenou licencí",official,open,bulk,reference,,,,https://centrodedescargas.cnig.es/CentroDescargas/,es-cnig-descargas,2026-08-28
Geodata,Globální referenční geodata,basemaps,Spojené státy,US,US Census TIGER/Line,census.gov,"TIGER/Line shapefiles — US hranice, ulice, bloky, ZCTA, tracts (""geotiger"")",official,open,bulk,reference,,,,https://www.census.gov/geographies/mapping-files/time-series/geo/tiger-line-file.html,us-us-census-tiger-line,2026-08-28
Veřejná data a správa,Otevřená data,opendata,Evropská unie,EU,data.europa.eu,data.europa.eu,"Oficiální portál otevřených dat EU — federuje přes dvě stě katalogů z 36 zemí, tedy i národní portály členských států, s vyhledáváním včetně prostorového. Má SPARQL endpoint i REST API. Po zrušení samostatného INSPIRE geoportálu sem vede i jeho adresa. Na automat vrací 403",intl,open,api,reference,,,,https://data.europa.eu/,eu-eu-data-portal,2026-08-28
Veřejná data a správa,Otevřená data,opendata,Evropská unie,EU,JRC Data Catalogue,data.jrc.ec.europa.eu,"Katalog dat Společného výzkumného střediska Komise — datové sady a modely, které stojí za evropskou politikou: energetika, doprava, sucho, migrace, osídlení, kritické suroviny. Většina s DOI a přímým stažením; často jediná harmonizovaná evropská verze daného ukazatele",intl,open,bulk,reference,,,,https://data.jrc.ec.europa.eu/,eu-jrc-data,2026-08-28
Veřejná data a správa,Otevřená data,opendata,Rakousko,AT,data.gv.at,data.gv.at,"Rakouský portál otevřených dat — federuje datové sady spolku, zemí a měst včetně geodat, s CKAN API a strojovým katalogem DCAT. Vstupní bod, když není jasné, který rakouský úřad danou sadu vede",official,open,api,reference,,,,https://www.data.gv.at/,at-data-gv,2026-08-28
Veřejná data a správa,Otevřená data,opendata,Belgie,BE,Brussels Data Store,datastore.brussels,"Otevřená data bruselského regionu — mobilita, bydlení, ekonomika a prostorové vrstvy, s API a exporty. Doplněk k BruGIS pro netabulková data",regional,open,api,reference,,,,https://datastore.brussels/,be-datastore-brussels,2026-08-28
Veřejná data a správa,Otevřená data,opendata,Belgie,BE,data.gov.be,data.gov.be,"Belgický federální portál otevřených dat — federuje katalogy federace, regionů i komunit, s DCAT výdejem. Vstupní bod, když není jasné, jestli danou sadu vede federace, Flandry, Valonsko nebo Brusel",official,open,api,reference,,,,https://data.gov.be/,be-data-gov,2026-08-28
Veřejná data a správa,Otevřená data,opendata,Bulharsko,BG,Портал за отворени данни,data.egov.bg,"Bulharský portál otevřených dat — katalog sad ministerstev, agentur a obcí s API. Na automat vrací 403, v prohlížeči funguje",official,open,api,reference,,,,https://data.egov.bg/,bg-data-egov,2026-08-28
Veřejná data a správa,Otevřená data,opendata,Chorvatsko,HR,data.gov.hr,data.gov.hr,"Chorvatský portál otevřených dat — katalog sad státu, žup a měst s CKAN API a DCAT výdejem",official,open,api,reference,,,,https://data.gov.hr/,hr-data-gov,2026-08-28
Veřejná data a správa,Otevřená data,opendata,Kypr,CY,data.gov.cy,data.gov.cy,"Kyperský portál otevřených dat — katalog datových sad ministerstev a agentur s CKAN API. Menší rozsah, ale se strojovým přístupem",official,open,api,reference,,,,https://www.data.gov.cy/,cy-data-gov,2026-08-28
Veřejná data a správa,Otevřená data,opendata,Česko,CZ,Národní katalog otevřených dat,data.gov.cz,Centrální CZ katalog datových sad včetně geodat a INSPIRE,official,open,api,history,2,2,2026-08-27,https://data.gov.cz/,cz-narodni-katalog-otevrenych-dat,2026-08-28
Veřejná data a správa,Otevřená data,opendata,Dánsko,DK,Opendata.dk,opendata.dk,"Sdružený portál otevřených dat dánských obcí a regionů — mobilita, prostorové vrstvy, kultura a životní prostředí, s CKAN API. Dánsko nemá jeden státní open-data portál; státní data se distribuují přes Datafordeleren a Dataforsyningen",ngo,open,api,reference,,,,https://www.opendata.dk/,dk-opendata,2026-08-28
Veřejná data a správa,Otevřená data,opendata,Estonsko,EE,Avaandmete teabevärav,avaandmed.eesti.ee,"Estonský portál otevřených dat — katalog datových sad a API státních registrů. Estonsko staví veřejné služby na výměně dat přes X-Road, takže je strojový přístup normou, ne výjimkou",official,open,api,reference,,,,https://avaandmed.eesti.ee/,ee-avaandmed,2026-08-28
Veřejná data a správa,Otevřená data,opendata,Finsko,FI,Avoindata.fi,avoindata.fi,"Finský portál otevřených dat a rozhraní — katalog datových sad a API státu, obcí a organizací, s CKAN rozhraním. Vede i katalog veřejných služeb",official,open,api,reference,,,,https://www.avoindata.fi/,fi-avoindata,2026-08-28
Veřejná data a správa,Otevřená data,opendata,Francie,FR,data.gouv.fr,data.gouv.fr,"Francouzský portál otevřených dat — desítky tisíc sad státu, obcí a organizací, s API a možností komunitních doplňků. Zdaleka nejaktivnější národní open-data portál v EU; řada klíčových registrů se distribuuje právě odsud",official,open,api,reference,,,,https://www.data.gouv.fr/,fr-data-gouv,2026-08-28
Veřejná data a správa,Otevřená data,opendata,Německo,DE,GovData,govdata.de,"Německý portál otevřených dat — federuje katalogy spolku, zemí a obcí, s DCAT-AP.de a CKAN API. Vstupní bod, když není jasné, která z šestnácti zemí nebo který spolkový úřad danou sadu vede",official,open,api,reference,,,,https://www.govdata.de/,de-govdata,2026-08-28
Veřejná data a správa,Otevřená data,opendata,Řecko,GR,data.gov.gr,data.gov.gr,"Řecký portál otevřených dat — datové sady ministerstev a agentur s REST API; token se vydává zdarma na žádost. Menší rozsah než u západních států, ale s použitelným strojovým přístupem",official,registration,api,reference,,,,https://data.gov.gr/,gr-data-gov,2026-08-28
Veřejná data a správa,Otevřená data,opendata,Řecko,GR,gov.gr,gov.gr,"Jednotný portál řeckých veřejných služeb — rozcestník po registrech, elektronických službách a úřadech. Vstupní bod, když není jasné, kde se daná řecká agenda vede. Na automat vrací 403",official,open,none,reference,,,,https://www.gov.gr/,gr-gov,2026-08-28
Veřejná data a správa,Otevřená data,opendata,Maďarsko,HU,Közadatkereső,kozadat.hu,"Maďarský vyhledávač veřejných dat — katalog datových sad a povinně zveřejňovaných informací úřadů. Portál data.gov.hu mimo Maďarsko neodpovídá, tohle je dostupná cesta ke katalogu",official,open,search,reference,,,,https://kozadat.hu/,hu-kozadat,2026-08-28
Veřejná data a správa,Otevřená data,opendata,Irsko,IE,data.gov.ie,data.gov.ie,"Irský portál otevřených dat — katalog sad státu, agentur a místních úřadů s CKAN API a DCAT výdejem",official,open,api,reference,,,,https://data.gov.ie/,ie-data-gov,2026-08-28
Veřejná data a správa,Otevřená data,opendata,Irsko,IE,gov.ie,gov.ie,"Jednotný portál irské vlády — publikace, konzultace, výroční zprávy resortů a rozcestník po agenturách. Vstupní bod, když není jasné, který irský úřad danou agendu vede",official,open,none,reference,,,,https://www.gov.ie/,ie-gov,2026-08-28
Veřejná data a správa,Otevřená data,opendata,Itálie,IT,dati.gov.it,dati.gov.it,"Italský portál otevřených dat — federuje katalogy státu, regionů a obcí s DCAT-AP_IT a CKAN API. Vstupní bod, když není jasné, jestli sadu vede stát nebo některý z dvaceti regionů",official,open,api,reference,,,,https://www.dati.gov.it/,it-dati-gov,2026-08-28
Veřejná data a správa,Otevřená data,opendata,Lotyšsko,LV,Latvijas Atvērto datu portāls,data.gov.lv,Lotyšský portál otevřených dat — katalog sad státních institucí a obcí s CKAN API a DCAT výdejem,official,open,api,reference,,,,https://data.gov.lv/,lv-data-gov,2026-08-28
Veřejná data a správa,Otevřená data,opendata,Litva,LT,Lietuvos atvirų duomenų portalas,data.gov.lt,Litevský portál otevřených dat — katalog sad státních institucí a obcí s API. Vstupní bod k litevským datovým sadám,official,open,api,reference,,,,https://data.gov.lt/,lt-data-gov,2026-08-28
Veřejná data a správa,Otevřená data,opendata,Lucembursko,LU,data.public.lu,data.public.lu,"Lucemburský portál otevřených dat — katalog sad státních institucí a obcí s API, postavený na stejné platformě jako francouzský data.gouv.fr",official,open,api,reference,,,,https://data.public.lu/,lu-data-public,2026-08-28
Veřejná data a správa,Otevřená data,opendata,Lucembursko,LU,Guichet.lu,guichet.public.lu,"Jednotný portál lucemburských veřejných služeb pro občany a firmy — postupy, registry a formuláře. Vstupní bod, když není jasné, kde se daná lucemburská agenda vede",official,open,none,reference,,,,https://guichet.public.lu/,lu-guichet,2026-08-28
Veřejná data a správa,Otevřená data,opendata,Malta,MT,data.gov.mt,portal.data.gov.mt,"Maltský portál otevřených dat — katalog sad ministerstev a agentur s CKAN API. Na automat vrací 403, v prohlížeči funguje",official,open,api,reference,,,,https://portal.data.gov.mt/,mt-data-gov,2026-08-28
Veřejná data a správa,Otevřená data,opendata,Malta,MT,gov.mt,gov.mt,"Jednotný portál maltských veřejných služeb — rozcestník po registrech, úřadech a elektronických službách. Vstupní bod, když není jasné, kde se daná maltská agenda vede. Na automat vrací 403",official,open,none,reference,,,,https://www.gov.mt/,mt-gov,2026-08-28
Veřejná data a správa,Otevřená data,opendata,Nizozemsko,NL,data.overheid.nl,data.overheid.nl,"Nizozemský portál otevřených dat — katalog sad státu, provincií, obcí a vodních správ s CKAN API a DCAT výdejem. Vstupní bod, když není jasné, který z mnoha nizozemských úřadů danou sadu vede",official,open,api,reference,,,,https://data.overheid.nl/,nl-data-overheid,2026-08-28
Veřejná data a správa,Otevřená data,opendata,Nizozemsko,NL,open.overheid.nl,open.overheid.nl,"Zveřejňovací platforma podle zákona o otevřené vládě (Woo) — zprávy, rozhodnutí, poradenské dokumenty a vyřízené žádosti o informace. Nizozemsko zveřejňuje i odpovědi na žádosti, takže je tu materiál, který jinde vzniká jen na vyžádání",official,open,search,reference,,,,https://open.overheid.nl/,nl-open-overheid,2026-08-28
Veřejná data a správa,Otevřená data,opendata,Polsko,PL,dane.gov.pl,dane.gov.pl,"Národní katalog otevřených dat — datasety státní správy i samosprávy, katalog API a metadata; polská obdoba data.gov.cz",official,open,api,reference,,,,https://dane.gov.pl/,pl-dane-gov-pl,2026-08-28
Veřejná data a správa,Otevřená data,opendata,Portugalsko,PT,dados.gov.pt,dados.gov.pt,"Portugalský portál otevřených dat — katalog sad státu, obcí a agentur s CKAN API. Vstupní bod, když není jasné, který portugalský úřad danou sadu vede",official,open,api,reference,,,,https://dados.gov.pt/,pt-dados-gov,2026-08-28
Veřejná data a správa,Otevřená data,opendata,Rumunsko,RO,data.gov.ro,data.gov.ro,"Rumunský portál otevřených dat — katalog sad ministerstev, agentur a obcí s CKAN API. Vstupní bod k rumunským datovým sadám",official,open,api,reference,,,,https://data.gov.ro/,ro-data-gov,2026-08-28
Veřejná data a správa,Otevřená data,opendata,Slovensko,SK,data.slovensko.sk,data.slovensko.sk,"Slovenský portál otevřených dat — katalog datových sad úřadů, obcí a organizací s CKAN API a DCAT výdejem. Nahradil dřívější data.gov.sk, který sem přesměrovává",official,open,api,reference,,,,https://data.slovensko.sk/,sk-data-slovensko,2026-08-28
Veřejná data a správa,Otevřená data,opendata,Slovinsko,SI,OPSI — podatki.gov.si,podatki.gov.si,"Slovinský portál otevřených dat — katalog sad státu, obcí a agentur s CKAN API a DCAT výdejem. Vstupní bod ke slovinským datovým sadám",official,open,api,reference,,,,https://podatki.gov.si/,si-podatki-gov,2026-08-28
Veřejná data a správa,Otevřená data,opendata,Španělsko,ES,datos.gob.es,datos.gob.es,"Španělský portál otevřených dat — federuje katalogy státu, autonomních společenství a obcí, s DCAT-AP a SPARQL. Vstupní bod, když není jasné, jestli sadu vede stát, nebo některý z regionů",official,open,api,reference,,,,https://datos.gob.es/,es-datos-gob,2026-08-28
Veřejná data a správa,Otevřená data,opendata,Švédsko,SE,Sveriges dataportal,dataportal.se,"Švédský národní portál otevřených dat — federuje katalogy státu, krajů a obcí s DCAT-AP-SE a API. Vstupní bod, když není jasné, který švédský úřad danou sadu vede",official,open,api,reference,,,,https://www.dataportal.se/,se-dataportal,2026-08-28
Veřejná data a správa,Otevřená data,opendata,Spojené státy,US,NYC Open Data,opendata.cityofnewyork.us,"Vzorový municipální portál — NYPD complaints, 311, PLUTO parcely",regional,open,api,reference,,,,https://opendata.cityofnewyork.us/,us-nyc-open-data,2026-08-28
Veřejná data a správa,Otevřená data,opendata,Spojené státy,US,Chicago Data Portal,data.cityofchicago.org,Crimes 2001-present s lat/lon — klasický dataset pro prostorovou analytiku,regional,open,api,reference,,,,https://data.cityofchicago.org/,us-chicago-data-portal,2026-08-28
Veřejná data a správa,Statistika a demografie,statistics,Evropská unie,EU,Eurostat GISCO,ec.europa.eu,"Evropské admin hranice NUTS, populační grid 1 km, geodata ke statistice",intl,open,bulk,reference,,,,https://ec.europa.eu/eurostat/web/gisco,eu-eurostat-gisco,2026-08-28
Veřejná data a správa,Statistika a demografie,statistics,Evropská unie,EU,Eurostat — databáze,ec.europa.eu,"Kompletní statistická databáze EU ve stromu témat — ekonomika, obyvatelstvo, trh práce, doprava, energetika, prostředí, a to i na úrovni regionů NUTS 2 a 3. Každá tabulka jde stáhnout nebo adresovat dotazem; harmonizovaná napříč státy, tedy porovnatelná",intl,open,bulk,reference,,,,https://ec.europa.eu/eurostat/web/main/data/database,eu-eurostat-database,2026-08-28
Veřejná data a správa,Statistika a demografie,statistics,Evropská unie,EU,Eurostat API,ec.europa.eu,"Dokumentace k REST rozhraní Eurostatu — dotaz na libovolnou tabulku s filtrem podle času, země a dimenzí, odpověď v JSON-stat, SDMX nebo TSV, bez klíče a bez registrace. Odsud se bere kód dotazu, místo aby se tabulky stahovaly ručně",intl,open,api,reference,,,,https://ec.europa.eu/eurostat/web/user-guides/data-browser/api-data-access,eu-eurostat-api,2026-08-28
Veřejná data a správa,Statistika a demografie,statistics,Evropská unie,EU,ECB Data Portal,data.ecb.europa.eu,"Statistika Evropské centrální banky — úrokové sazby, měnové agregáty, platební bilance, úvěry domácnostem a firmám, ceny nemovitostí a bankovní ukazatele po státech eurozóny. Časové řady ke stažení i přes SDMX API",intl,open,api,reference,,,,https://data.ecb.europa.eu/,eu-ecb-data-portal,2026-08-28
Veřejná data a správa,Statistika a demografie,statistics,Evropská unie,EU,Agri-food Data Portal,agridata.ec.europa.eu,"Zemědělská data Komise — ceny a objemy trhu po komoditách a státech, výměry a výnosy, obchodní toky a výdaje Společné zemědělské politiky. Interaktivní přehledy s exportem; užitečné pro kontext u zemědělských podniků a pozemkových transakcí",intl,open,download,reference,,,,https://agridata.ec.europa.eu/extensions/DataPortal/home.html,eu-agridata,2026-08-28
Veřejná data a správa,Statistika a demografie,statistics,Celosvětové,GLOBAL,HDX (UN OCHA),data.humdata.org,"Globální populace ve vektorových H3 hexagonech 400 m (varianty 3 km a 22 km) — fúze GHSL, Facebook HRSL, Microsoft Buildings, Copernicus Land Cover a OSM",intl,open,bulk,reference,,,,https://data.humdata.org/,global-hdx-un-ocha,2026-08-28
Veřejná data a správa,Statistika a demografie,statistics,Celosvětové,GLOBAL,WorldPop,worldpop.org,"Rastr hustoty populace 100 m, věkové struktury, migrace",research,open,bulk,reference,,,,https://www.worldpop.org/,global-worldpop,2026-08-28
Veřejná data a správa,Statistika a demografie,statistics,Celosvětové,GLOBAL,Kontur Population Dataset,data.humdata.org,H3-indexovaný globální populační dataset,commercial,open,bulk,reference,,,,https://data.humdata.org/dataset/kontur-population-dataset,global-kontur-population-dataset,2026-08-28
Veřejná data a správa,Statistika a demografie,statistics,Celosvětové,GLOBAL,Our World in Data,ourworldindata.org,"Kurátorované časové řady na úrovni států — populace, energie, emise, zdraví, ekonomika — sjednocené z primárních zdrojů, s grafy, exportem do CSV a odkazem na původní datovou sadu",ngo,open,bulk,reference,,,,https://ourworldindata.org/,global-our-world-in-data,2026-08-28
Veřejná data a správa,Statistika a demografie,statistics,Celosvětové,GLOBAL,UN World Population Prospects,population.un.org,"Odhady a projekce populace OSN po zemích do roku 2100 — věkové struktury, fertilita, mortalita a migrace, kompletní datové sady ke stažení",intl,open,bulk,reference,,,,https://population.un.org/wpp/,global-un-world-population-prospects,2026-08-28
Veřejná data a správa,Statistika a demografie,statistics,Celosvětové,GLOBAL,OECD Data Explorer,data-explorer.oecd.org,Statistiky OECD včetně regionálních ukazatelů TL2/TL3 a metropolitních areálů — strojový přístup přes SDMX API na sdmx.oecd.org,intl,open,api,reference,,,,https://data-explorer.oecd.org/,global-oecd-data-explorer,2026-08-28
Veřejná data a správa,Statistika a demografie,statistics,Celosvětové,GLOBAL,IPUMS International,international.ipums.org,"Harmonizovaná census mikrodata ze 104 zemí (656 sčítání) včetně hranic administrativních jednotek — zdarma, ale až po registraci a schválení účelu použití",research,registration,bulk,reference,,,,https://international.ipums.org/international/,global-ipums-international,2026-08-28
Veřejná data a správa,Statistika a demografie,statistics,Rakousko,AT,Statistik Austria,statistik.at,"Rakouský statistický úřad — obyvatelstvo, ekonomika, trh práce, ceny a regionální ukazatele až na úroveň obcí, s databází STATcube a otevřenými datovými sadami. Zdroj pro srovnání regionů, které Eurostat nese jen do úrovně NUTS",official,open,api,reference,,,,https://www.statistik.at/,at-statistik-austria,2026-08-28
Veřejná data a správa,Statistika a demografie,statistics,Rakousko,AT,Open Data Statistik Austria,data.statistik.gv.at,"Otevřená data Statistik Austria ve strojovém tvaru — datové kostky ve formátu SDMX a CSV včetně rastrových a obecních mřížek obyvatelstva. Odsud se berou data programově, místo klikání ve STATcube",official,open,bulk,reference,,,,https://data.statistik.gv.at/web/,at-data-statistik,2026-08-28
Veřejná data a správa,Statistika a demografie,statistics,Belgie,BE,Statbel,statbel.fgov.be,"Belgický statistický úřad — obyvatelstvo, ekonomika, trh práce, ceny a hlavně podrobná statistika bydlení a nemovitostních transakcí po obcích. Otevřené datové sady ke stažení včetně mediánových cen nemovitostí",official,open,bulk,reference,,,,https://statbel.fgov.be/,be-statbel,2026-08-28
Veřejná data a správa,Statistika a demografie,statistics,Bulharsko,BG,НСИ — Национален статистически институт,nsi.bg,"Bulharský statistický institut — obyvatelstvo, ekonomika, trh práce, ceny a sčítání 2021, s regionálním členěním. Databáze Infostat nese tabulky s vlastním výběrem",official,open,download,reference,,,,https://www.nsi.bg/,bg-nsi,2026-08-28
Veřejná data a správa,Statistika a demografie,statistics,Chorvatsko,HR,DZS — Državni zavod za statistiku,dzs.gov.hr,"Chorvatský statistický úřad — obyvatelstvo, ekonomika, trh práce a ceny, sčítání 2021 a regionální ukazatele. Data samotná jsou v databázi PC-Axis na podaci.dzs.hr",official,open,download,reference,,,,https://dzs.gov.hr/,hr-dzs,2026-08-28
Veřejná data a správa,Statistika a demografie,statistics,Chorvatsko,HR,PC-Axis databáze DZS,podaci.dzs.hr,"Databáze chorvatské statistiky — tabulky s vlastním výběrem období a členění až na úroveň žup a obcí, s exportem a API. Odsud se chorvatská statistika bere programově",official,open,api,reference,,,,https://podaci.dzs.hr/,hr-podaci-dzs,2026-08-28
Veřejná data a správa,Statistika a demografie,statistics,Kypr,CY,CYSTAT,cystat.gov.cy,"Kyperský statistický úřad — obyvatelstvo, ekonomika, trh práce, ceny a statistika nemovitostních transakcí, s publikacemi a tabulkami ke stažení. Data se týkají území pod kontrolou Kyperské republiky",official,open,download,reference,,,,https://www.cystat.gov.cy/,cy-cystat,2026-08-28
Veřejná data a správa,Statistika a demografie,statistics,Česko,CZ,ČSÚ,csu.gov.cz,ČSÚ Ceny nemovitostí — průměrné ceny rodinných domů a bytů a cenové indexy po krajích a okresech za tříleté klouzavé období,official,open,api,history,2,1,2026-06-16,https://csu.gov.cz/,cz-csu,2026-08-28
Veřejná data a správa,Statistika a demografie,statistics,Česko,CZ,ČSÚ Statistický geoportál,geodata.csu.gov.cz,"Statistický geoportál ČSÚ — gridy SLDB 2021, ZSJ, registr sčítacích obvodů a budov (RSO) a hranice NUTS/LAU přes ArcGIS REST, WMS/WFS a INSPIRE služby",official,open,ogc,reference,,,,https://geodata.csu.gov.cz/,cz-csu-statisticky-geoportal,2026-08-28
Veřejná data a správa,Statistika a demografie,statistics,Česko,CZ,ČSÚ — Veřejná databáze,vdb.czso.cz,"Hlavní dotazovací rozhraní do statistik ČSÚ — obyvatelstvo, mzdy, zaměstnanost, ceny, bydlení a hospodářské ukazatele až na úroveň obcí, s vlastním výběrem území a období. Tabulky jdou stáhnout i adresovat dotazem v API",official,open,api,reference,,,,https://vdb.czso.cz/vdbvo2/faces/cs/index.jsf,cz-csu-vdb,2026-08-28
Veřejná data a správa,Statistika a demografie,statistics,Dánsko,DK,Danmarks Statistik,dst.dk,"Dánský statistický úřad — obyvatelstvo, ekonomika, trh práce, ceny a nemovitostní transakce. Data samotná jsou ve Statistikbanken s otevřeným API",official,open,api,reference,,,,https://www.dst.dk/,dk-dst,2026-08-28
Veřejná data a správa,Statistika a demografie,statistics,Dánsko,DK,Statistikbanken,statbank.dk,"Databáze dánské statistiky — tabulky s vlastním výběrem období a členění až na úroveň obcí, s exportem a **otevřeným REST API bez klíče**. Odsud se dánská statistika bere programově",official,open,api,reference,,,,https://www.statbank.dk/,dk-statbank,2026-08-28
Veřejná data a správa,Statistika a demografie,statistics,Estonsko,EE,Statistikaamet,stat.ee,"Estonský statistický úřad — obyvatelstvo, ekonomika, trh práce, ceny a bydlení, s databází a **otevřeným API bez klíče**. Data až na úroveň obcí",official,open,api,reference,,,,https://www.stat.ee/,ee-stat,2026-08-28
Veřejná data a správa,Statistika a demografie,statistics,Estonsko,EE,Statistikaameti andmebaas,andmed.stat.ee,"Databáze estonské statistiky — tabulky s vlastním výběrem období a členění, export a REST API. Odsud se estonská statistika bere programově",official,open,api,reference,,,,https://andmed.stat.ee/,ee-andmed-stat,2026-08-28
Veřejná data a správa,Statistika a demografie,statistics,Finsko,FI,Tilastokeskus,stat.fi,"Finský statistický úřad — obyvatelstvo, ekonomika, trh práce, ceny a bydlení, s databází PxWeb a **otevřeným API**. Data až na úroveň statistických mřížek 250 m",official,open,api,reference,,,,https://www.stat.fi/,fi-stat,2026-08-28
Veřejná data a správa,Statistika a demografie,statistics,Francie,FR,INSEE,insee.fr,"Francouzský statistický úřad — obyvatelstvo, ekonomika, ceny a hlavně **registr SIRENE** se všemi francouzskými podniky a provozovnami. Data až na úroveň obcí a čtvrtí (IRIS), většina jako otevřená data",official,open,bulk,reference,,,,https://www.insee.fr/,fr-insee,2026-08-28
Veřejná data a správa,Statistika a demografie,statistics,Francie,FR,API INSEE,portail-api.insee.fr,"Programová rozhraní INSEE — Sirene (podniky a provozovny), statistické řady BDM, číselníky územních jednotek. Klíč zdarma po registraci; starší api.insee.fr už neodpovídá",official,registration,api,reference,,,,https://portail-api.insee.fr/,fr-insee-api,2026-08-28
Veřejná data a správa,Statistika a demografie,statistics,Francie,FR,Banque de France — statistiky,banque-france.fr,"Francouzská centrální banka — úvěry, sazby, platební bilance, podnikové ratingy FIBEN a regionální hospodářské přehledy, s datovým portálem a API. Doplňuje regulátory o čísla, ne o licence",official,open,api,reference,,,,https://www.banque-france.fr/,fr-banque-france,2026-08-28
Veřejná data a správa,Statistika a demografie,statistics,Německo,DE,Destatis — Statistisches Bundesamt,destatis.de,"Německý statistický úřad — obyvatelstvo, ekonomika, ceny, zahraniční obchod a podnikové statistiky, s metodikou a publikacemi. Data samotná se berou z databáze GENESIS",official,open,download,reference,,,,https://www.destatis.de/DE/Home/_inhalt.html,de-destatis,2026-08-28
Veřejná data a správa,Statistika a demografie,statistics,Německo,DE,GENESIS-Online,genesis.destatis.de,"Hlavní databáze německé statistiky — tabulky s vlastním výběrem období a členění, export do CSV a plnohodnotné REST i SOAP API. Odsud se německá statistika bere programově",official,open,api,reference,,,,https://genesis.destatis.de/,de-genesis,2026-08-28
Veřejná data a správa,Statistika a demografie,statistics,Německo,DE,Regionalstatistik,regionalstatistik.de,"Regionální databanka statistických úřadů spolku a zemí — tytéž ukazatele jako GENESIS, ale až na úroveň okresů a obcí. Pro srovnávání německých regionů je to jediný harmonizovaný zdroj",official,open,api,reference,,,,https://www.regionalstatistik.de/genesis/online/,de-regionalstatistik,2026-08-28
Veřejná data a správa,Statistika a demografie,statistics,Německo,DE,Zensus 2022 — výsledky,ergebnisse.zensus2022.de,"Výsledky německého sčítání 2022 — obyvatelstvo, domácnosti a hlavně sčítání budov a bytů, až na mřížku 100 m. Nejpodrobnější veřejný pohled na německý bytový fond včetně nájmů a stáří staveb",official,open,bulk,reference,,,,https://ergebnisse.zensus2022.de/datenbank/online/,de-zensus2022,2026-08-28
Veřejná data a správa,Statistika a demografie,statistics,Řecko,GR,ΕΛΣΤΑΤ — Ελληνική Στατιστική Αρχή,statistics.gr,"Řecký statistický úřad — obyvatelstvo, ekonomika, trh práce, ceny a sčítání 2021, s regionálním členěním a otevřenými datovými sadami",official,open,download,reference,,,,https://www.statistics.gr/,gr-statistics,2026-08-28
Veřejná data a správa,Statistika a demografie,statistics,Maďarsko,HU,KSH — Központi Statisztikai Hivatal,ksh.hu,"Maďarský statistický úřad — obyvatelstvo, ekonomika, trh práce, ceny a sčítání, s regionálním členěním až na obce. Databáze STADAT a Statinfo nesou tabulky s vlastním výběrem",official,open,download,reference,,,,https://www.ksh.hu/,hu-ksh,2026-08-28
Veřejná data a správa,Statistika a demografie,statistics,Irsko,IE,CSO — Central Statistics Office,cso.ie,"Irský statistický úřad — obyvatelstvo, ekonomika, trh práce, ceny a sčítání, s databází PxStat a otevřeným API. Data až na úroveň Small Areas, tedy jednotek po několika stovkách obyvatel",official,open,api,reference,,,,https://www.cso.ie/,ie-cso,2026-08-28
Veřejná data a správa,Statistika a demografie,statistics,Itálie,IT,ISTAT,istat.it,"Italský statistický úřad — obyvatelstvo, ekonomika, trh práce, ceny a sčítání, až na úroveň obcí a sčítacích úseků, s otevřenými datovými sadami a geografickými hranicemi",official,open,bulk,reference,,,,https://www.istat.it/,it-istat,2026-08-28
Veřejná data a správa,Statistika a demografie,statistics,Itálie,IT,ISTAT EsploraDati,esploradati.istat.it,"Databáze italské statistiky ve standardu SDMX — tabulky s vlastním výběrem období a členění, s API. Odsud se italská statistika bere programově; nahradila starší I.Stat",official,open,api,reference,,,,https://esploradati.istat.it/databrowser/,it-esploradati,2026-08-28
Veřejná data a správa,Statistika a demografie,statistics,Lotyšsko,LV,Centrālā statistikas pārvalde,stat.gov.lv,"Lotyšský statistický úřad — obyvatelstvo, ekonomika, trh práce, ceny a sčítání, s databází a otevřeným API. Data až na úroveň obcí",official,open,api,reference,,,,https://stat.gov.lv/,lv-stat,2026-08-28
Veřejná data a správa,Statistika a demografie,statistics,Lotyšsko,LV,Oficiālās statistikas portāls,data.stat.gov.lv,"Databáze lotyšské oficiální statistiky v PX-Web — tabulky s vlastním výběrem, export a REST API. Odsud se lotyšská statistika bere programově",official,open,api,reference,,,,https://data.stat.gov.lv/,lv-data-stat,2026-08-28
Veřejná data a správa,Statistika a demografie,statistics,Litva,LT,Oficialiosios statistikos portalas,osp.stat.gov.lt,"Portál litevské oficiální statistiky — obyvatelstvo, ekonomika, trh práce, ceny a bydlení, s databází a otevřeným API. Na automat vrací 403, v prohlížeči funguje",official,open,api,reference,,,,https://osp.stat.gov.lt/,lt-osp,2026-08-28
Veřejná data a správa,Statistika a demografie,statistics,Lucembursko,LU,STATEC,statistiques.public.lu,"Lucemburský statistický úřad — obyvatelstvo, ekonomika, trh práce, ceny a **statistika přeshraničních pracovníků**, která je v Lucembursku klíčová. Databáze s API",official,open,api,reference,,,,https://statistiques.public.lu/,lu-statec,2026-08-28
Veřejná data a správa,Statistika a demografie,statistics,Malta,MT,NSO Malta,nso.gov.mt,"Maltský statistický úřad — obyvatelstvo, ekonomika, trh práce, ceny a statistika nemovitostních transakcí, s publikacemi a datovými sadami. Na automat vrací 403, v prohlížeči funguje",official,open,download,reference,,,,https://nso.gov.mt/,mt-nso,2026-08-28
Veřejná data a správa,Statistika a demografie,statistics,Nizozemsko,NL,CBS StatLine (open data),opendata.cbs.nl,"Databáze nizozemské statistiky — tabulky s vlastním výběrem období a členění až na úroveň obcí a čtvrtí, s OData API. Odsud se nizozemská statistika bere programově",official,open,api,reference,,,,https://opendata.cbs.nl/,nl-cbs-statline,2026-08-28
Veřejná data a správa,Statistika a demografie,statistics,Nizozemsko,NL,CBS — Centraal Bureau voor de Statistiek,cbs.nl,"Nizozemský statistický úřad — obyvatelstvo, ekonomika, bydlení a regionální ukazatele včetně mřížkových dat po čtvrtích a okrscích. Metodika a publikace; data samotná jsou v StatLine",official,open,download,reference,,,,https://www.cbs.nl/,nl-cbs,2026-08-28
Veřejná data a správa,Statistika a demografie,statistics,Polsko,PL,Portal Geostatystyczny (GUS),portal.geo.stat.gov.pl,"Prostorová statistika GUS — data ze sčítání a Banku Danych Lokalnych na mapě, po územních jednotkách i v gridech, se službami podle INSPIRE",official,open,ogc,reference,,,,https://portal.geo.stat.gov.pl/,pl-portal-geostatystyczny-gus,2026-08-28
Veřejná data a správa,Statistika a demografie,statistics,Polsko,PL,Bank Danych Lokalnych (GUS),bdl.stat.gov.pl,"Nejpodrobnější veřejná statistika GUS až na úroveň gmin — časové řady po dimenzích, hromadný export i REST API",official,open,api,reference,,,,https://bdl.stat.gov.pl/bdl/,pl-bank-danych-lokalnych-gus,2026-08-28
Veřejná data a správa,Statistika a demografie,statistics,Polsko,PL,API GUS,api.stat.gov.pl,"Rozcestník API polského statistického úřadu — REGON (BIR1), TERYT, BDL, SDP, STRATEG a další; REGON vyžaduje registraci a klíč",official,open,api,reference,,,,https://api.stat.gov.pl/,pl-api-gus,2026-08-28
Veřejná data a správa,Statistika a demografie,statistics,Portugalsko,PT,INE Portugal,ine.pt,"Portugalský statistický úřad — obyvatelstvo, ekonomika, trh práce, ceny a statistika bydlení až na úroveň obcí a částí (freguesias), s JSON API a otevřenými sadami",official,open,api,reference,,,,https://www.ine.pt/,pt-ine,2026-08-28
Veřejná data a správa,Statistika a demografie,statistics,Portugalsko,PT,PORDATA,pordata.pt,"Databáze portugalských a evropských statistik nadace Francisca Manuela dos Santos — dlouhé řady sjednocené z primárních zdrojů, s grafy a exportem. Použitelnější než INE, když je potřeba srovnání v čase a mezi zeměmi",ngo,open,download,reference,,,,https://www.pordata.pt/,pt-pordata,2026-08-28
Veřejná data a správa,Statistika a demografie,statistics,Rumunsko,RO,TEMPO Online (INS),statistici.insse.ro,"Databáze rumunské statistiky — tabulky s vlastním výběrem období a členění až na úroveň obcí, s exportem. Hlavní web insse.ro vrací automatu 503; tohle je funkční datová cesta, byť jen přes HTTP",official,open,api,reference,,,,http://statistici.insse.ro:8077/tempo-online/,ro-tempo,2026-08-28
Veřejná data a správa,Statistika a demografie,statistics,Rumunsko,RO,Recensământ România 2021,recensamantromania.ro,"Výsledky rumunského sčítání 2021 — obyvatelstvo, domácnosti, bydlení a národnostní složení až na úroveň obcí a částí, ke stažení. Nejpodrobnější dostupný obraz rumunské demografie",official,open,download,reference,,,,https://www.recensamantromania.ro/,ro-recensamant,2026-08-28
Veřejná data a správa,Statistika a demografie,statistics,Slovensko,SK,Štatistický úrad SR,slovak.statistics.sk,"Slovenský statistický úřad — obyvatelstvo, ekonomika, trh práce, ceny a regionální ukazatele, sčítání lidu 2021 a metodické vysvětlivky. Data samotná se berou z databáze DATAcube",official,open,download,reference,,,,https://slovak.statistics.sk/,sk-statistics,2026-08-28
Veřejná data a správa,Statistika a demografie,statistics,Slovensko,SK,DATAcube,datacube.statistics.sk,"Hlavní databáze slovenské statistiky — datové kostky s vlastním výběrem území, období a ukazatelů až na úroveň obcí, s exportem a REST API. Odsud se slovenská statistika bere programově",official,open,api,reference,,,,https://datacube.statistics.sk/,sk-datacube,2026-08-28
Veřejná data a správa,Statistika a demografie,statistics,Slovinsko,SI,SURS — statistični urad,stat.si,"Slovinský statistický úřad — obyvatelstvo, ekonomika, trh práce, ceny a regionální ukazatele až na úroveň obcí. Metodika a publikace; data samotná jsou v SiStat",official,open,download,reference,,,,https://www.stat.si/,si-stat,2026-08-28
Veřejná data a správa,Statistika a demografie,statistics,Slovinsko,SI,SiStat,pxweb.stat.si,"Databáze slovinské statistiky v PX-Web — tabulky s vlastním výběrem období a členění, export a REST API. Odsud se slovinská statistika bere programově",official,open,api,reference,,,,https://pxweb.stat.si/SiStat/,si-sistat,2026-08-28
Veřejná data a správa,Statistika a demografie,statistics,Španělsko,ES,INE — Instituto Nacional de Estadística,ine.es,"Španělský statistický úřad — obyvatelstvo, ekonomika, ceny, trh práce a statistika nemovitostních transakcí, až na úroveň obcí a částí měst. Má JSON API a otevřené datové sady",official,open,api,reference,,,,https://www.ine.es/,es-ine,2026-08-28
Veřejná data a správa,Statistika a demografie,statistics,Švédsko,SE,SCB — Statistiska centralbyrån,scb.se,"Švédský statistický úřad — obyvatelstvo, ekonomika, trh práce, ceny a nemovitostní transakce, s databází v PX-Web a **otevřeným API bez klíče**. Data až na úroveň obcí a DeSO oblastí",official,open,api,reference,,,,https://www.scb.se/,se-scb,2026-08-28
Veřejná data a správa,Legislativa a věstníky,gazette,Evropská unie,EU,EUR-Lex,eur-lex.europa.eu,"Úřední věstník EU a kompletní právo Unie ve všech úředních jazycích — nařízení, směrnice, konsolidovaná znění, přípravné akty i judikatura, s historií verzí a vazbami mezi předpisy. Strojově přes SPARQL nad Cellarem a webové služby; základ pro jakoukoli právní rešerši v EU",intl,open,api,reference,,,,https://eur-lex.europa.eu/,eu-eur-lex,2026-08-28
Veřejná data a správa,Legislativa a věstníky,gazette,Evropská unie,EU,N-Lex — právo členských států,n-lex.europa.eu,"Jednotné rozhraní do národních právních databází všech členských států — jeden formulář, který se přeloží do dotazu konkrétní národní sbírky zákonů. Rychlá cesta k tomu, kde vůbec národní právo dané země najít, když člověk neumí jazyk",intl,open,search,reference,,,,https://n-lex.europa.eu/n-lex/,eu-n-lex,2026-08-28
Veřejná data a správa,Legislativa a věstníky,gazette,Rakousko,AT,RIS — Rechtsinformationssystem (OGD API),data.bka.gv.at,"Rakouský právní informační systém — spolkové i zemské právo v konsolidovaném znění, Bundesgesetzblatt a judikatura všech vrcholných soudů, zdarma. Webové rozhraní na ris.bka.gv.at automatické klienty odmítá (503), tohle je oficiální otevřené API nad týmiž daty",official,open,api,reference,,,,https://data.bka.gv.at/ris/api/v2.6/,at-ris,2026-08-28
Veřejná data a správa,Legislativa a věstníky,gazette,Rakousko,AT,EVI — Verlautbarungsplattform des Bundes,evi.gv.at,"Elektronická platforma úředních vyhlášek spolku — nástupce Amtsblattu zrušených tištěných Wiener Zeitung. Zveřejňují se sem oznámení podle desítek zákonů: svolání valných hromad, veřejné výzvy, oznámení o přeměnách. Amtsblatt na wienerzeitung.at už nefunguje",official,open,search,reference,,,,https://www.evi.gv.at/,at-evi,2026-08-28
Veřejná data a správa,Legislativa a věstníky,gazette,Belgie,BE,Moniteur belge / Belgisch Staatsblad,ejustice.just.fgov.be,"Belgický úřední věstník — zákony a nařízení federace i regionů, a k tomu **zveřejnění aktů společností**: zakládání, změny stanov, jmenování orgánů a likvidace. Belgické firemní publikace jsou právě tady, ne v samostatném obchodním věstníku",official,open,search,reference,,,,https://www.ejustice.just.fgov.be/cgi/welcome.pl,be-moniteur,2026-08-28
Veřejná data a správa,Legislativa a věstníky,gazette,Bulharsko,BG,Държавен вестник,dv.parliament.bg,"Bulharský úřední věstník vydávaný parlamentem — vyhlášení zákonů, nařízení a úředních oznámení, s archivem a fulltextem zdarma",official,open,search,reference,,,,https://dv.parliament.bg/,bg-dv,2026-08-28
Veřejná data a správa,Legislativa a věstníky,gazette,Bulharsko,BG,Lex.bg,lex.bg,"Bulharská právní databáze — konsolidovaná znění zákonů a nařízení s historií novelizací a judikaturou. Základní texty zdarma, pokročilé funkce za předplatné. Na automat vrací 403, v prohlížeči funguje",commercial,mixed,search,reference,,,,https://lex.bg/,bg-lex,2026-08-28
Veřejná data a správa,Legislativa a věstníky,gazette,Chorvatsko,HR,Narodne novine,narodne-novine.nn.hr,"Chorvatský úřední věstník — vyhlášení zákonů, nařízení, mezinárodních smluv a úředních oznámení, s archivem od roku 1990 a zdarma",official,open,search,reference,,,,https://narodne-novine.nn.hr/,hr-narodne-novine,2026-08-28
Veřejná data a správa,Legislativa a věstníky,gazette,Chorvatsko,HR,Zakon.hr,zakon.hr,"Konsolidovaná znění chorvatských zákonů zdarma, s historií novelizací a odkazy na Narodne novine. Úřední text je ve věstníku; tohle je použitelnější, když je potřeba zjistit, co platí dnes",commercial,open,search,reference,,,,https://www.zakon.hr/,hr-zakon,2026-08-28
Veřejná data a správa,Legislativa a věstníky,gazette,Kypr,CY,Ministerstvo financí a Επίσημη Εφημερίδα,mof.gov.cy,"Kyperské ministerstvo financí a jeho tiskárna, která vydává **úřední věstník Επίσημη Εφημερίδα** — vyhlášení zákonů, nařízení a úředních oznámení včetně firemních a insolvenčních vyhlášek. Vedle toho rozpočet a daňová legislativa. Věstník nemá vlastní funkční doménu",official,open,download,reference,,,,https://www.mof.gov.cy/,cy-mof,2026-08-28
Veřejná data a správa,Legislativa a věstníky,gazette,Česko,CZ,e-Sbírka,e-sbirka.gov.cz,"Oficiální elektronická Sbírka zákonů a mezinárodních smluv, závazná od ledna 2024 — konsolidovaná znění předpisů ke každému dni, historie novelizací a vazby mezi předpisy. Nahradila papírovou sbírku i skenované PDF; má vlastní rozhraní pro strojový odběr",official,open,api,reference,,,,https://e-sbirka.gov.cz/,cz-e-sbirka,2026-08-28
Veřejná data a správa,Legislativa a věstníky,gazette,Česko,CZ,Zákony pro lidi,zakonyprolidi.cz,"Komerční databáze českého práva od roku 1945 s konsolidovanými zněními, časovými verzemi a odkazy na judikaturu. Základní texty zdarma, srovnání verzí a monitoring změn za předplatné. Rychlejší práce než v e-Sbírce, ale závazný text je ten úřední",commercial,mixed,search,reference,,,,https://www.zakonyprolidi.cz/,cz-zakonyprolidi,2026-08-28
Veřejná data a správa,Legislativa a věstníky,gazette,Česko,CZ,Sbírka právních předpisů ÚSC,sbirkapp.gov.cz,"Celostátní sbírka obecně závazných vyhlášek a nařízení krajů a obcí, povinná od roku 2022 — místní poplatky, veřejný pořádek, územní opatření. Do jejího vzniku byly vyhlášky roztroušené po úředních deskách a nedaly se dohledat",official,open,api,reference,,,,https://sbirkapp.gov.cz/,cz-sbirka-pp-usc,2026-08-28
Veřejná data a správa,Legislativa a věstníky,gazette,Dánsko,DK,Retsinformation,retsinformation.dk,"Dánské právo v konsolidovaném znění — zákony, nařízení a správní předpisy s historií a strojově čitelnými daty, zdarma. Úřední vyhlašování má Lovtidende, veřejná oznámení Statstidende",official,open,bulk,reference,,,,https://www.retsinformation.dk/,dk-retsinformation,2026-08-28
Veřejná data a správa,Legislativa a věstníky,gazette,Dánsko,DK,Statstidende,statstidende.dk,"Dánský úřední oznamovací list — **konkurzy, likvidace, výzvy věřitelům, nucené dražby a pozůstalostní řízení**, s vyhledáváním a API zdarma. Dánsko nemá samostatný insolvenční rejstřík, úpadky jsou tady",official,open,api,reference,,,,https://www.statstidende.dk/,dk-statstidende,2026-08-28
Veřejná data a správa,Legislativa a věstníky,gazette,Estonsko,EE,Riigi Teataja,riigiteataja.ee,"Estonský úřední věstník a konsolidované právo — **zákony a nařízení ve znění ke každému dni, judikatura a obecní předpisy, zdarma a se strojovým rozhraním**. Od roku 2010 vychází jen elektronicky a elektronická verze je závazná",official,open,api,reference,,,,https://www.riigiteataja.ee/,ee-riigiteataja,2026-08-28
Veřejná data a správa,Legislativa a věstníky,gazette,Finsko,FI,Finlex,finlex.fi,"Finská právní databáze — konsolidované zákony a nařízení, **judikatura nejvyšších soudů a přípravné práce**, ve finštině a švédštině, zdarma a se strojově čitelnými daty. Na automat vrací 403, v prohlížeči funguje",official,open,bulk,reference,,,,https://www.finlex.fi/,fi-finlex,2026-08-28
Veřejná data a správa,Legislativa a věstníky,gazette,Francie,FR,Légifrance,legifrance.gouv.fr,"Francouzské právo v konsolidovaném znění — zákoníky, zákony, nařízení, kolektivní smlouvy a judikatura, s historií verzí. Má otevřené API (Piste) a hromadná data. Na automat vrací 403, v prohlížeči funguje",official,open,api,reference,,,,https://www.legifrance.gouv.fr/,fr-legifrance,2026-08-28
Veřejná data a správa,Legislativa a věstníky,gazette,Francie,FR,Journal officiel,journal-officiel.gouv.fr,Francouzský úřední věstník — vedle právních aktů i **registr spolků (associations)** a oznámení o jejich vzniku a změnách. U neziskového sektoru je to jediný veřejný registr,official,open,bulk,reference,,,,https://www.journal-officiel.gouv.fr/,fr-journal-officiel,2026-08-28
Veřejná data a správa,Legislativa a věstníky,gazette,Německo,DE,Gesetze im Internet,gesetze-im-internet.de,"Prakticky celé spolkové právo v konsolidovaném znění, zdarma a bez registrace, včetně strojově čitelného XML ke každému předpisu. Zemské právo tu není — to vede každá spolková země zvlášť",official,open,bulk,reference,,,,https://www.gesetze-im-internet.de/,de-gesetze-im-internet,2026-08-28
Veřejná data a správa,Legislativa a věstníky,gazette,Německo,DE,Bundesanzeiger,bundesanzeiger.de,"Spolkový věstník — úřední a soudní oznámení, kapitálové a bankovní publikace, a hlavně **účetní závěrky německých firem**, které se sem povinně ukládají. Vyhledávání i čtení je zdarma; nezaměňovat s Unternehmensregister, který je jen jednotným vstupem",official,open,search,reference,,,,https://www.bundesanzeiger.de/pub/de/start?0,de-bundesanzeiger,2026-08-28
Veřejná data a správa,Legislativa a věstníky,gazette,Řecko,GR,Εθνικό Τυπογραφείο — Φ.Ε.Κ.,et.gr,"Řecký úřední věstník (ΦΕΚ) — vyhlášení zákonů, nařízení a úředních oznámení jako podepsaná PDF, s vyhledáváním na search.et.gr. Zdarma",official,open,search,reference,,,,https://www.et.gr/,gr-et,2026-08-28
Veřejná data a správa,Legislativa a věstníky,gazette,Řecko,GR,Αναζήτηση ΦΕΚ,search.et.gr,"Fulltextové vyhledávání v řeckém úředním věstníku — podle čísla, data, typu aktu i obsahu, s přímým stažením PDF. Praktičtější vstup než hlavní web tiskárny",official,open,search,reference,,,,https://search.et.gr/,gr-search-et,2026-08-28
Veřejná data a správa,Legislativa a věstníky,gazette,Maďarsko,HU,Magyar Közlöny,magyarkozlony.hu,"Maďarský úřední věstník — vyhlášení zákonů, vládních nařízení a úředních oznámení jako podepsaná PDF, zdarma. Konsolidovaná znění vede Nemzeti Jogszabálytár, která ale mimo Maďarsko neodpovídá",official,open,download,reference,,,,https://magyarkozlony.hu/,hu-magyarkozlony,2026-08-28
Veřejná data a správa,Legislativa a věstníky,gazette,Irsko,IE,Irish Statute Book,irishstatutebook.ie,"Irské právo — zákony a podzákonné předpisy od roku 1922, revidované konsolidované texty a **strojově čitelná data ke stažení**, zdarma. Iris Oifigiúil (úřední věstník) vychází zvlášť",official,open,bulk,reference,,,,https://www.irishstatutebook.ie/,ie-statutebook,2026-08-28
Veřejná data a správa,Legislativa a věstníky,gazette,Itálie,IT,Normattiva,normattiva.it,"Konsolidované italské právo — zákony a dekrety ve znění ke každému dni od roku 1861, s historií verzí a vazbami mezi předpisy, zdarma. Praktičtější než Gazzetta Ufficiale, která nese jen vyhlášení",official,open,search,reference,,,,https://www.normattiva.it/,it-normattiva,2026-08-28
Veřejná data a správa,Legislativa a věstníky,gazette,Itálie,IT,Gazzetta Ufficiale,gazzettaufficiale.it,"Italský úřední věstník — vyhlášení zákonů a dekretů, ale i **úřední oznámení, konkurzy a soudní vyhlášky**. Vychází v několika řadách; regionální předpisy mají vlastní věstníky (BUR)",official,open,search,reference,,,,https://www.gazzettaufficiale.it/,it-gazzetta,2026-08-28
Veřejná data a správa,Legislativa a věstníky,gazette,Lotyšsko,LV,Latvijas Vēstnesis,vestnesis.lv,"Lotyšský úřední věstník — vyhlášení zákonů, nařízení a **úředních oznámení včetně insolvenčních a soudních vyhlášek**, zdarma",official,open,search,reference,,,,https://www.vestnesis.lv/,lv-vestnesis,2026-08-28
Veřejná data a správa,Legislativa a věstníky,gazette,Lotyšsko,LV,Likumi.lv,likumi.lv,"Lotyšské právo v konsolidovaném znění — zákony a nařízení ke každému dni s historií novelizací a vazbami, zdarma. Provozuje vydavatel úředního věstníku",official,open,search,reference,,,,https://likumi.lv/,lv-likumi,2026-08-28
Veřejná data a správa,Legislativa a věstníky,gazette,Litva,LT,TAR — Teisės aktų registras,e-tar.lt,"Litevský registr právních aktů — **úřední vyhlašování a konsolidovaná znění zákonů a nařízení ke každému dni**, zdarma a se strojovým rozhraním. Na automat vrací 403, v prohlížeči funguje",official,open,api,reference,,,,https://www.e-tar.lt/,lt-etar,2026-08-28
Veřejná data a správa,Legislativa a věstníky,gazette,Lucembursko,LU,Legilux,legilux.public.lu,"Lucemburský úřední věstník a konsolidované právo — **Mémorial A (zákony a nařízení), Mémorial B a RCS oznámení společností**, zdarma a se strojově čitelnými daty. Firemní zveřejnění jsou tady, ne v samostatném obchodním věstníku",official,open,api,reference,,,,https://legilux.public.lu/,lu-legilux,2026-08-28
Veřejná data a správa,Legislativa a věstníky,gazette,Malta,MT,Legislation Malta,legislation.mt,"Maltské právo v konsolidovaném znění — zákony a podzákonné předpisy v angličtině i maltštině, s historií novelizací a **Government Gazette**. Zdarma; angličtina je úřední jazyk, takže je právo přímo čitelné",official,open,search,reference,,,,https://legislation.mt/,mt-legislation,2026-08-28
Veřejná data a správa,Legislativa a věstníky,gazette,Nizozemsko,NL,Wetten.overheid.nl,wetten.overheid.nl,"Konsolidované nizozemské právo — zákony, nařízení a předpisy obcí a provincií ke každému dni, s historií verzí a strojově čitelným XML. Zdarma a bez registrace",official,open,api,reference,,,,https://wetten.overheid.nl/,nl-wetten,2026-08-28
Veřejná data a správa,Legislativa a věstníky,gazette,Nizozemsko,NL,Officiële bekendmakingen,zoek.officielebekendmakingen.nl,"Úřední oznámení státu, provincií, obcí a vodních správ — Staatscourant, Staatsblad, parlamentní tisky a hlavně **stavební a environmentální povolení**. Zveřejnění povolení k adrese je tu dohledatelné, což u prověrky nemovitosti pomáhá",official,open,bulk,reference,,,,https://zoek.officielebekendmakingen.nl/,nl-officielebekendmakingen,2026-08-28
Veřejná data a správa,Legislativa a věstníky,gazette,Polsko,PL,Dziennik Ustaw,dziennikustaw.gov.pl,"Polská sbírka zákonů — úplné texty publikovaných předpisů od roku 1918 jako podepsaná PDF, s vyhledáváním podle roku, položky a názvu. Závazné znění je to zdejší; komerční databáze z něj jen odvozují konsolidace",official,open,download,reference,,,,https://dziennikustaw.gov.pl/DU,pl-dziennik-ustaw,2026-08-28
Veřejná data a správa,Legislativa a věstníky,gazette,Polsko,PL,Monitor Polski,monitorpolski.gov.pl,"Úřední věstník Polské republiky — usnesení vlády, oznámení ministrů, jmenování a sdělení, která nejdou do Dziennika Ustaw. Sem se chodí pro akty, které mají právní účinky, ale nejsou to zákony ani nařízení",official,open,download,reference,,,,https://monitorpolski.gov.pl/MP,pl-monitor-polski,2026-08-28
Veřejná data a správa,Legislativa a věstníky,gazette,Polsko,PL,ISAP — Internetowy System Aktów Prawnych,isap.sejm.gov.pl,"Systém právních aktů provozovaný kanceláří Sejmu — konsolidovaná znění, historie novelizací a vazby mezi předpisy včetně prováděcích aktů. Praktičtější než samotný Dziennik Ustaw, protože ukazuje, co ve znění předpisu k danému dni skutečně platí",official,open,search,reference,,,,https://isap.sejm.gov.pl/,pl-isap,2026-08-28
Veřejná data a správa,Legislativa a věstníky,gazette,Portugalsko,PT,Diário da República,diariodarepublica.pt,"Portugalský úřední věstník a konsolidované právo — zákony, nařízení, vyhlášky a úřední oznámení, zdarma a s otevřeným rozhraním. Starší doména dre.pt sem vede",official,open,api,reference,,,,https://diariodarepublica.pt/,pt-dre,2026-08-28
Veřejná data a správa,Legislativa a věstníky,gazette,Rumunsko,RO,Monitorul Oficial,monitoruloficial.ro,"Rumunský úřední věstník — vyhlášení zákonů, nařízení a úředních oznámení, včetně **firemních zveřejnění a insolvenčních vyhlášek** v části IV. Základní přehled zdarma, plné texty a archiv za předplatné",official,mixed,search,reference,,,,https://monitoruloficial.ro/,ro-monitorul,2026-08-28
Veřejná data a správa,Legislativa a věstníky,gazette,Slovensko,SK,Slov-Lex,slov-lex.sk,"Slovenský právní a informační portál — Zbierka zákonov v konsolidovaném znění ke každému dni, historie novelizací a legislativní proces od návrhu po vyhlášení. Má otevřené API a data v ELI/Akoma Ntoso",official,open,api,reference,,,,https://www.slov-lex.sk/,sk-slov-lex,2026-08-28
Veřejná data a správa,Legislativa a věstníky,gazette,Slovinsko,SI,Uradni list RS,uradni-list.si,"Slovinský úřední věstník — vyhlášení zákonů, nařízení a úředních oznámení, včetně obecních předpisů. Vychází i v elektronické podobě zdarma",official,open,search,reference,,,,https://www.uradni-list.si/,si-uradni-list,2026-08-28
Veřejná data a správa,Legislativa a věstníky,gazette,Slovinsko,SI,PIS — Pravno-informacijski sistem,pisrs.si,"Slovinský právní informační systém — konsolidovaná znění zákonů a nařízení ke každému dni, historie novelizací a vazby na evropské právo. Praktičtější než Uradni list, který nese jen vyhlášení",official,open,search,reference,,,,https://pisrs.si/,si-pisrs,2026-08-28
Veřejná data a správa,Legislativa a věstníky,gazette,Španělsko,ES,BOE — Boletín Oficial del Estado,boe.es,"Španělský úřední věstník a konsolidované právo — zákony a nařízení státu i autonomních společenství, s historií verzí a otevřeným API. Vedle práva nese i úřední oznámení, dražby a insolvenční vyhlášky",official,open,api,reference,,,,https://www.boe.es/,es-boe,2026-08-28
Veřejná data a správa,Legislativa a věstníky,gazette,Švédsko,SE,Svensk författningssamling,svenskforfattningssamling.se,"Švédská sbírka zákonů — úřední vyhlašování zákonů a nařízení, od roku 2018 elektronicky a závazně, s daty ke stažení. Na automat vrací 403, v prohlížeči funguje",official,open,bulk,reference,,,,https://svenskforfattningssamling.se/,se-sfs,2026-08-28
Veřejná data a správa,Legislativa a věstníky,gazette,Švédsko,SE,Lagen.nu,lagen.nu,"Nezisková databáze švédského práva — konsolidovaná znění zákonů propojená s judikaturou a přípravnými pracemi, zdarma a strojově čitelně. Použitelnější než úřední sbírka, když je potřeba zjistit, co platí dnes",ngo,open,bulk,reference,,,,https://lagen.nu/,se-lagen-nu,2026-08-28
Veřejná data a správa,Veřejné zakázky,procurement,Evropská unie,EU,TED — Tenders Electronic Daily,ted.europa.eu,"Dodatek k Úřednímu věstníku s veřejnými zakázkami nad evropskými limity ze všech členských států — oznámení o zahájení i o výsledku, tedy vítěz a hodnota. Data v eForms ke stažení po dnech i jako roční balíky; jediné místo, kde jdou zakázky porovnávat napříč EU",intl,open,bulk,reference,,,,https://ted.europa.eu/en/,eu-ted,2026-08-28
Veřejná data a správa,Veřejné zakázky,procurement,Evropská unie,EU,TED — dokumentace API,docs.ted.europa.eu,"Dokumentace k rozhraním TED — vyhledávací API nad oznámeními (dotaz podle země, CPV kódu, data a hodnoty), formát eForms a hromadné balíky ke stažení. Bez klíče; odsud se staví vlastní sledování zakázek konkrétní firmy nebo oboru",intl,open,api,reference,,,,https://docs.ted.europa.eu/,eu-ted-api,2026-08-28
Veřejná data a správa,Veřejné zakázky,procurement,Evropská unie,EU,Funding & Tenders Portal,ec.europa.eu,"Portál výzev a zakázek přímo řízených Komisí — granty Horizon Europe, LIFE, CEF a zakázky institucí, včetně databáze příjemců a partnerů z minulých projektů. Podání vyžaduje účet, prohlížení výzev a výsledků ne",intl,open,search,reference,,,,https://ec.europa.eu/info/funding-tenders/opportunities/portal/screen/home,eu-funding-tenders,2026-08-28
Veřejná data a správa,Veřejné zakázky,procurement,Evropská unie,EU,e-Certis,ec.europa.eu,"Evropská databáze dokladů požadovaných v zadávacích řízeních — pro každý členský stát ukazuje, který úřad vydává potvrzení o bezdlužnosti, o neexistenci úpadku nebo výpis z trestního rejstříku a jak se získává. Odsud se zjistí, co po dodavateli z jiné země může zadavatel vůbec chtít",intl,open,search,reference,,,,https://ec.europa.eu/tools/ecertis/,eu-ecertis,2026-08-28
Veřejná data a správa,Veřejné zakázky,procurement,Rakousko,AT,ANKÖ / Auftrag.at,auftrag.at,"Rakouská platforma veřejných zakázek provozovaná sdružením ANKÖ — vyhlášení nad i pod evropskými limity, protože Rakousko nemá bezplatný státní věstník zakázek jako Česko. Základní přehled zdarma, plný přístup a monitoring za předplatné; nadlimitní zakázky jsou souběžně v TED",commercial,mixed,search,reference,,,,https://www.auftrag.at/,at-ankoe,2026-08-28
Veřejná data a správa,Veřejné zakázky,procurement,Belgie,BE,Public Procurement Belgium,publicprocurement.be,Federální portál veřejných zakázek — Bulletin der Aanbestedingen s vyhlášeními nad i pod evropskými limity a platforma e-Procurement pro podávání nabídek. Nadlimitní zakázky jsou souběžně v TED,official,open,search,reference,,,,https://www.publicprocurement.be/,be-publicprocurement,2026-08-28
Veřejná data a správa,Veřejné zakázky,procurement,Bulharsko,BG,ЦАИС ЕОП — платформа за обществени поръчки,app.eop.bg,"Bulharská centralizovaná platforma veřejných zakázek — vedení řízení, dokumentace a **oznámení o výsledku s vítězem a hodnotou**. Prohlížení je veřejné a bez registrace",official,open,search,reference,,,,https://app.eop.bg/,bg-eop,2026-08-28
Veřejná data a správa,Veřejné zakázky,procurement,Bulharsko,BG,АОП — Агенция по обществени поръчки,www2.aop.bg,"Bulharská agentura pro veřejné zakázky — registr zakázek, metodika, seznam vyloučených dodavatelů a statistiky trhu. Dohledová vrstva nad platformou ЕОП",official,open,search,reference,,,,https://www2.aop.bg/,bg-aop,2026-08-28
Veřejná data a správa,Veřejné zakázky,procurement,Chorvatsko,HR,EOJN — elektronički oglasnik javne nabave,eojn.hr,"Chorvatský elektronický věstník veřejných zakázek — vyhlášení, dokumentace a výsledky všech řízení, s otevřenými daty. Bezplatný a bez registrace pro prohlížení",official,open,bulk,reference,,,,https://eojn.hr/,hr-eojn,2026-08-28
Veřejná data a správa,Veřejné zakázky,procurement,Kypr,CY,eProcurement Cyprus,eprocurement.gov.cy,"Kyperský systém veřejných zakázek — vyhlášení, dokumentace a oznámení o výsledku, s bezplatným prohlížením. Nadlimitní zakázky souběžně v TED",official,open,search,reference,,,,https://www.eprocurement.gov.cy/,cy-eprocurement,2026-08-28
Veřejná data a správa,Veřejné zakázky,procurement,Česko,CZ,Registr smluv,smlouvy.gov.cz,"Povinný registr smluv státu, krajů, obcí a jejich firem nad 50 tis. Kč — plné texty smluv včetně příloh, hodnota a smluvní strany; nezveřejněná smlouva je ze zákona neúčinná. Vyhledávání i otevřené API",official,open,api,history,3,2,2026-07-24,https://smlouvy.gov.cz/,cz-registr-smluv,2026-08-28
Veřejná data a správa,Veřejné zakázky,procurement,Česko,CZ,Národní elektronický nástroj (NEN),nen.nipez.cz,"Systém MMR pro zadávání veřejných zakázek — zadávací řízení, profily zadavatelů a registry dodavatelů, přístupné bez přihlášení",official,open,search,reference,,,,https://nen.nipez.cz/,cz-narodni-elektronicky-nastroj-nen,2026-08-28
Veřejná data a správa,Veřejné zakázky,procurement,Česko,CZ,Věstník veřejných zakázek,vvz.nipez.cz,"Povinné uveřejňování zadávacích řízení podle zákona — oznámení o zahájení, výsledku i změnách smluv, u nadlimitních zakázek souběžně s TED. Data ke stažení; na rozdíl od NEN pokrývá i zakázky zadávané v jiných elektronických nástrojích",official,open,bulk,reference,,,,https://vvz.nipez.cz/,cz-vvz,2026-08-28
Veřejná data a správa,Veřejné zakázky,procurement,Dánsko,DK,Udbud.dk,udbud.dk,"Dánský portál veřejných zakázek — vyhlášení nad i pod evropskými limity, dokumentace a oznámení o výsledku, zdarma. Nadlimitní zakázky souběžně v TED",official,open,search,reference,,,,https://www.udbud.dk/,dk-udbud,2026-08-28
Veřejná data a správa,Veřejné zakázky,procurement,Estonsko,EE,Riigihangete register,riigihanked.riik.ee,"Estonský registr veřejných zakázek — vyhlášení, dokumentace a **oznámení o výsledku s vítězem a hodnotou**, s otevřenými daty. Prohlížení zdarma a bez účtu",official,open,bulk,reference,,,,https://riigihanked.riik.ee/,ee-riigihanked,2026-08-28
Veřejná data a správa,Veřejné zakázky,procurement,Finsko,FI,HILMA,hankintailmoitukset.fi,"Finský portál veřejných zakázek — vyhlášení nad i pod evropskými limity a oznámení o výsledku, zdarma a **s otevřeným API**. Nadlimitní zakázky souběžně v TED",official,open,api,reference,,,,https://www.hankintailmoitukset.fi/,fi-hankintailmoitukset,2026-08-28
Veřejná data a správa,Veřejné zakázky,procurement,Francie,FR,BOAMP,boamp.fr,"Bulletin officiel des annonces des marchés publics — francouzská vyhlášení veřejných zakázek nad i pod evropskými limity, s otevřenými daty a API. Doplňuje TED o podlimitní řízení",official,open,api,reference,,,,https://www.boamp.fr/,fr-boamp,2026-08-28
Veřejná data a správa,Veřejné zakázky,procurement,Francie,FR,PLACE — Marchés publics,marches-publics.gouv.fr,"Zadávací platforma francouzského státu — dokumentace řízení a podávání nabídek pro ministerstva a jejich organizace. Prohlížení zdarma, podání vyžaduje účet; výsledky se zveřejňují jako otevřená data DECP na data.gouv.fr",official,open,search,reference,,,,https://www.marches-publics.gouv.fr/,fr-marches-publics,2026-08-28
Veřejná data a správa,Veřejné zakázky,procurement,Německo,DE,Datenservice Öffentlicher Einkauf,oeffentlichevergabe.de,"Centrální německý bekanntmachungsservice pro veřejné zakázky — oznámení ze všech zadávacích platforem na jednom místě, ve formátu eForms a s otevřeným API. Do jeho vzniku byly německé zakázky roztroušené po desítkách portálů",official,open,api,reference,,,,https://oeffentlichevergabe.de/ui/,de-oeffentlichevergabe,2026-08-28
Veřejná data a správa,Veřejné zakázky,procurement,Řecko,GR,ΚΗΜΔΗΣ / ΕΣΗΔΗΣ,eprocurement.gov.gr,Řecký centrální systém veřejných zakázek — rejstřík zakázek ΚΗΜΔΗΣ s vyhlášeními a **uzavřenými smlouvami** a elektronický systém ΕΣΗΔΗΣ pro vedení řízení. Prohlížení je veřejné,official,open,search,reference,,,,https://www.eprocurement.gov.gr/,gr-eprocurement,2026-08-28
Veřejná data a správa,Veřejné zakázky,procurement,Maďarsko,HU,EKR — Elektronikus Közbeszerzési Rendszer,ekr.gov.hu,"Maďarský elektronický systém veřejných zakázek — vedení řízení, dokumentace a podávání nabídek. Prohlížení je veřejné, podání vyžaduje účet",official,open,search,reference,,,,https://ekr.gov.hu/,hu-ekr,2026-08-28
Veřejná data a správa,Veřejné zakázky,procurement,Maďarsko,HU,Közbeszerzési Hatóság,kozbeszerzes.hu,"Maďarský úřad pro veřejné zakázky — Közbeszerzési Értesítő s vyhlášeními a výsledky, rozhodnutí odvolací komise a **seznam subjektů vyloučených ze zadávacích řízení**",official,open,search,reference,,,,https://kozbeszerzes.hu/,hu-kozbeszerzes,2026-08-28
Veřejná data a správa,Veřejné zakázky,procurement,Irsko,IE,eTenders Ireland,etenders.gov.ie,"Irský portál veřejných zakázek — vyhlášení, dokumentace a oznámení o výsledku, s bezplatným prohlížením. Nadlimitní zakázky souběžně v TED",official,open,search,reference,,,,https://www.etenders.gov.ie/,ie-etenders,2026-08-28
Veřejná data a správa,Veřejné zakázky,procurement,Itálie,IT,ANAC — protikorupční úřad,anticorruzione.it,"Italský protikorupční úřad a dohled nad zakázkami — rozhodnutí, sankce, **seznam subjektů vyloučených ze zadávacích řízení** a registr zadavatelů. Data samotná vydává na dati.anticorruzione.it",official,open,search,reference,,,,https://www.anticorruzione.it/,it-anac,2026-08-28
Veřejná data a správa,Veřejné zakázky,procurement,Itálie,IT,Dati ANAC,dati.anticorruzione.it,"Otevřená data o italských veřejných zakázkách — **každá zakázka s identifikátorem CIG, zadavatelem, vítězem, hodnotou a plněním**, hromadně ke stažení. Nejúplnější veřejná databáze zakázek v EU co do granularity",official,open,bulk,reference,,,,https://dati.anticorruzione.it/opendata,it-anac-dati,2026-08-28
Veřejná data a správa,Veřejné zakázky,procurement,Lotyšsko,LV,EIS — Elektronisko iepirkumu sistēma,eis.gov.lv,"Lotyšský elektronický systém veřejných zakázek — vyhlášení, dokumentace, elektronický katalog a oznámení o výsledku. Prohlížení je veřejné",official,open,search,reference,,,,https://www.eis.gov.lv/,lv-eis,2026-08-28
Veřejná data a správa,Veřejné zakázky,procurement,Litva,LT,CVP IS — centrinė viešųjų pirkimų sistema,cvpp.eviesiejipirkimai.lt,"Litevský centrální systém veřejných zakázek — vyhlášení, dokumentace a **oznámení o výsledku s vítězem a hodnotou**. Prohlížení zdarma a bez účtu",official,open,search,reference,,,,https://cvpp.eviesiejipirkimai.lt/,lt-cvpp,2026-08-28
Veřejná data a správa,Veřejné zakázky,procurement,Lucembursko,LU,Portail des marchés publics,pmp.b2g.etat.lu,"Lucemburský portál veřejných zakázek — vyhlášení, dokumentace a oznámení o výsledku, s bezplatným prohlížením. Nadlimitní zakázky souběžně v TED",official,open,search,reference,,,,https://pmp.b2g.etat.lu/,lu-pmp,2026-08-28
Veřejná data a správa,Veřejné zakázky,procurement,Malta,MT,ePPS Malta — etenders,etenders.gov.mt,"Maltský systém veřejných zakázek — vyhlášení, dokumentace a oznámení o výsledku, s bezplatným prohlížením. Nadlimitní zakázky souběžně v TED",official,open,search,reference,,,,https://www.etenders.gov.mt/,mt-etenders,2026-08-28
Veřejná data a správa,Veřejné zakázky,procurement,Nizozemsko,NL,TenderNed,tenderned.nl,"Nizozemský portál veřejných zakázek — všechna vyhlášení nad i pod evropskými limity a celý proces podávání nabídek, s otevřenými daty o zakázkách a jejich výsledcích. Prohlížení zdarma a bez účtu",official,open,api,reference,,,,https://www.tenderned.nl/,nl-tenderned,2026-08-28
Veřejná data a správa,Veřejné zakázky,procurement,Polsko,PL,e-Zamówienia,ezamowienia.gov.pl,"Centrální platforma veřejných zakázek — vyhledávání řízení, dokumentace i podávání nabídek; obdoba NEN",official,open,search,reference,,,,https://ezamowienia.gov.pl/pl/,pl-e-zamowienia,2026-08-28
Veřejná data a správa,Veřejné zakázky,procurement,Polsko,PL,UZP — Urząd Zamówień Publicznych,gov.pl,"Úřad veřejných zakázek — Biuletyn Zamówień Publicznych s podlimitními zakázkami, výroční zprávy o trhu zakázek a rozhodnutí odvolací komory KIO. Doplňuje e-Zamówienia, kde probíhá samotné řízení, o dohledovou a statistickou vrstvu",official,open,bulk,reference,,,,https://www.gov.pl/web/uzp/,pl-uzp,2026-08-28
Veřejná data a správa,Veřejné zakázky,procurement,Portugalsko,PT,BASE — veřejné zakázky,base.gov.pt,"Portugalský portál veřejných zakázek — **uzavřené smlouvy** s dodavatelem, hodnotou a předmětem, ne jen vyhlášení, a k tomu otevřená data ke stažení. Zveřejnění smlouvy je podmínkou její účinnosti, takže je databáze úplná",official,open,bulk,reference,,,,https://www.base.gov.pt/base4,pt-base,2026-08-28
Veřejná data a správa,Veřejné zakázky,procurement,Rumunsko,RO,SEAP / e-licitatie.ro,e-licitatie.ro,"Rumunský elektronický systém veřejných zakázek (SEAP/SICAP) — vyhlášení, dokumentace a **oznámení o přidělení s vítězem a hodnotou**, s otevřenými daty. Prohlížení zdarma a bez účtu",official,open,bulk,reference,,,,https://e-licitatie.ro/,ro-elicitatie,2026-08-28
Veřejná data a správa,Veřejné zakázky,procurement,Slovensko,SK,ÚVO — vestník a registre,uvo.gov.sk,"Úrad pre verejné obstarávanie — Vestník verejného obstarávania s vyhlášeními a výsledky, registr hospodářských subjektů a registr osob se zákazem účasti. Data ke stažení; zákaz účasti je pro prověrku dodavatele zásadní údaj",official,open,bulk,reference,,,,https://www.uvo.gov.sk/vestnik-a-registre/,sk-uvo,2026-08-28
Veřejná data a správa,Veřejné zakázky,procurement,Slovensko,SK,Centrálny register zmlúv,crz.gov.sk,"Povinný registr smluv slovenských veřejných subjektů — plné texty, hodnota a protistrany; nezveřejněná smlouva je neúčinná. Data ke stažení. Slovensko registr zavedlo v roce 2011, tedy dřív než Česko",official,open,bulk,reference,,,,https://www.crz.gov.sk/,sk-crz,2026-08-28
Veřejná data a správa,Veřejné zakázky,procurement,Slovinsko,SI,e-JN — javno naročanje,ejn.gov.si,Slovinská platforma veřejných zakázek — vedení řízení a podávání nabídek. Vyhlášení se zveřejňují na portálu enarocanje.si; nadlimitní zakázky souběžně v TED,official,open,search,reference,,,,https://ejn.gov.si/,si-ejn,2026-08-28
Veřejná data a správa,Veřejné zakázky,procurement,Slovinsko,SI,Portal javnih naročil,enarocanje.si,"Slovinský portál veřejných zakázek — vyhlášení nad i pod evropskými limity, zadávací dokumentace a oznámení o výsledku, s otevřenými daty. Bezplatný a bez registrace",official,open,bulk,reference,,,,https://www.enarocanje.si/,si-enarocanje,2026-08-28
Veřejná data a správa,Veřejné zakázky,procurement,Španělsko,ES,Plataforma de Contratación del Sector Público,contrataciondelestado.es,"Španělská platforma veřejných zakázek — vyhlášení a výsledky ze státu, regionů i obcí na jednom místě, s otevřenými daty ve formátu CODICE ke stažení. Server má vadný řetěz certifikátů, obsah je dostupný",official,open,bulk,reference,,,,https://contrataciondelestado.es/wps/portal/plataforma,es-contratacion,2026-08-28
Veřejná data a správa,Veřejné zakázky,procurement,Švédsko,SE,Upphandlingsmyndigheten,upphandlingsmyndigheten.se,"Švédský úřad pro veřejné zakázky — statistiky trhu zakázek, metodika a analýzy. **Švédsko nemá jeden státní věstník zakázek**; vyhlášení běží přes komerční databáze a nadlimitní přes TED",official,open,download,reference,,,,https://www.upphandlingsmyndigheten.se/,se-upphandling,2026-08-28
Veřejná data a správa,"Rozpočty, dotace, výdaje",spending,Evropská unie,EU,Financial Transparency System,ec.europa.eu,"Příjemci peněz z rozpočtu EU řízeného přímo Komisí — jméno, země, program, částka a rok, po jednotlivých závazcích a několik let zpět. Vyhledávání i export; u prověrky protistrany odpovídá na otázku, jestli a odkud brala evropské peníze",intl,open,download,reference,,,,https://ec.europa.eu/budget/financial-transparency-system/index.html,eu-fts,2026-08-28
Veřejná data a správa,"Rozpočty, dotace, výdaje",spending,Evropská unie,EU,Kohesio,kohesio.ec.europa.eu,"Projekty financované z politiky soudržnosti napříč EU — přes 1,5 milionu záznamů s příjemcem, lokalizací, tématem a částkou, prohledatelné na mapě. Otevřená data ke stažení; doplňuje národní dotační rejstříky tam, kde jsou neúplné. Na automat vrací 403, v prohlížeči funguje",intl,open,bulk,reference,,,,https://kohesio.ec.europa.eu/en/,eu-kohesio,2026-08-28
Veřejná data a správa,"Rozpočty, dotace, výdaje",spending,Evropská unie,EU,Cohesion Open Data Platform,cohesiondata.ec.europa.eu,"Alokace a čerpání fondů soudržnosti po státech, programech a tématech, včetně plnění cílů — agregovaný pohled nad tím, co Kohesio ukazuje po projektech. Datové sady přes API i ke stažení",intl,open,api,reference,,,,https://cohesiondata.ec.europa.eu/,eu-cohesiondata,2026-08-28
Veřejná data a správa,"Rozpočty, dotace, výdaje",spending,Evropská unie,EU,CORDIS,cordis.europa.eu,"Databáze výzkumných projektů financovaných EU od 4. rámcového programu po Horizon Europe — účastníci včetně firem, jejich role, rozpočet a výstupy. Kompletní datové sady ke stažení; ukazuje výzkumné a konsorciální vazby, které v obchodním rejstříku nejsou",intl,open,bulk,reference,,,,https://cordis.europa.eu/,eu-cordis,2026-08-28
Veřejná data a správa,"Rozpočty, dotace, výdaje",spending,Evropská unie,EU,Příjemci dotací SZP — rozcestník,agriculture.ec.europa.eu,"Rozcestník Komise po národních seznamech příjemců zemědělských dotací — pro každý členský stát odkaz na jeho platební agenturu. Zveřejňování je povinné, ale formát i hloubka se stát od státu liší, takže odsud se začíná, když je potřeba dohledat příjemce v zemi, jejíž systém člověk nezná",intl,open,none,reference,,,,https://agriculture.ec.europa.eu/common-agricultural-policy/financing-cap/beneficiaries_en,eu-cap-beneficiaries,2026-08-28
Veřejná data a správa,"Rozpočty, dotace, výdaje",spending,Rakousko,AT,Transparenzportal,transparenzportal.gv.at,"Rakouský transparenční portál — přehled dávek, dotací a podpor vyplácených spolkem, podle druhu, poskytovatele a roku. Ukazuje strukturu veřejných transferů; jmenný seznam příjemců u sociálních dávek z povahy věci neobsahuje",official,open,search,reference,,,,https://transparenzportal.gv.at/tdb/tp/startpage,at-transparenzportal,2026-08-28
Veřejná data a správa,"Rozpočty, dotace, výdaje",spending,Rakousko,AT,Offener Haushalt,offenerhaushalt.at,"Rozpočty rakouských obcí a měst v jednotné podobě, srovnatelné mezi sebou a v čase, s daty ke stažení. Provozuje KDZ; obce zveřejňují rozpočty v neporovnatelných formátech a tohle je jediné místo, kde jsou sjednocené",ngo,open,bulk,reference,,,,https://www.offenerhaushalt.at/,at-offenerhaushalt,2026-08-28
Veřejná data a správa,"Rozpočty, dotace, výdaje",spending,Rakousko,AT,AMA — Agrarmarkt Austria,ama.at,"Platební agentura Společné zemědělské politiky. Podle nařízení 1306/2013 musí každý stát **zveřejňovat příjemce zemědělských dotací** — jméno, obec a částku podle opatření, s dvouletou dostupností. Rakouská AMA vede vedle toho registry zemědělských podniků, značky kvality a tržní statistiky",official,open,search,reference,,,,https://www.ama.at/,at-ama,2026-08-28
Veřejná data a správa,"Rozpočty, dotace, výdaje",spending,Rakousko,AT,Rechnungshof Österreich,rechnungshof.gv.at,"Nejvyšší kontrolní instituce. Publikuje **kontrolní závěry o hospodaření** státních úřadů, podniků a dotačních programů — jmenují konkrétní projekty, částky a pochybení, takže jsou často jediným veřejným zdrojem o tom, jak zakázka nebo dotace dopadla. Rakouský Rechnungshof vede navíc **registr platů a příjmů vrcholných funkcionářů** a evidenci stranických financí",official,open,download,reference,,,,https://www.rechnungshof.gv.at/,at-rechnungshof,2026-08-28
Veřejná data a správa,"Rozpočty, dotace, výdaje",spending,Belgie,BE,SPF Finances / FOD Financiën,finances.belgium.be,"Belgická federální finanční správa — rozpočtové a daňové statistiky, katastrální data, UBO registr a Fisconet s daňovou legislativou a výklady. Rozcestník po federálních finančních službách",official,open,download,reference,,,,https://finances.belgium.be/,be-finances,2026-08-28
Veřejná data a správa,"Rozpočty, dotace, výdaje",spending,Belgie,BE,Landbouw en Visserij (Vlaanderen),vlaanderen.be,"Platební agentura Společné zemědělské politiky. Podle nařízení 1306/2013 musí každý stát **zveřejňovat příjemce zemědělských dotací** — jméno, obec a částku podle opatření, s dvouletou dostupností. Belgie ji má rozdělenou po regionech — Flandry, Valonsko a Brusel vyplácejí a zveřejňují odděleně, federální seznam neexistuje",regional,open,download,reference,,,,https://www.vlaanderen.be/landbouw-en-visserij,be-landbouw-vlaanderen,2026-08-28
Veřejná data a správa,"Rozpočty, dotace, výdaje",spending,Belgie,BE,Rekenhof / Cour des comptes,ccrek.be,"Nejvyšší kontrolní instituce. Publikuje **kontrolní závěry o hospodaření** státních úřadů, podniků a dotačních programů — jmenují konkrétní projekty, částky a pochybení, takže jsou často jediným veřejným zdrojem o tom, jak zakázka nebo dotace dopadla. Belgický účetní dvůr kontroluje federální i regionální úroveň a ověřuje volební výdaje stran",official,open,download,reference,,,,https://www.ccrek.be/,be-ccrek,2026-08-28
Veřejná data a správa,"Rozpočty, dotace, výdaje",spending,Bulharsko,BG,Министерство на финансите,minfin.bg,"Bulharské ministerstvo financí — státní rozpočet a jeho plnění, finanční data obcí a fiskální statistiky, s měsíčními přehledy ke stažení",official,open,download,reference,,,,https://www.minfin.bg/,bg-minfin,2026-08-28
Veřejná data a správa,"Rozpočty, dotace, výdaje",spending,Bulharsko,BG,ДФ „Земеделие“,dfz.bg,"Platební agentura Společné zemědělské politiky. Podle nařízení 1306/2013 musí každý stát **zveřejňovat příjemce zemědělských dotací** — jméno, obec a částku podle opatření, s dvouletou dostupností. Bulharský fond zveřejňuje i seznamy schválených projektů z programu rozvoje venkova",official,open,search,reference,,,,https://www.dfz.bg/bg/home,bg-dfz,2026-08-28
Veřejná data a správa,"Rozpočty, dotace, výdaje",spending,Bulharsko,BG,Сметна палата,bulnao.government.bg,"Nejvyšší kontrolní instituce. Publikuje **kontrolní závěry o hospodaření** státních úřadů, podniků a dotačních programů — jmenují konkrétní projekty, částky a pochybení, takže jsou často jediným veřejným zdrojem o tom, jak zakázka nebo dotace dopadla. Bulharská Сметна палата vede i **registr majetkových přiznání veřejných funkcionářů**",official,open,search,reference,,,,https://www.bulnao.government.bg/,bg-bulnao,2026-08-28
Veřejná data a správa,"Rozpočty, dotace, výdaje",spending,Chorvatsko,HR,Ministarstvo financija,mfin.gov.hr,"Chorvatské ministerstvo financí — **státní rozpočet a jeho plnění, finanční výkazy obcí a žup, daňová legislativa a seznam daňových dlužníků**. Seznam dlužníků je při prověrce chorvatské protistrany relevantní",official,open,download,reference,,,,https://mfin.gov.hr/,hr-mfin,2026-08-28
Veřejná data a správa,"Rozpočty, dotace, výdaje",spending,Chorvatsko,HR,Državni ured za reviziju,revizija.hr,"Nejvyšší kontrolní instituce. Publikuje **kontrolní závěry o hospodaření** státních úřadů, podniků a dotačních programů — jmenují konkrétní projekty, částky a pochybení, takže jsou často jediným veřejným zdrojem o tom, jak zakázka nebo dotace dopadla. Chorvatský revizní úřad kontroluje i obce a státní podniky a zveřejňuje audity stranických financí",official,open,download,reference,,,,https://www.revizija.hr/,hr-revizija,2026-08-28
Veřejná data a správa,"Rozpočty, dotace, výdaje",spending,Kypr,CY,Treasury of the Republic of Cyprus,treasury.gov.cy,"Kyperská státní pokladna — **plnění rozpočtu, platby a účetní výkazy státu**, a zároveň provozovatel systému veřejných zakázek. Doplňuje ministerstvo financí o čísla na úrovni plateb",official,open,download,reference,,,,https://www.treasury.gov.cy/,cy-treasury,2026-08-28
Veřejná data a správa,"Rozpočty, dotace, výdaje",spending,Kypr,CY,CAPO — Κυπριακός Οργανισμός Αγροτικών Πληρωμών,capo.gov.cy,"Platební agentura Společné zemědělské politiky. Podle nařízení 1306/2013 musí každý stát **zveřejňovat příjemce zemědělských dotací** — jméno, obec a částku podle opatření, s dvouletou dostupností. Kyperská CAPO vyplácí přímé platby i podpory rozvoje venkova",official,open,search,reference,,,,https://www.capo.gov.cy/,cy-capo,2026-08-28
Veřejná data a správa,"Rozpočty, dotace, výdaje",spending,Kypr,CY,Audit Office of the Republic of Cyprus,gov.cy,"Nejvyšší kontrolní instituce. Publikuje **kontrolní závěry o hospodaření** státních úřadů, podniků a dotačních programů — jmenují konkrétní projekty, částky a pochybení, takže jsou často jediným veřejným zdrojem o tom, jak zakázka nebo dotace dopadla. Kyperský kontrolní úřad zveřejňuje výroční zprávy po ministerstvech a samostatné zvláštní zprávy",official,open,download,reference,,,,https://www.gov.cy/audit/,cy-audit,2026-08-28
Veřejná data a správa,"Rozpočty, dotace, výdaje",spending,Česko,CZ,Monitor státní pokladny,monitor.statnipokladna.gov.cz,"Rozpočty a účetní výkazy obcí, krajů a státních institucí — včetně ročních dumpů ke stažení",official,open,api,reference,,,,https://monitor.statnipokladna.gov.cz/,cz-monitor-statni-pokladny,2026-08-28
Veřejná data a správa,"Rozpočty, dotace, výdaje",spending,Česko,CZ,Otevřená data Ministerstva financí,data.mf.gov.cz,"Datový portál MF — dotace a návratné výpomoci ze státního rozpočtu z evidence CEDR a IS ReD (příjemce, titul, částka, rozhodnutí), rozpočty a majetek státu, v kvartálně aktualizovaných balících CSV. Původní web cedr.mfcr.cz už neodpovídá",official,open,bulk,reference,,,,https://data.mf.gov.cz/,cz-data-mf,2026-08-28
Veřejná data a správa,"Rozpočty, dotace, výdaje",spending,Česko,CZ,DotaceEU,dotaceeu.cz,"Portál evropských fondů v ČR — seznam podpořených projektů s příjemcem, programem a částkou, výzvy a pravidla. Národní protějšek evropského Kohesia; u příjemců dotací je vhodné projít obojí, protože se rozsahem liší",official,open,search,reference,,,,https://www.dotaceeu.cz/cs/uvod,cz-dotaceeu,2026-08-28
Veřejná data a správa,"Rozpočty, dotace, výdaje",spending,Česko,CZ,CityVizor,cityvizor.cz,"Rozklikávací rozpočty obcí a měst až na jednotlivé faktury, propojené s registrem smluv a obchodním rejstříkem dodavatele. Provozuje Otevřená města; ukazuje, komu konkrétní obec reálně platí, což z účetních výkazů poznat nejde",ngo,open,api,reference,,,,https://cityvizor.cz/landing,cz-cityvizor,2026-08-28
Veřejná data a správa,"Rozpočty, dotace, výdaje",spending,Česko,CZ,NKÚ — kontrolní závěry,nku.cz,"Kontrolní závěry Nejvyššího kontrolního úřadu — prověrky konkrétních programů, resortů a velkých investic s vyčíslením zjištěných nedostatků. Často jediný veřejný rozbor toho, jak dopadl konkrétní veřejný projekt",official,open,download,reference,,,,https://www.nku.cz/,cz-nku,2026-08-28
Veřejná data a správa,"Rozpočty, dotace, výdaje",spending,Česko,CZ,SZIF — seznam příjemců dotací,szif.gov.cz,"Platební agentura Společné zemědělské politiky. Podle nařízení 1306/2013 musí každý stát **zveřejňovat příjemce zemědělských dotací** — jméno, obec a částku podle opatření, s dvouletou dostupností. Český seznam jde prohledávat podle jména i IČO a ukazuje částky po jednotlivých opatřeních — u zemědělských podniků nejrychlejší cesta ke zjištění, kolik berou z veřejných peněz",official,open,search,reference,,,,https://szif.gov.cz/cs/seznam-prijemcu-dotaci,cz-szif-prijemci,2026-08-28
Veřejná data a správa,"Rozpočty, dotace, výdaje",spending,Dánsko,DK,Økonomistyrelsen,oes.dk,"Dánská agentura pro veřejné finance — státní rozpočet a jeho plnění, účetní data institucí a **otevřená data o veřejných výdajích**. Rozklikávací pohled na dánské státní finance",official,open,bulk,reference,,,,https://oes.dk/,dk-oes,2026-08-28
Veřejná data a správa,"Rozpočty, dotace, výdaje",spending,Dánsko,DK,Landbrugsstyrelsen,lbst.dk,"Platební agentura Společné zemědělské politiky. Podle nařízení 1306/2013 musí každý stát **zveřejňovat příjemce zemědělských dotací** — jméno, obec a částku podle opatření, s dvouletou dostupností. Dánská agentura vydává seznam příjemců i jako otevřená data a k tomu registr zemědělských bloků",official,open,bulk,reference,,,,https://lbst.dk/,dk-lbst,2026-08-28
Veřejná data a správa,"Rozpočty, dotace, výdaje",spending,Dánsko,DK,Rigsrevisionen,rigsrevisionen.dk,"Nejvyšší kontrolní instituce. Publikuje **kontrolní závěry o hospodaření** státních úřadů, podniků a dotačních programů — jmenují konkrétní projekty, částky a pochybení, takže jsou často jediným veřejným zdrojem o tom, jak zakázka nebo dotace dopadla. Dánská Rigsrevisionen publikuje zprávy pro parlamentní výbor Statsrevisorerne, které jsou stručné a adresné",official,open,download,reference,,,,https://www.rigsrevisionen.dk/,dk-rigsrevisionen,2026-08-28
Veřejná data a správa,"Rozpočty, dotace, výdaje",spending,Estonsko,EE,Rahandusministeerium,fin.ee,"Estonské ministerstvo financí — **státní rozpočet a jeho plnění, finanční data obcí a otevřené datové sady o veřejných výdajích**. Estonsko zveřejňuje rozpočtová data strojově čitelně",official,open,bulk,reference,,,,https://www.fin.ee/,ee-fin,2026-08-28
Veřejná data a správa,"Rozpočty, dotace, výdaje",spending,Estonsko,EE,PRIA,pria.ee,"Platební agentura Společné zemědělské politiky. Podle nařízení 1306/2013 musí každý stát **zveřejňovat příjemce zemědělských dotací** — jméno, obec a částku podle opatření, s dvouletou dostupností. Estonská PRIA vede navíc registr zemědělských zvířat a pozemků a vyhledávání je propojené s obchodním rejstříkem",official,open,search,reference,,,,https://www.pria.ee/,ee-pria,2026-08-28
Veřejná data a správa,"Rozpočty, dotace, výdaje",spending,Estonsko,EE,Riigikontroll,riigikontroll.ee,"Nejvyšší kontrolní instituce. Publikuje **kontrolní závěry o hospodaření** státních úřadů, podniků a dotačních programů — jmenují konkrétní projekty, částky a pochybení, takže jsou často jediným veřejným zdrojem o tom, jak zakázka nebo dotace dopadla. Estonský kontrolní úřad zveřejňuje audity i **datové přílohy** k nim a kontroluje i obce",official,open,download,reference,,,,https://www.riigikontroll.ee/,ee-riigikontroll,2026-08-28
Veřejná data a správa,"Rozpočty, dotace, výdaje",spending,Finsko,FI,Tutki hankintoja,tutkihankintoja.fi,"**Každá nákupní faktura finského státu — dodavatel, částka, účel a datum**, prohledatelné a ke stažení. Provozuje státní pokladna Valtiokonttori. Nejpřímější pohled na to, komu finský stát platí",official,open,bulk,reference,,,,https://tutkihankintoja.fi/,fi-tutkihankintoja,2026-08-28
Veřejná data a správa,"Rozpočty, dotace, výdaje",spending,Finsko,FI,Valtiokonttori,valtiokonttori.fi,"Finská státní pokladna — rozpočtové plnění, účetní výkazy státních institucí a **otevřená data o veřejných financích a dotacích**",official,open,bulk,reference,,,,https://www.valtiokonttori.fi/,fi-valtiokonttori,2026-08-28
Veřejná data a správa,"Rozpočty, dotace, výdaje",spending,Finsko,FI,Ruokavirasto,ruokavirasto.fi,"Platební agentura Společné zemědělské politiky. Podle nařízení 1306/2013 musí každý stát **zveřejňovat příjemce zemědělských dotací** — jméno, obec a částku podle opatření, s dvouletou dostupností. Finský potravinový úřad je zároveň dozorem nad potravinovým řetězcem — registry schválených provozoven a kontrolní zprávy jsou tady",official,open,search,reference,,,,https://www.ruokavirasto.fi/,fi-ruokavirasto,2026-08-28
Veřejná data a správa,"Rozpočty, dotace, výdaje",spending,Finsko,FI,VTV — Valtiontalouden tarkastusvirasto,vtv.fi,"Nejvyšší kontrolní instituce. Publikuje **kontrolní závěry o hospodaření** státních úřadů, podniků a dotačních programů — jmenují konkrétní projekty, částky a pochybení, takže jsou často jediným veřejným zdrojem o tom, jak zakázka nebo dotace dopadla. Finský VTV vede vedle auditů i **registr financování volebních kampaní** a stranických příjmů",official,open,search,reference,,,,https://www.vtv.fi/,fi-vtv,2026-08-28
Veřejná data a správa,"Rozpočty, dotace, výdaje",spending,Francie,FR,DECP — données essentielles de la commande publique,data.gouv.fr,"**Povinně zveřejňovaná data o všech francouzských veřejných zakázkách nad 40 tis. € — zadavatel, dodavatel, hodnota, předmět a doba plnění**, konsolidovaně ke stažení. Doplňuje BOAMP o výsledky, ne jen vyhlášení",official,open,bulk,reference,,,,https://www.data.gouv.fr/fr/datasets/decp/,fr-decp,2026-08-28
Veřejná data a správa,"Rozpočty, dotace, výdaje",spending,Francie,FR,ASP — Agence de services et de paiement,asp-public.fr,"Platební agentura Společné zemědělské politiky. Podle nařízení 1306/2013 musí každý stát **zveřejňovat příjemce zemědělských dotací** — jméno, obec a částku podle opatření, s dvouletou dostupností. Francouzská ASP vyplácí vedle zemědělských dotací i zaměstnanecké a sociální podpory a data o příjemcích publikuje jako otevřená na data.gouv.fr",official,open,bulk,reference,,,,https://www.asp-public.fr/,fr-asp,2026-08-28
Veřejná data a správa,"Rozpočty, dotace, výdaje",spending,Francie,FR,Cour des comptes,ccomptes.fr,"Nejvyšší kontrolní instituce. Publikuje **kontrolní závěry o hospodaření** státních úřadů, podniků a dotačních programů — jmenují konkrétní projekty, částky a pochybení, takže jsou často jediným veřejným zdrojem o tom, jak zakázka nebo dotace dopadla. Francouzský účetní dvůr publikuje výroční zprávu i tematické zprávy a spolu s regionálními komorami kontroluje obce a nemocnice",official,open,download,reference,,,,https://www.ccomptes.fr/,fr-ccomptes,2026-08-28
Veřejná data a správa,"Rozpočty, dotace, výdaje",spending,Německo,DE,Bundeshaushalt,bundeshaushalt.de,"Rozklikávací spolkový rozpočet — příjmy a výdaje po kapitolách, titulech a letech, s exportem. Ukáže, kolik jde do kterého programu; jmenný seznam příjemců spolkových dotací veřejný není",official,open,bulk,reference,,,,https://www.bundeshaushalt.de/,de-bundeshaushalt,2026-08-28
Veřejná data a správa,"Rozpočty, dotace, výdaje",spending,Německo,DE,Agrar-Fischerei-Zahlungen,agrarzahlungen.de,"Platební agentura Společné zemědělské politiky. Podle nařízení 1306/2013 musí každý stát **zveřejňovat příjemce zemědělských dotací** — jméno, obec a částku podle opatření, s dvouletou dostupností. Německý seznam pokrývá i platby z rybářského fondu a hledá se v něm podle jména, obce i spolkové země",official,open,search,reference,,,,https://www.agrarzahlungen.de/,de-agrarzahlungen,2026-08-28
Veřejná data a správa,"Rozpočty, dotace, výdaje",spending,Německo,DE,Bundesrechnungshof,bundesrechnungshof.de,"Nejvyšší kontrolní instituce. Publikuje **kontrolní závěry o hospodaření** státních úřadů, podniků a dotačních programů — jmenují konkrétní projekty, částky a pochybení, takže jsou často jediným veřejným zdrojem o tom, jak zakázka nebo dotace dopadla. Německý BRH publikuje výroční zprávy s tzv. Bemerkungen a zvláštní zprávy k jednotlivým programům; spolkové země mají vlastní účetní dvory",official,open,download,reference,,,,https://www.bundesrechnungshof.de/,de-brh,2026-08-28
Veřejná data a správa,"Rozpočty, dotace, výdaje",spending,Řecko,GR,Υπουργείο Εθνικής Οικονομίας και Οικονομικών,minfin.gov.gr,"Řecké ministerstvo financí — státní rozpočet, plnění a fiskální statistiky. Jednotlivé platby a rozhodnutí s výdajovým dopadem jsou dohledatelné v Διαύγεια, která je pro sledování řeckých veřejných peněz použitelnější",official,open,download,reference,,,,https://minfin.gov.gr/,gr-minfin,2026-08-28
Veřejná data a správa,"Rozpočty, dotace, výdaje",spending,Řecko,GR,Ελεγκτικό Συνέδριο,elsyn.gr,"Nejvyšší kontrolní instituce. Publikuje **kontrolní závěry o hospodaření** státních úřadů, podniků a dotačních programů — jmenují konkrétní projekty, částky a pochybení, takže jsou často jediným veřejným zdrojem o tom, jak zakázka nebo dotace dopadla. Řecký účetní dvůr je zároveň soudem — kromě auditů rozhoduje o odpovědnosti úředníků za škodu a předběžně schvaluje velké zakázky",official,open,download,reference,,,,https://www.elsyn.gr/,gr-elsyn,2026-08-28
Veřejná data a správa,"Rozpočty, dotace, výdaje",spending,Maďarsko,HU,Kormany.hu — rozpočet a veřejné výdaje,kormany.hu,"Portál maďarské vlády — rozpočtové zákony a jejich plnění, resortní zprávy a veřejné konzultace. Maďarsko nemá rozklikávací rozpočtový portál typu českého Monitoru státní pokladny; čísla jsou v dokumentech",official,open,download,reference,,,,https://kormany.hu/,hu-kormany,2026-08-28
Veřejná data a správa,"Rozpočty, dotace, výdaje",spending,Maďarsko,HU,Magyar Államkincstár,allamkincstar.gov.hu,"Platební agentura Společné zemědělské politiky. Podle nařízení 1306/2013 musí každý stát **zveřejňovat příjemce zemědělských dotací** — jméno, obec a částku podle opatření, s dvouletou dostupností. Maďarskou agendu převzala od MVH státní pokladna; ta vedle toho vede evidenci veřejných výdajů a rozpočtových organizací",official,open,search,reference,,,,https://www.allamkincstar.gov.hu/,hu-allamkincstar,2026-08-28
Veřejná data a správa,"Rozpočty, dotace, výdaje",spending,Maďarsko,HU,Állami Számvevőszék,asz.hu,"Nejvyšší kontrolní instituce. Publikuje **kontrolní závěry o hospodaření** státních úřadů, podniků a dotačních programů — jmenují konkrétní projekty, částky a pochybení, takže jsou často jediným veřejným zdrojem o tom, jak zakázka nebo dotace dopadla. Maďarský ÁSZ kontroluje i stranické hospodaření. Na automat vrací 403, v prohlížeči funguje",official,open,download,reference,,,,https://asz.hu/,hu-asz,2026-08-28
Veřejná data a správa,"Rozpočty, dotace, výdaje",spending,Irsko,IE,Department of Public Expenditure,gov.ie,"Irské ministerstvo veřejných výdajů — rozpočet a jeho plnění, **databáze investičních projektů a hodnocení výdajových programů**. Na automat vrací 403, v prohlížeči funguje",official,open,download,reference,,,,https://www.gov.ie/en/organisation/department-of-public-expenditure-and-reform/,ie-per,2026-08-28
Veřejná data a správa,"Rozpočty, dotace, výdaje",spending,Irsko,IE,"Department of Agriculture, Food and the Marine",gov.ie,"Platební agentura Společné zemědělské politiky. Podle nařízení 1306/2013 musí každý stát **zveřejňovat příjemce zemědělských dotací** — jméno, obec a částku podle opatření, s dvouletou dostupností. Irské ministerstvo zveřejňuje seznam příjemců i registr stád a schválených potravinářských provozoven",official,open,download,reference,,,,https://www.gov.ie/en/department-of-agriculture-food-and-the-marine/,ie-dafm,2026-08-28
Veřejná data a správa,"Rozpočty, dotace, výdaje",spending,Irsko,IE,Comptroller and Auditor General,audit.gov.ie,"Nejvyšší kontrolní instituce. Publikuje **kontrolní závěry o hospodaření** státních úřadů, podniků a dotačních programů — jmenují konkrétní projekty, částky a pochybení, takže jsou často jediným veřejným zdrojem o tom, jak zakázka nebo dotace dopadla. Irský C&AG publikuje výroční zprávu o veřejných účtech a zvláštní zprávy k jednotlivým programům",official,open,download,reference,,,,https://www.audit.gov.ie/,ie-cag,2026-08-28
Veřejná data a správa,"Rozpočty, dotace, výdaje",spending,Itálie,IT,OpenCoesione,opencoesione.gov.it,"Projekty financované z fondů soudržnosti v Itálii — přes milion záznamů s příjemcem, lokalizací, tématem, částkou a stavem plnění, ke stažení. Jeden z prvních a nejlépe udělaných národních portálů dotační transparentnosti",official,open,bulk,reference,,,,https://opencoesione.gov.it/,it-opencoesione,2026-08-28
Veřejná data a správa,"Rozpočty, dotace, výdaje",spending,Itálie,IT,OpenBDAP,openbdap.rgs.mef.gov.it,"Otevřená databáze italských veřejných financí od státní pokladny — rozpočty a plnění státu, regionů, obcí a zdravotnických zařízení, s otevřenými daty. Rozklikávací pohled na italské veřejné výdaje",official,open,bulk,reference,,,,https://openbdap.rgs.mef.gov.it/,it-openbdap,2026-08-28
Veřejná data a správa,"Rozpočty, dotace, výdaje",spending,Itálie,IT,AGEA,agea.gov.it,"Platební agentura Společné zemědělské politiky. Podle nařízení 1306/2013 musí každý stát **zveřejňovat příjemce zemědělských dotací** — jméno, obec a částku podle opatření, s dvouletou dostupností. Italská AGEA koordinuje regionální platební agentury; seznam příjemců je společný, ale výplaty jdou přes ně",official,open,search,reference,,,,https://www.agea.gov.it/,it-agea,2026-08-28
Veřejná data a správa,"Rozpočty, dotace, výdaje",spending,Itálie,IT,Corte dei conti,corteconti.it,"Nejvyšší kontrolní instituce. Publikuje **kontrolní závěry o hospodaření** státních úřadů, podniků a dotačních programů — jmenují konkrétní projekty, částky a pochybení, takže jsou často jediným veřejným zdrojem o tom, jak zakázka nebo dotace dopadla. Italský účetní dvůr je i soudem pro odpovědnost za škodu způsobenou státu a předběžně registruje vládní akty",official,open,download,reference,,,,https://www.corteconti.it/,it-corteconti,2026-08-28
Veřejná data a správa,"Rozpočty, dotace, výdaje",spending,Lotyšsko,LV,Valsts kase,kase.gov.lv,"Lotyšská státní pokladna — **plnění rozpočtu, platby státních institucí a finanční výkazy obcí jako otevřená data**. Rozklikávací pohled na lotyšské veřejné výdaje",official,open,bulk,reference,,,,https://www.kase.gov.lv/,lv-kase,2026-08-28
Veřejná data a správa,"Rozpočty, dotace, výdaje",spending,Lotyšsko,LV,LAD — Lauku atbalsta dienests,lad.gov.lv,"Platební agentura Společné zemědělské politiky. Podle nařízení 1306/2013 musí každý stát **zveřejňovat příjemce zemědělských dotací** — jméno, obec a částku podle opatření, s dvouletou dostupností. Lotyšská agentura vydává seznam příjemců jako otevřená data a k tomu geoprostorový registr zemědělských bloků",official,open,bulk,reference,,,,https://www.lad.gov.lv/,lv-lad,2026-08-28
Veřejná data a správa,"Rozpočty, dotace, výdaje",spending,Lotyšsko,LV,Valsts kontrole,lrvk.gov.lv,"Nejvyšší kontrolní instituce. Publikuje **kontrolní závěry o hospodaření** státních úřadů, podniků a dotačních programů — jmenují konkrétní projekty, částky a pochybení, takže jsou často jediným veřejným zdrojem o tom, jak zakázka nebo dotace dopadla. Lotyšská Valsts kontrole publikuje audity i **otevřená data o zjištěních a jejich finančním dopadu**",official,open,bulk,reference,,,,https://www.lrvk.gov.lv/,lv-lrvk,2026-08-28
Veřejná data a správa,"Rozpočty, dotace, výdaje",spending,Litva,LT,Finansų ministerija,finmin.lrv.lt,"Litevské ministerstvo financí — státní rozpočet a jeho plnění, fiskální statistiky a finanční data obcí. Na automat vrací 403, v prohlížeči funguje",official,open,download,reference,,,,https://finmin.lrv.lt/,lt-finmin,2026-08-28
Veřejná data a správa,"Rozpočty, dotace, výdaje",spending,Litva,LT,NMA — Nacionalinė mokėjimo agentūra,nma.lt,"Platební agentura Společné zemědělské politiky. Podle nařízení 1306/2013 musí každý stát **zveřejňovat příjemce zemědělských dotací** — jméno, obec a částku podle opatření, s dvouletou dostupností. Na automat vrací 403, v prohlížeči funguje",official,open,search,reference,,,,https://www.nma.lt/,lt-nma,2026-08-28
Veřejná data a správa,"Rozpočty, dotace, výdaje",spending,Litva,LT,Valstybės kontrolė,vkontrole.lt,"Nejvyšší kontrolní instituce. Publikuje **kontrolní závěry o hospodaření** státních úřadů, podniků a dotačních programů — jmenují konkrétní projekty, částky a pochybení, takže jsou často jediným veřejným zdrojem o tom, jak zakázka nebo dotace dopadla. Litevský kontrolní úřad zveřejňuje audity i datové přehledy. Na automat vrací 403, v prohlížeči funguje",official,open,download,reference,,,,https://www.vkontrole.lt/,lt-vkontrole,2026-08-28
Veřejná data a správa,"Rozpočty, dotace, výdaje",spending,Lucembursko,LU,Budget.public.lu,budget.public.lu,"Lucemburský státní rozpočet — příjmy a výdaje po ministerstvech a článcích, víceleté plánování a plnění, s exportem a otevřenými daty na data.public.lu",official,open,download,reference,,,,https://budget.public.lu/,lu-budget,2026-08-28
Veřejná data a správa,"Rozpočty, dotace, výdaje",spending,Lucembursko,LU,Agriculture.public.lu,agriculture.public.lu,"Platební agentura Společné zemědělské politiky. Podle nařízení 1306/2013 musí každý stát **zveřejňovat příjemce zemědělských dotací** — jméno, obec a částku podle opatření, s dvouletou dostupností. Lucemburské ministerstvo zemědělství zveřejňuje seznam příjemců i vinařské a lesnické registry",official,open,download,reference,,,,https://agriculture.public.lu/,lu-agriculture,2026-08-28
Veřejná data a správa,"Rozpočty, dotace, výdaje",spending,Lucembursko,LU,Cour des comptes,cour-des-comptes.public.lu,"Nejvyšší kontrolní instituce. Publikuje **kontrolní závěry o hospodaření** státních úřadů, podniků a dotačních programů — jmenují konkrétní projekty, částky a pochybení, takže jsou často jediným veřejným zdrojem o tom, jak zakázka nebo dotace dopadla. Lucemburský účetní dvůr publikuje zprávu o plnění rozpočtu a zvláštní zprávy k investičním projektům",official,open,download,reference,,,,https://cour-des-comptes.public.lu/,lu-courdescomptes,2026-08-28
Veřejná data a správa,"Rozpočty, dotace, výdaje",spending,Malta,MT,Ministry for Finance Malta,finance.gov.mt,"Maltské ministerstvo financí — státní rozpočet, plnění a fiskální statistiky, s ročními dokumenty ke stažení. Na automat vrací 403, v prohlížeči funguje",official,open,download,reference,,,,https://finance.gov.mt/,mt-finance,2026-08-28
Veřejná data a správa,"Rozpočty, dotace, výdaje",spending,Malta,MT,ARPA — Agriculture and Rural Payments Agency,arpa.gov.mt,"Platební agentura Společné zemědělské politiky. Podle nařízení 1306/2013 musí každý stát **zveřejňovat příjemce zemědělských dotací** — jméno, obec a částku podle opatření, s dvouletou dostupností. Maltská ARPA je nejmenší platební agentura v EU. Na automat vrací 403, v prohlížeči funguje",official,open,search,reference,,,,https://arpa.gov.mt/,mt-arpa,2026-08-28
Veřejná data a správa,"Rozpočty, dotace, výdaje",spending,Malta,MT,National Audit Office,nao.gov.mt,"Nejvyšší kontrolní instituce. Publikuje **kontrolní závěry o hospodaření** státních úřadů, podniků a dotačních programů — jmenují konkrétní projekty, částky a pochybení, takže jsou často jediným veřejným zdrojem o tom, jak zakázka nebo dotace dopadla. Maltský NAO publikuje výroční zprávu i vyšetřovací zprávy k jednotlivým kauzám. Na automat vrací 403, v prohlížeči funguje",official,open,download,reference,,,,https://nao.gov.mt/,mt-nao,2026-08-28
Veřejná data a správa,"Rozpočty, dotace, výdaje",spending,Nizozemsko,NL,Rijksfinanciën,rijksfinancien.nl,"Nizozemské státní finance — rozpočet a výsledky hospodaření po ministerstvech a článcích, s otevřenými daty ke stažení a historickými řadami. Rozklikávací pohled na to, kam nizozemský stát dává peníze",official,open,bulk,reference,,,,https://www.rijksfinancien.nl/,nl-rijksfinancien,2026-08-28
Veřejná data a správa,"Rozpočty, dotace, výdaje",spending,Nizozemsko,NL,RVO — Rijksdienst voor Ondernemend Nederland,rvo.nl,"Agentura pro podnikání — dotační programy, jejich příjemci a registry jako evidence zemědělské půdy nebo energetických štítků budov. U nizozemských firem odpoví, jaké veřejné podpory čerpaly",official,open,download,reference,,,,https://www.rvo.nl/,nl-rvo,2026-08-28
Veřejná data a správa,"Rozpočty, dotace, výdaje",spending,Nizozemsko,NL,RVO — Gemeenschappelijk landbouwbeleid,rvo.nl,"Platební agentura Společné zemědělské politiky. Podle nařízení 1306/2013 musí každý stát **zveřejňovat příjemce zemědělských dotací** — jméno, obec a částku podle opatření, s dvouletou dostupností. Nizozemská RVO zveřejňuje seznam příjemců a k tomu registr zemědělských pozemků a energetických štítků",official,open,download,reference,,,,https://www.rvo.nl/onderwerpen/glb,nl-rvo-glb,2026-08-28
Veřejná data a správa,"Rozpočty, dotace, výdaje",spending,Nizozemsko,NL,Algemene Rekenkamer,rekenkamer.nl,"Nejvyšší kontrolní instituce. Publikuje **kontrolní závěry o hospodaření** státních úřadů, podniků a dotačních programů — jmenují konkrétní projekty, částky a pochybení, takže jsou často jediným veřejným zdrojem o tom, jak zakázka nebo dotace dopadla. Nizozemská Rekenkamer publikuje audity a **otevřená data o výdajích ministerstev** v nástroji, který ukazuje rozpočet po programech",official,open,bulk,reference,,,,https://www.rekenkamer.nl/,nl-rekenkamer,2026-08-28
Veřejná data a správa,"Rozpočty, dotace, výdaje",spending,Polsko,PL,Mapa Dotacji UE,mapadotacji.gov.pl,"Projekty spolufinancované z fondů EU v Polsku — příjemce, program, částka a místo realizace na mapě, od roku 2004. Data ke stažení; u polských firem odpoví, kolik a odkud dostaly evropských peněz",official,open,bulk,reference,,,,https://mapadotacji.gov.pl/,pl-mapa-dotacji,2026-08-28
Veřejná data a správa,"Rozpočty, dotace, výdaje",spending,Polsko,PL,Rejestr Umów,rejestrumow.gov.pl,"Centrální rejstřík smluv subjektů veřejných financí, povinný od roku 2022 — protistrana, předmět, hodnota a doba plnění nad zákonným limitem. Polská obdoba českého registru smluv, byť s kratší historií a bez plných textů",official,open,bulk,reference,,,,https://rejestrumow.gov.pl/,pl-rejestr-umow,2026-08-28
Veřejná data a správa,"Rozpočty, dotace, výdaje",spending,Polsko,PL,ARiMR,gov.pl,"Platební agentura Společné zemědělské politiky. Podle nařízení 1306/2013 musí každý stát **zveřejňovat příjemce zemědělských dotací** — jméno, obec a částku podle opatření, s dvouletou dostupností. Polská ARiMR vede navíc evidenci hospodářských zvířat a producentů",official,open,search,reference,,,,https://www.gov.pl/web/arimr,pl-arimr,2026-08-28
Veřejná data a správa,"Rozpočty, dotace, výdaje",spending,Portugalsko,PT,Portal da Transparência,transparencia.gov.pt,"Portugalský transparenční portál — veřejné výdaje, zaměstnanost ve státní správě, smlouvy a dotace v přehledech s exportem. Sjednocuje čísla, která jinak leží v jednotlivých resortech",official,open,bulk,reference,,,,https://transparencia.gov.pt/,pt-transparencia,2026-08-28
Veřejná data a správa,"Rozpočty, dotace, výdaje",spending,Portugalsko,PT,IFAP,ifap.pt,"Platební agentura Společné zemědělské politiky. Podle nařízení 1306/2013 musí každý stát **zveřejňovat příjemce zemědělských dotací** — jméno, obec a částku podle opatření, s dvouletou dostupností. Portugalský IFAP provozuje i geoprostorový systém parcel iSIP, ze kterého se čerpá při kontrolách",official,open,search,reference,,,,https://www.ifap.pt/,pt-ifap,2026-08-28
Veřejná data a správa,"Rozpočty, dotace, výdaje",spending,Portugalsko,PT,Tribunal de Contas,tcontas.pt,"Nejvyšší kontrolní instituce. Publikuje **kontrolní závěry o hospodaření** státních úřadů, podniků a dotačních programů — jmenují konkrétní projekty, částky a pochybení, takže jsou často jediným veřejným zdrojem o tom, jak zakázka nebo dotace dopadla. Portugalský účetní dvůr **předběžně schvaluje velké veřejné smlouvy** — bez jeho visto řada zakázek nenabude účinnosti, takže jeho rozhodnutí jsou dobrým indikátorem problémů",official,open,search,reference,,,,https://www.tcontas.pt/,pt-tcontas,2026-08-28
Veřejná data a správa,"Rozpočty, dotace, výdaje",spending,Rumunsko,RO,Ministerul Finanțelor,mfinante.gov.ro,"Rumunské ministerstvo financí — **veřejná databáze účetních výkazů firem podle CUI** (bilanț, obrat, zisk, zaměstnanci), rozpočet a daňová legislativa. Bezplatná cesta k rumunským firemním číslům, když je výpis z rejstříku placený",official,open,search,reference,,,,https://mfinante.gov.ro/,ro-mfinante,2026-08-28
Veřejná data a správa,"Rozpočty, dotace, výdaje",spending,Rumunsko,RO,Curtea de Conturi,curteadeconturi.ro,"Nejvyšší kontrolní instituce. Publikuje **kontrolní závěry o hospodaření** státních úřadů, podniků a dotačních programů — jmenují konkrétní projekty, částky a pochybení, takže jsou často jediným veřejným zdrojem o tom, jak zakázka nebo dotace dopadla. Rumunský účetní dvůr kontroluje i obce a státní podniky. Na automat vrací 403, v prohlížeči funguje",official,open,download,reference,,,,https://www.curteadeconturi.ro/,ro-curteadeconturi,2026-08-28
Veřejná data a správa,"Rozpočty, dotace, výdaje",spending,Slovensko,SK,Rozpočet.sk,rozpocet.sk,"Rozklikávací rozpočty slovenských obcí, měst a státu v jednotné podobě, včetně faktur a objednávek. Provozuje INEKO; obce zveřejňují data v neporovnatelných formátech a tady jsou sjednocené a srovnatelné v čase",ngo,open,bulk,reference,,,,https://www.rozpocet.sk/web/,sk-rozpocet,2026-08-28
Veřejná data a správa,"Rozpočty, dotace, výdaje",spending,Slovensko,SK,NKÚ SR,nku.gov.sk,"Nejvyšší kontrolní úřad SR — kontrolní závěry k programům, resortům a samosprávám s vyčíslením zjištěných nedostatků, plus datové výstupy k hospodaření obcí. Často jediný veřejný rozbor konkrétního slovenského veřejného projektu",official,open,download,reference,,,,https://www.nku.gov.sk/,sk-nku,2026-08-28
Veřejná data a správa,"Rozpočty, dotace, výdaje",spending,Slovensko,SK,PPA — Pôdohospodárska platobná agentúra,apa.sk,"Platební agentura Společné zemědělské politiky. Podle nařízení 1306/2013 musí každý stát **zveřejňovat příjemce zemědělských dotací** — jméno, obec a částku podle opatření, s dvouletou dostupností. Slovenská PPA zveřejňuje seznam příjemců; platby jsou navíc v Centrálnom registri zmlúv a v Rozpočte.sk",official,open,search,reference,,,,https://www.apa.sk/,sk-apa,2026-08-28
Veřejná data a správa,"Rozpočty, dotace, výdaje",spending,Slovinsko,SI,Erar,erar.si,"**Každá transakce slovinského veřejného sektoru** — kdo komu kdy kolik zaplatil, od ministerstev po obce, dohledatelné z obou stran a propojené s obchodním rejstříkem. Provozuje protikorupční komise. Nejotevřenější nástroj pro sledování veřejných peněz v EU; obdobu tomu nemá žádný jiný členský stát",official,open,bulk,reference,,,,https://erar.si/,si-erar,2026-08-28
Veřejná data a správa,"Rozpočty, dotace, výdaje",spending,Slovinsko,SI,Agencija za kmetijske trge in razvoj podeželja,gov.si,"Platební agentura Společné zemědělské politiky. Podle nařízení 1306/2013 musí každý stát **zveřejňovat příjemce zemědělských dotací** — jméno, obec a částku podle opatření, s dvouletou dostupností. Slovinská agentura zveřejňuje seznam příjemců; platby jsou navíc dohledatelné v Eraru po jednotlivých transakcích",official,open,search,reference,,,,https://www.gov.si/drzavni-organi/organi-v-sestavi/agencija-za-kmetijske-trge-in-razvoj-podezelja/,si-akts,2026-08-28
Veřejná data a správa,"Rozpočty, dotace, výdaje",spending,Slovinsko,SI,Računsko sodišče,rs-rs.si,"Nejvyšší kontrolní instituce. Publikuje **kontrolní závěry o hospodaření** státních úřadů, podniků a dotačních programů — jmenují konkrétní projekty, částky a pochybení, takže jsou často jediným veřejným zdrojem o tom, jak zakázka nebo dotace dopadla. Slovinské účetní sodišče kontroluje i obce a veřejné podniky a vydává závazné pokyny k nápravě",official,open,download,reference,,,,https://www.rs-rs.si/,si-rsrs,2026-08-28
Veřejná data a správa,"Rozpočty, dotace, výdaje",spending,Španělsko,ES,BDNS — databáze dotací,pap.hacienda.gob.es,"Národní databáze dotací — **každá vyplacená veřejná podpora ve Španělsku s příjemcem, částkou, poskytovatelem a účelem**, ze všech úrovní správy. Data ke stažení; u španělské firmy odpoví, kolik veřejných peněz dostala",official,open,bulk,reference,,,,https://www.pap.hacienda.gob.es/bdnstrans/GE/es/index,es-bdns,2026-08-28
Veřejná data a správa,"Rozpočty, dotace, výdaje",spending,Španělsko,ES,FEGA,fega.gob.es,"Platební agentura Společné zemědělské politiky. Podle nařízení 1306/2013 musí každý stát **zveřejňovat příjemce zemědělských dotací** — jméno, obec a částku podle opatření, s dvouletou dostupností. Španělská FEGA zveřejňuje seznam příjemců ke stažení; k tomu vede registr zemědělských podniků a statistiky trhu",official,open,download,reference,,,,https://www.fega.gob.es/es,es-fega,2026-08-28
Veřejná data a správa,"Rozpočty, dotace, výdaje",spending,Španělsko,ES,Tribunal de Cuentas,tcu.es,"Nejvyšší kontrolní instituce. Publikuje **kontrolní závěry o hospodaření** státních úřadů, podniků a dotačních programů — jmenují konkrétní projekty, částky a pochybení, takže jsou často jediným veřejným zdrojem o tom, jak zakázka nebo dotace dopadla. Španělský účetní dvůr vede navíc **registr účetnictví politických stran** a databázi veřejných podniků",official,open,search,reference,,,,https://www.tcu.es/,es-tcu,2026-08-28
Veřejná data a správa,"Rozpočty, dotace, výdaje",spending,Švédsko,SE,Statskontoret / ESV — státní finance,esv.se,"Švédská správa státních financí — plnění rozpočtu, výkazy státních úřadů a prognózy. Švédsko nemá rozklikávací rozpočtový portál na úrovni faktur; jednotlivé dokumenty se získávají podle zásady veřejnosti",official,open,download,reference,,,,https://www.esv.se/,se-esv,2026-08-28
Veřejná data a správa,"Rozpočty, dotace, výdaje",spending,Švédsko,SE,Jordbruksverket,jordbruksverket.se,"Platební agentura Společné zemědělské politiky. Podle nařízení 1306/2013 musí každý stát **zveřejňovat příjemce zemědělských dotací** — jméno, obec a částku podle opatření, s dvouletou dostupností. Švédský zemědělský úřad vydává seznam příjemců i statistiky a registry zvířat jako otevřená data",official,open,bulk,reference,,,,https://jordbruksverket.se/,se-jordbruksverket,2026-08-28
Veřejná data a správa,"Rozpočty, dotace, výdaje",spending,Švédsko,SE,Riksrevisionen,riksrevisionen.se,"Nejvyšší kontrolní instituce. Publikuje **kontrolní závěry o hospodaření** státních úřadů, podniků a dotačních programů — jmenují konkrétní projekty, částky a pochybení, takže jsou často jediným veřejným zdrojem o tom, jak zakázka nebo dotace dopadla. Švédská Riksrevisionen publikuje efektivnostní audity i výroční audit státních účtů a agentur",official,open,download,reference,,,,https://www.riksrevisionen.se/,se-riksrevisionen,2026-08-28
Firmy a due diligence,Obchodní rejstříky,companies,Evropská unie,EU,North Data,northdata.com,"Firemní rejstříky, účetní závěrky a vazby osob a firem ve 26 zemích Evropy včetně ČR (v záběru je i Izrael)",commercial,mixed,api,history,22,11,2026-07-22,https://www.northdata.com/,eu-north-data,2026-08-28
Firmy a due diligence,Obchodní rejstříky,companies,Evropská unie,EU,e-Justice — rejstříky členských států,e-justice.europa.eu,"Rozcestník Komise po národních obchodních, insolvenčních a pozemkových rejstřících — pro každý stát odkaz, rozsah údajů, jazyk a podmínky přístupu. První místo, kam jít, když je potřeba zjistit, kde se v dané zemi firma nebo pozemek vůbec dohledá",intl,open,search,reference,,,,https://e-justice.europa.eu/topics/registers-business-insolvency-land_en,eu-e-justice-registers,2026-08-28
Firmy a due diligence,Obchodní rejstříky,companies,Evropská unie,EU,BRIS — vyhledání firmy v EU,e-justice.europa.eu,"Propojení obchodních rejstříků všech členských států — jedno vyhledávací pole nad všemi národními rejstříky, výsledkem základní údaje a odkaz do rejstříku země. Zdarma; listiny a výpisy si za svých podmínek účtuje každý národní rejstřík zvlášť",intl,open,search,reference,,,,https://e-justice.europa.eu/topics/registers-business-insolvency-land/business-registers-search-company-eu_en,eu-bris,2026-08-28
Firmy a due diligence,Obchodní rejstříky,companies,Evropská unie,EU,VIES — ověření DIČ,ec.europa.eu,"Ověření platnosti DIČ pro účely DPH ve všech členských státech — vrací, jestli je číslo aktivní, a u většiny států i jméno a adresu plátce. Má SOAP i REST rozhraní; standardní krok při prověření existence obchodního partnera před fakturací",intl,open,api,reference,,,,https://ec.europa.eu/taxation_customs/vies/,eu-vies,2026-08-28
Firmy a due diligence,Obchodní rejstříky,companies,Celosvětové,GLOBAL,GLEIF — globální rejstřík LEI,gleif.org,"Registr identifikátorů právnických osob LEI — pro každý subjekt oficiální název, sídlo, právní forma a hlavně vztah k přímé i konečné mateřské společnosti. Kompletní data pod CC0 ke stažení i přes API; jediný veřejný a globální zdroj strukturovaných vlastnických vazeb mezi firmami napříč jurisdikcemi",ngo,open,bulk,reference,,,,https://www.gleif.org/,global-gleif,2026-08-28
Firmy a due diligence,Obchodní rejstříky,companies,Celosvětové,GLOBAL,OpenCorporates,opencorporates.com,"Agregátor obchodních rejstříků z více než stovky jurisdikcí — firmy, statutární orgány a vazby napříč zeměmi na jednom místě, s uvedením zdroje a data stažení. Vyhledávání zdarma, API a hromadná data placené; nenahrazuje národní rejstřík, ale najde firmu, o jejíž zemi člověk neví",commercial,mixed,api,reference,,,,https://opencorporates.com/,global-opencorporates,2026-08-28
Firmy a due diligence,Obchodní rejstříky,companies,Rakousko,AT,Firmenbuchabfrage (JustizOnline),justizonline.gv.at,"Rakouský obchodní rejstřík vedený soudy — společnosti, statutární orgány, sídlo a základní kapitál. Vyhledání firmy je zdarma, ale každý výpis a každá listina jsou zpoplatněné; bezplatnou obdobu českého ARESu Rakousko nemá",official,paid,search,reference,,,,https://justizonline.gv.at/jop/web/firmenbuchabfrage,at-firmenbuch,2026-08-28
Firmy a due diligence,Obchodní rejstříky,companies,Rakousko,AT,WKO Firmen A–Z,firmen.wko.at,"Databáze členů Hospodářské komory — prakticky všechny rakouské živnosti a firmy s oborem činnosti, kontaktem a živnostenským oprávněním, zdarma. Členství je povinné, takže je to bezplatný způsob, jak si rakouskou firmu předběžně ověřit bez placení Firmenbuchu",official,open,search,reference,,,,https://firmen.wko.at/,at-wko-firmen,2026-08-28
Firmy a due diligence,Obchodní rejstříky,companies,Belgie,BE,Staatsbladmonitor,staatsbladmonitor.be,"Komerční nadstavba nad Moniteur belge — firemní oznámení strukturovaná po společnostech s historií změn, orgány a vazbami. Úřední zdroj je věstník, tohle je použitelnější, když je potřeba sledovat firmu v čase",commercial,mixed,search,reference,,,,https://www.staatsbladmonitor.be/,be-staatsbladmonitor,2026-08-28
Firmy a due diligence,Obchodní rejstříky,companies,Belgie,BE,KBO / BCE — Kruispuntbank van Ondernemingen,kbopub.economie.fgov.be,"Belgický registr podniků — identifikační číslo, právní forma, sídlo, ekonomické činnosti NACE a provozovny, zdarma a bez registrace. Kompletní databáze jde stáhnout jako open data; statutární orgány a stanovy se ale hledají v Moniteur belge",official,open,bulk,reference,,,,https://kbopub.economie.fgov.be/kbopub/zoeknummerform.html,be-kbo,2026-08-28
Firmy a due diligence,Obchodní rejstříky,companies,Bulharsko,BG,Търговски регистър (BRRA),portal.registryagency.bg,"Bulharský obchodní rejstřík a rejstřík neziskových organizací — společnosti, orgány, společníci, kapitál a **uložené listiny včetně účetních závěrek, všechno zdarma a bez registrace**. Jeden z nejotevřenějších rejstříků v EU; má i API",official,open,api,reference,,,,https://portal.registryagency.bg/CR/,bg-brra,2026-08-28
Firmy a due diligence,Obchodní rejstříky,companies,Chorvatsko,HR,Sudski registar,sudreg.pravosudje.hr,"Chorvatský soudní (obchodní) rejstřík — společnosti, statutární orgány, společníci, kapitál a stav, **zdarma a s otevřeným API**. Jeden z mála rejstříků v EU, který vydává strukturovaná data bez poplatku",official,open,api,reference,,,,https://sudreg.pravosudje.hr/,hr-sudreg,2026-08-28
Firmy a due diligence,Obchodní rejstříky,companies,Chorvatsko,HR,FINA,fina.hr,"Chorvatská finanční agentura — vedle registru účetních výkazů i **registr neplatičů a blokovaných účtů** a registr věcných práv. Základní informace zdarma, podrobné výpisy zpoplatněné",official,mixed,search,reference,,,,https://www.fina.hr/,hr-fina,2026-08-28
Firmy a due diligence,Obchodní rejstříky,companies,Kypr,CY,DRCOR — Registrar of Companies,efiling.drcor.mcit.gov.cy,"Kyperský obchodní rejstřík — společnosti, ředitelé, tajemníci, akcionáři a sídlo, s bezplatným vyhledáváním. **Akcionáři jsou ve výpisu veřejní**, což z Kypru dělá pro prověrku vlastnických struktur otevřenější jurisdikci, než jeho pověst napovídá; listiny jsou zpoplatněné",official,open,search,reference,,,,https://efiling.drcor.mcit.gov.cy/,cy-drcor,2026-08-28
Firmy a due diligence,Obchodní rejstříky,companies,Česko,CZ,ARES,ares.gov.cz,"Ekonomické subjekty ČR — REST API, adresy sídel (geokódovatelné)",official,open,api,history,7,5,2026-08-05,https://ares.gov.cz/,cz-ares,2026-08-28
Firmy a due diligence,Obchodní rejstříky,companies,Česko,CZ,Obchodní rejstřík,or.justice.cz,"Veřejný rejstřík — vazby, sídla, statutáři",official,open,search,history,16,6,2026-08-05,https://or.justice.cz/,cz-obchodni-rejstrik,2026-08-28
Firmy a due diligence,Obchodní rejstříky,companies,Česko,CZ,Registr živnostenského podnikání,rzp.gov.cz,Živnostenská oprávnění fyzických i právnických osob — včetně seznamu provozoven s adresami (geokódovatelné),official,open,search,reference,,,,https://rzp.gov.cz/,cz-registr-zivnostenskeho-podnikani,2026-08-28
Firmy a due diligence,Obchodní rejstříky,companies,Česko,CZ,Registr plátců DPH a nespolehlivých plátců,adisreg.mfcr.cz,"Ověření, jestli je subjekt plátcem DPH, od kdy, a hlavně jestli je označený jako nespolehlivý plátce nebo nespolehlivá osoba — a jaké má zveřejněné bankovní účty. Platba na účet mimo seznam zakládá ručení za nezaplacenou daň, takže je to praktický krok před úhradou faktury",official,open,search,reference,,,,https://adisreg.mfcr.cz/dpr/DphReg,cz-dph-registr,2026-08-28
Firmy a due diligence,Obchodní rejstříky,companies,Dánsko,DK,CVR — Det Centrale Virksomhedsregister,datacvr.virk.dk,"Dánský registr firem — společnosti, vedení, historie změn a **účetní závěrky, všechno zdarma a bez registrace**, včetně hromadného výdeje. Jeden z nejotevřenějších firemních registrů v EU. Údaje o skutečných majitelích jsou vedené zvlášť a od roku 2022 podléhají řízení o oprávněném zájmu. Na automat vrací 403, v prohlížeči funguje",official,open,bulk,reference,,,,https://datacvr.virk.dk/,dk-cvr,2026-08-28
Firmy a due diligence,Obchodní rejstříky,companies,Estonsko,EE,e-Äriregister,ariregister.rik.ee,"Estonský obchodní rejstřík — společnosti, vedení, **společníci, roční výkazy a historie změn**, se základním výpisem zdarma a bez přihlášení. Roční účetní výkazy jsou veřejné; podrobné výpisy a dokumenty za poplatek. Má otevřená data i API",official,mixed,api,reference,,,,https://ariregister.rik.ee/,ee-ariregister,2026-08-28
Firmy a due diligence,Obchodní rejstříky,companies,Finsko,FI,PRH — Patentti- ja rekisterihallitus,prh.fi,"Finský patentový a registrační úřad — **obchodní rejstřík, rejstřík spolků a nadací, ochranné známky a patenty**. Základní údaje o firmách jsou zdarma přes YTJ, výpisy a dokumenty zpoplatněné přes Virre",official,mixed,api,reference,,,,https://www.prh.fi/,fi-prh,2026-08-28
Firmy a due diligence,Obchodní rejstříky,companies,Finsko,FI,YTJ — Yritys- ja yhteisötietojärjestelmä,tietopalvelu.ytj.fi,"Finský firemní informační systém — **identifikace, sídlo, obor, registrace k daním a stav u všech finských firem zdarma**, s otevřeným API. Bezplatný vstupní bod k finské firmě; společný projekt PRH a daňové správy",official,open,api,reference,,,,https://tietopalvelu.ytj.fi/,fi-ytj,2026-08-28
Firmy a due diligence,Obchodní rejstříky,companies,Francie,FR,Annuaire des Entreprises,annuaire-entreprises.data.gouv.fr,"Oficiální veřejný vyhledávač francouzských firem — SIREN/SIRET, adresa, činnost, statutární orgány, finanční výkazy a stav řízení, všechno zdarma a na jednom místě. Nejpraktičtější vstupní bod k francouzské firmě; nahrazuje placené komerční služby",official,open,api,reference,,,,https://annuaire-entreprises.data.gouv.fr/,fr-annuaire-entreprises,2026-08-28
Firmy a due diligence,Obchodní rejstříky,companies,Francie,FR,Infogreffe,infogreffe.fr,"Portál francouzských rejstříkových soudů (greffes) — výpisy Kbis, listiny a účetní závěrky. Základní údaje zdarma, ověřené výpisy a dokumenty zpoplatněné. Od vzniku RNE u INPI je pro bezplatnou rešerši lepší Annuaire des Entreprises. Na automat vrací 403",official,mixed,search,reference,,,,https://www.infogreffe.fr/,fr-infogreffe,2026-08-28
Firmy a due diligence,Obchodní rejstříky,companies,Francie,FR,Pappers,pappers.fr,"Komerční nadstavba nad francouzskými otevřenými registry — firmy, orgány, závěrky a vazby mezi osobami v použitelné podobě, se sledováním změn. Základ zdarma, API a exporty placené. Na automat vrací 403",commercial,mixed,api,reference,,,,https://www.pappers.fr/,fr-pappers,2026-08-28
Firmy a due diligence,Obchodní rejstříky,companies,Německo,DE,Handelsregister,handelsregister.de,"Německý obchodní rejstřík vedený rejstříkovými soudy — firmy, statutární orgány, sídlo, kapitál a uložené listiny. Od srpna 2022 je náhled i stahování dokumentů **zdarma**, dřív se platilo za každý výpis; společníci s.r.o. jsou v seznamu společníků mezi listinami",official,open,search,reference,,,,https://www.handelsregister.de/rp_web/welcome.xhtml,de-handelsregister,2026-08-28
Firmy a due diligence,Obchodní rejstříky,companies,Řecko,GR,ΓΕΜΗ — Γενικό Εμπορικό Μητρώο,businessportal.gr,"Řecký obchodní rejstřík (ΓΕΜΗ) — společnosti, orgány, kapitál a stav. Základní údaje zdarma, **výpisy a listiny zpoplatněné**. Povinná zveřejnění firem vycházejí na publicity.businessportal.gr",official,mixed,search,reference,,,,https://www.businessportal.gr/,gr-businessportal,2026-08-28
Firmy a due diligence,Obchodní rejstříky,companies,Řecko,GR,ΑΑΔΕ / gsis.gr — daňové služby,gsis.gr,"Řecká daňová správa — **ověření DIČ (ΑΦΜ) a stavu registrace subjektu**, seznamy daňových dlužníků a elektronické služby. Ověření ΑΦΜ je bezplatný krok před obchodem s řeckou protistranou. Na automat vrací 403",official,open,api,reference,,,,https://www.gsis.gr/,gr-gsis,2026-08-28
Firmy a due diligence,Obchodní rejstříky,companies,Maďarsko,HU,e-Cégjegyzék,e-cegjegyzek.hu,"Maďarský obchodní rejstřík — vyhledání společnosti podle názvu, čísla nebo daňového čísla se základními údaji zdarma; **úplný výpis a historie změn jsou zpoplatněné**. Provozuje ministerstvo spravedlnosti",official,mixed,search,reference,,,,https://www.e-cegjegyzek.hu/,hu-e-cegjegyzek,2026-08-28
Firmy a due diligence,Obchodní rejstříky,companies,Irsko,IE,CRO — Companies Registration Office,cro.ie,"Irský obchodní rejstřík — společnosti, ředitelé, sídlo a stav, s bezplatným vyhledáním; **dokumenty a účetní závěrky jsou zpoplatněné** (jednotky eur za dokument) přes portál CORE. Na automat vrací 403, v prohlížeči funguje",official,mixed,search,reference,,,,https://www.cro.ie/,ie-cro,2026-08-28
Firmy a due diligence,Obchodní rejstříky,companies,Itálie,IT,Registro Imprese,registroimprese.it,"Italský obchodní rejstřík vedený obchodními komorami — společnosti, orgány, kapitál a uložené listiny včetně **účetních závěrek**, a také zápisy o insolvenčních řízeních. Základní vyhledání zdarma, **každý výpis a dokument je zpoplatněný**; objednává se přes Telemaco. **Itálie nemá jeden veřejný insolvenční rejstřík** — úpadky jsou zapsané tady a vyhlašují se v Gazzetta Ufficiale",official,paid,search,reference,,,,https://www.registroimprese.it/,it-registroimprese,2026-08-28
Firmy a due diligence,Obchodní rejstříky,companies,Lotyšsko,LV,Uzņēmumu reģistrs — info.ur.gov.lv,info.ur.gov.lv,"Lotyšský podnikový registr — **společnosti, vedení, společníci a skuteční majitelé s bezplatným vyhledáváním a hromadnými otevřenými daty ke stažení**. Lotyšsko patří k několika málo státům, které data rejstříku vydávají jako open data",official,open,bulk,reference,,,,https://info.ur.gov.lv/,lv-ur,2026-08-28
Firmy a due diligence,Obchodní rejstříky,companies,Lotyšsko,LV,Uzņēmumu reģistrs,ur.gov.lv,"Web lotyšského podnikového registru — postupy zápisů, poplatky a přístup k rejstříkům spolků, nadací a **insolvenčnímu rejstříku**. Data se vyhledávají na info.ur.gov.lv",official,mixed,search,reference,,,,https://www.ur.gov.lv/,lv-ur-gov,2026-08-28
Firmy a due diligence,Obchodní rejstříky,companies,Litva,LT,Rekvizitai.lt,rekvizitai.lt,"Komerční nadstavba nad litevskými registry — firmy, vedení, finanční ukazatele a vazby v použitelné podobě. Základ zdarma, hlubší data placená; praktická alternativa k placeným výpisům z Registrų centras. Na automat vrací 403",commercial,mixed,search,reference,,,,https://rekvizitai.lt/,lt-rekvizitai,2026-08-28
Firmy a due diligence,Obchodní rejstříky,companies,Lucembursko,LU,LBR — Luxembourg Business Registers,lbr.lu,"Lucemburské obchodní rejstříky — **RCS (obchodní rejstřík), RBE (skuteční majitelé) a registr účetních závěrek**. Základní údaje o firmě zdarma, **výpisy, listiny a účetní závěrky zpoplatněné** za dokument",official,mixed,search,reference,,,,https://www.lbr.lu/,lu-lbr,2026-08-28
Firmy a due diligence,Obchodní rejstříky,companies,Malta,MT,Malta Business Registry,mbr.mt,"Maltský obchodní rejstřík — společnosti, ředitelé, akcionáři a uložené dokumenty včetně účetních závěrek. Základní vyhledání zdarma, **dokumenty a výpisy zpoplatněné**. **Malta nemá samostatný veřejný insolvenční rejstřík** — likvidace a insolvenční řízení vede Insolvency and Receivership Service při MBR a vyhlašují se v Government Gazette",official,mixed,search,reference,,,,https://mbr.mt/,mt-mbr,2026-08-28
Firmy a due diligence,Obchodní rejstříky,companies,Nizozemsko,NL,KVK Handelsregister,kvk.nl,"Nizozemský obchodní rejstřík vedený Komorou — vyhledání firmy podle názvu nebo KVK čísla s adresou, činností a stavem je zdarma; **výpis, statutární orgány a uložené dokumenty jsou zpoplatněné**. API pro strojový přístup je placené",official,mixed,api,reference,,,,https://www.kvk.nl/zoeken/,nl-kvk-handelsregister,2026-08-28
Firmy a due diligence,Obchodní rejstříky,companies,Polsko,PL,Portal Rejestrów Sądowych,prs.ms.gov.pl,"Soudní rejstříky KRS — aktuální i úplné výpisy, sbírka listin a elektronická podání; strojově přes otevřené REST API api-krs.ms.gov.pl, které vrací celý výpis v JSON bez klíče",official,open,api,reference,,,,https://prs.ms.gov.pl/,pl-portal-rejestrow-sadowych,2026-08-30
Firmy a due diligence,Obchodní rejstříky,companies,Polsko,PL,Wyszukiwarka KRS,wyszukiwarka-krs.ms.gov.pl,"Vyhledávání v obchodním a spolkovém rejstříku podle názvu, čísla KRS, NIP nebo REGON. Na automat odpovídá Incapsula, v prohlížeči funguje; strojově vede cesta přes Portal Rejestrów Sądowych, ne přes tenhle formulář",official,open,search,reference,,,,https://wyszukiwarka-krs.ms.gov.pl/,pl-wyszukiwarka-krs,2026-08-30
Firmy a due diligence,Obchodní rejstříky,companies,Polsko,PL,Hurtownia danych CEIDG,dane.biznes.gov.pl,"Datový sklad CEIDG a Biznes.gov.pl — data, statistiky a reporty o živnostnících; vyžaduje účet, o který se žádá formulářem",official,registration,bulk,reference,,,,https://dane.biznes.gov.pl/pl/portal/034872,pl-hurtownia-danych-ceidg,2026-08-28
Firmy a due diligence,Obchodní rejstříky,companies,Polsko,PL,rejestr.io,rejestr.io,"Komerční nadstavba nad KRS — firmy, lidé a jejich vazby včetně historie změn; základní výpis zdarma, propojení a exporty placené. Na automat vrací 403",commercial,mixed,api,reference,,,,https://rejestr.io/,pl-rejestr-io,2026-08-28
Firmy a due diligence,Obchodní rejstříky,companies,Polsko,PL,Wykaz podatników VAT (biała lista),gov.pl,"Bílá listina plátců DPH vedená finanční správou — status registrace, historie a zveřejněné bankovní účty. Platba nad 15 tisíc zł na účet mimo seznam vylučuje výdaj z nákladů a zakládá ručení za daň, takže se ověřuje před úhradou. Má vlastní API",official,open,api,reference,,,,https://www.gov.pl/web/kas/wykaz-podatnikow-vat,pl-wykaz-vat,2026-08-28
Firmy a due diligence,Obchodní rejstříky,companies,Portugalsko,PT,IRN — Registos e Notariado,irn.justica.gov.pt,"Portugalský registrační institut — obchodní rejstřík, katastr nemovitostních práv (Registo Predial) a rejstřík právnických osob. **Výpisy jsou zpoplatněné** a objednávají se elektronicky; bezplatné vyhledávání firem Portugalsko nemá",official,paid,search,reference,,,,https://irn.justica.gov.pt/,pt-irn,2026-08-28
Firmy a due diligence,Obchodní rejstříky,companies,Portugalsko,PT,Portal das Finanças,portaldasfinancas.gov.pt,"Portál portugalské daňové správy — ověření DIČ (NIF) a stavu registrace, seznamy dlužníků, daňová legislativa a výklady. Ověření NIF je bezplatný krok před obchodem s portugalskou protistranou",official,open,search,reference,,,,https://www.portaldasfinancas.gov.pt/at/html/index.html,pt-portaldasfinancas,2026-08-28
Firmy a due diligence,Obchodní rejstříky,companies,Rumunsko,RO,ONRC — Oficiul Național al Registrului Comerțului,onrc.ro,"Rumunský obchodní rejstřík — společnosti, orgány, společníci, kapitál a stav, a k tomu **Buletinul Procedurilor de Insolvență (BPI)** s vyhlášeními úpadků a reorganizací. **Výpisy i plné texty BPI jsou zpoplatněné** a objednávají se přes portál ONRC, který mimo Rumunsko neodpovídá; bezplatné vyhledání firmy Rumunsko nemá",official,paid,search,reference,,,,https://www.onrc.ro/,ro-onrc,2026-08-28
Firmy a due diligence,Obchodní rejstříky,companies,Rumunsko,RO,ANAF — daňová správa,anaf.ro,"Rumunská daňová správa — **bezplatné ověření plátce DPH a stavu registrace podle CUI přes veřejné API**, seznamy daňových dlužníků a neaktivních plátců. Praktická bezplatná alternativa k placenému výpisu z rejstříku",official,open,api,reference,,,,https://www.anaf.ro/,ro-anaf,2026-08-28
Firmy a due diligence,Obchodní rejstříky,companies,Slovensko,SK,Obchodný register SR,orsr.sk,"Slovenský obchodní rejstřík vedený soudy — společnosti, statutární orgány, společníci a základní kapitál, včetně historických výpisů. Zdarma a bez registrace; společníci jsou u s.r.o. přímo ve výpisu, což v řadě států veřejné není",official,open,search,reference,,,,https://www.orsr.sk/,sk-orsr,2026-08-28
Firmy a due diligence,Obchodní rejstříky,companies,Slovensko,SK,Register právnických osôb (RPO),rpo.statistics.sk,"Referenční registr všech slovenských právnických osob a podnikatelů vedený statistickým úřadem — identifikace, právní forma, sídlo a stav napříč zdrojovými registry. Má otevřené API; slovenská obdoba ARESu",official,open,api,reference,,,,https://rpo.statistics.sk/rpo/,sk-rpo,2026-08-28
Firmy a due diligence,Obchodní rejstříky,companies,Slovensko,SK,FinStat,finstat.sk,"Komerční nadstavba nad slovenskými registry — firmy s finančními ukazateli, vazbami mezi osobami, dluhy vůči institucím a skóre. Základ zdarma, hlubší analýzy a API za předplatné; nenahrazuje ORSR, ale spojuje data, která jsou jinak roztroušená. Na automat vrací 403",commercial,mixed,api,reference,,,,https://www.finstat.sk/,sk-finstat,2026-08-28
Firmy a due diligence,Obchodní rejstříky,companies,Slovinsko,SI,AJPES,ajpes.si,"Slovinská agentura pro veřejné právní záznamy — obchodní rejstřík, **účetní závěrky všech slovinských firem zdarma**, insolvenční řízení, registr transakčních účtů a statistiky. Jeden z nejucelenějších firemních registrů v EU na jednom místě",official,open,bulk,reference,,,,https://www.ajpes.si/,si-ajpes,2026-08-28
Firmy a due diligence,Obchodní rejstříky,companies,Španělsko,ES,Registradores de España,registradores.org,Sdružení španělských rejstříkových úředníků — vstup do obchodního rejstříku (Registro Mercantil) i katastru nemovitostních práv (Registro de la Propiedad). **Každý výpis je zpoplatněný**; bezplatná obdoba francouzského Annuaire des Entreprises ve Španělsku neexistuje,official,paid,search,reference,,,,https://www.registradores.org/,es-registradores,2026-08-28
Firmy a due diligence,Obchodní rejstříky,companies,Španělsko,ES,Registro Mercantil Central,rmc.es,"Centrální obchodní rejstřík — ověření, jestli je název firmy volný, a centrální index všech španělských společností s odkazem na příslušný provinční rejstřík. Ověření názvu zdarma, výpisy a listiny placené",official,mixed,search,reference,,,,https://www.rmc.es/,es-rmc,2026-08-28
Firmy a due diligence,Obchodní rejstříky,companies,Švédsko,SE,Bolagsverket,bolagsverket.se,"Švédský obchodní rejstřík — společnosti, vedení, **skuteční majitelé** a uložené dokumenty včetně účetních závěrek. Základní údaje zdarma, **výpisy a dokumenty zpoplatněné**; má datové služby a API pro strojový přístup",official,mixed,api,reference,,,,https://bolagsverket.se/,se-bolagsverket,2026-08-28
Firmy a due diligence,Obchodní rejstříky,companies,Švédsko,SE,UC / Creditsafe Sverige,uc.se,"Nejrozšířenější švédská úvěrová a firemní databáze — **záznamy o platební nekázni z Kronofogden, účetní výkazy, vazby a skóre**, které Švédsko samo online plošně nezveřejňuje. Placené; úřední zdroj je Bolagsverket a Kronofogden",commercial,paid,api,reference,,,,https://www.uc.se/,se-uc,2026-08-28
Firmy a due diligence,Obchodní rejstříky,companies,Spojené království,GB,Companies House,find-and-update.company-information.service.gov.uk,"Britský obchodní rejstřík — firmy, statutární orgány, historie jmen a sídel, listiny včetně účetních závěrek a registr osob s významnou kontrolou, všechno zdarma a bez registrace. Měsíční hromadné soubory i REST API. Nejotevřenější velký rejstřík v Evropě a častá protistrana v prověrkách",official,open,bulk,reference,,,,https://find-and-update.company-information.service.gov.uk/,gb-companies-house,2026-08-28
Firmy a due diligence,Skuteční majitelé,ownership,Rakousko,AT,WiEReG — registr skutečných majitelů,usp.gv.at,"Rakouský registr skutečných majitelů. **Veřejný náhled skončil v listopadu 2022** po rozsudku Soudního dvora; dnes se dostanou k výpisu povinné osoby podle AML a žadatelé s doloženým oprávněným zájmem, za poplatek. Od 10. 7. 2027 ho nahrazuje WiEReG 2027",official,restricted,search,reference,,,,https://www.usp.gv.at/services/mein-usp/WERxP.html,at-wiereg,2026-08-28
Firmy a due diligence,Skuteční majitelé,ownership,Belgie,BE,UBO-register,finances.belgium.be,"Belgický registr skutečných majitelů vedený finanční správou. **Přístup veřejnosti byl po rozsudku Soudního dvora z listopadu 2022 zrušen**; dnes do něj vidí povinné osoby podle AML a subjekty s oprávněným zájmem, na žádost. Stránka popisuje aktuální podmínky",official,restricted,none,reference,,,,https://finances.belgium.be/fr/E-services/ubo-register,be-ubo,2026-08-28
Firmy a due diligence,Skuteční majitelé,ownership,Bulharsko,BG,Регистър на действителните собственици (BRRA),portal.registryagency.bg,"Bulharský registr skutečných majitelů vedený jako součást obchodního rejstříku. Údaje jsou formálně součástí veřejného rejstříku, ale **přístup vyžaduje bulharskou elektronickou identitu nebo místní identifikátor**, což ho pro zahraniční žadatele prakticky uzavírá",official,restricted,none,reference,,,,https://portal.registryagency.bg/,bg-ubo,2026-08-28
Firmy a due diligence,Skuteční majitelé,ownership,Chorvatsko,HR,Registar stvarnih vlasnika (FINA),fina.hr,"Chorvatský registr skutečných majitelů vedený agenturou FINA. Po rozsudku Soudního dvora ze dne 22. 11. 2022 (spojené věci C-37/20 a C-601/20) byl plošný veřejný přístup zrušen. Chorvatsko přístup omezilo na orgány, povinné osoby podle AML a žadatele s oprávněným zájmem",official,restricted,none,reference,,,,https://www.fina.hr/registar-stvarnih-vlasnika,hr-rsv,2026-08-28
Firmy a due diligence,Skuteční majitelé,ownership,Kypr,CY,Companies.gov.cy — rejstřík a UBO,companies.gov.cy,"Portál kyperského rejstříku a duševního vlastnictví — informace o zápisech, poplatcích a o **registru skutečných majitelů, jehož veřejná část byla po rozsudku Soudního dvora z listopadu 2022 uzavřena**; přístup mají orgány a povinné osoby podle AML",official,restricted,none,reference,,,,https://www.companies.gov.cy/,cy-companies-gov,2026-08-28
Firmy a due diligence,Skuteční majitelé,ownership,Česko,CZ,Evidence skutečných majitelů,esm.justice.cz,"Evidence skutečných majitelů vedená rejstříkovými soudy. **Od 17. 12. 2025 je neveřejná** — výpis dostane jen samotná evidující osoba přes datovou schránku, orgány veřejné moci a povinné osoby podle AML zákona na žádost. Veřejný částečný výpis, který dřív fungoval bez přihlášení, skončil",official,restricted,search,reference,,,,https://esm.justice.cz/,cz-evidence-skutecnych-majitelu,2026-08-28
Firmy a due diligence,Skuteční majitelé,ownership,Dánsko,DK,Reelle ejere (Erhvervsstyrelsen),erhvervsstyrelsen.dk,"Dánský registr skutečných majitelů, vedený jako součást CVR. Po rozsudku Soudního dvora ze dne 22. 11. 2022 (spojené věci C-37/20 a C-601/20) byl plošný veřejný přístup zrušen. Dánsko zavedlo řízení o přístupu na základě oprávněného zájmu, které vyřizuje zhruba do dvanácti dnů — proti většině států rychle a s jasnými pravidly",official,restricted,none,reference,,,,https://erhvervsstyrelsen.dk/reelle-ejere,dk-reelle-ejere,2026-08-28
Firmy a due diligence,Skuteční majitelé,ownership,Estonsko,EE,Tegelikud kasusaajad (e-Äriregister),ariregister.rik.ee,"Estonský registr skutečných majitelů jako součást obchodního rejstříku. **Estonsko je jedním z mála států, kde údaje o skutečných majitelích zůstaly po rozsudku Soudního dvora plně veřejné** — spolu s Lotyšskem a Polskem",official,open,api,reference,,,,https://ariregister.rik.ee/eng,ee-kasusaajad,2026-08-28
Firmy a due diligence,Skuteční majitelé,ownership,Finsko,FI,Edunsaajatiedot (PRH kaupparekisteri),prh.fi,Finský registr skutečných majitelů vedený PRH jako součást obchodního rejstříku. Po rozsudku Soudního dvora ze dne 22. 11. 2022 (spojené věci C-37/20 a C-601/20) byl plošný veřejný přístup zrušen. Finsko od té doby vydává údaje jen orgánům a povinným osobám podle AML; výpis je navíc zpoplatněný,official,restricted,none,reference,,,,https://www.prh.fi/en/kaupparekisteri.html,fi-edunsaajat,2026-08-28
Firmy a due diligence,Skuteční majitelé,ownership,Francie,FR,Registre des bénéficiaires effectifs,inpi.fr,"Francouzský registr skutečných majitelů, dnes součást Registre national des entreprises u INPI. Po rozsudku Soudního dvora ze dne 22. 11. 2022 (spojené věci C-37/20 a C-601/20) byl plošný veřejný přístup zrušen. Francie od té doby vydává údaje o skutečných majitelích orgánům a povinným osobám podle AML; ostatní části RNE zůstávají otevřené",official,restricted,none,reference,,,,https://www.inpi.fr/,fr-rbe,2026-08-28
Firmy a due diligence,Skuteční majitelé,ownership,Německo,DE,Transparenzregister,transparenzregister.de,"Německý registr skutečných majitelů. **Veřejný přístup skončil v listopadu 2022** po rozsudku Soudního dvora; dnes je nahlédnutí podmíněné doloženým oprávněným zájmem, podává se žádost přes web registru a je zpoplatněné (prostý výpis 1,65 €, ověřený 20,80 €). Veřejnost dostává jen omezený rozsah údajů",official,restricted,search,reference,,,,https://www.transparenzregister.de/,de-transparenzregister,2026-08-28
Firmy a due diligence,Skuteční majitelé,ownership,Řecko,GR,Μητρώο Πραγματικών Δικαιούχων,gsis.gr,"Řecký registr skutečných majitelů, přístupný přes daňový systém TAXISnet. Po rozsudku Soudního dvora ze dne 22. 11. 2022 (spojené věci C-37/20 a C-601/20) byl plošný veřejný přístup zrušen. Řecko vydává údaje orgánům a povinným osobám podle AML. Na automat vrací 403",official,restricted,none,reference,,,,https://www.gsis.gr/polites-epiheiriseis/epiheiriseis/mitroo-pragmatikon-dikaiouchon,gr-ubo,2026-08-28
Firmy a due diligence,Skuteční majitelé,ownership,Maďarsko,HU,Tényleges tulajdonosi nyilvántartás,cegportal.im.gov.hu,"Maďarský registr skutečných majitelů (BISZ/tényleges tulajdonos). Po rozsudku Soudního dvora z listopadu 2022 není veřejně prohledatelný; údaje dostávají orgány a povinné osoby podle AML, dotaz je zpoplatněný",official,restricted,none,reference,,,,https://cegportal.im.gov.hu/,hu-ubo,2026-08-28
Firmy a due diligence,Skuteční majitelé,ownership,Irsko,IE,RBO — Register of Beneficial Ownership,rbo.gov.ie,"Irský registr skutečných majitelů. **Veřejný přístup skončil po rozsudku Soudního dvora z listopadu 2022 a omezení bylo do irského práva promítnuto v červnu 2023.** Automaticky se přihlásí jen irské povinné osoby (banky, advokáti, účetní); ostatní musí prokázat, že vyšetřují praní peněz nebo financování terorismu. Na automat vrací 403",official,restricted,none,reference,,,,https://www.rbo.gov.ie/,ie-rbo,2026-08-28
Firmy a due diligence,Skuteční majitelé,ownership,Itálie,IT,Registro dei titolari effettivi,mimit.gov.it,"Italský registr skutečných majitelů, spuštěný v roce 2023 a **opakovaně napadený u správních soudů**; provoz i rozsah přístupu se od té doby měnily. Vede ho systém obchodních komor pod ministerstvem podnikání, údaje jsou určeny orgánům a povinným osobám podle AML. Před použitím ověř aktuální stav — u téhle položky se právní rámec hýbe rychleji než jinde",official,restricted,none,reference,,,,https://www.mimit.gov.it/,it-titolare-effettivo,2026-08-28
Firmy a due diligence,Skuteční majitelé,ownership,Lotyšsko,LV,Patiesie labuma guvēji — otevřená data,ur.gov.lv,"Lotyšský registr skutečných majitelů jako součást podnikového registru, **vydávaný i jako otevřená data ke stažení**. Lotyšsko patří k mála států, které přístup po rozsudku Soudního dvora neomezily — jméno a podíl jsou veřejné, dokumenty vyžadují účet",official,open,bulk,reference,,,,https://www.ur.gov.lv/lv/atvertie-dati/,lv-patiesie-labuma-guveji,2026-08-28
Firmy a due diligence,Skuteční majitelé,ownership,Litva,LT,JANGIS — registr skutečných majitelů,registrucentras.lt,"Litevský informační systém dat o účastnících právnických osob (JANGIS) se skutečnými majiteli. Po rozsudku Soudního dvora ze dne 22. 11. 2022 (spojené věci C-37/20 a C-601/20) byl plošný veřejný přístup zrušen. Litva vydává údaje orgánům, povinným osobám podle AML a žadatelům s oprávněným zájmem",official,restricted,none,reference,,,,https://www.registrucentras.lt/jangis/,lt-jangis,2026-08-28
Firmy a due diligence,Skuteční majitelé,ownership,Lucembursko,LU,RBE — Registre des bénéficiaires effectifs,lbr.lu,"Lucemburský registr skutečných majitelů, vedený Luxembourg Business Registers. **Veřejný přístup byl zrušen v listopadu 2022 okamžitě po rozsudku Soudního dvora — a byl to právě lucemburský případ (C-37/20), který ho vyvolal.** Dnes mají přístup národní orgány, povinné osoby podle AML a žadatelé s doloženým oprávněným zájmem",official,restricted,none,reference,,,,https://www.lbr.lu/mjrcs-web-front/rbe,lu-rbe-lbr,2026-08-28
Firmy a due diligence,Skuteční majitelé,ownership,Malta,MT,MBR — Register of Beneficial Owners,baros.mbr.mt,"Online registr maltského obchodního rejstříku (BAROS) — zápisy společností a **registr skutečných majitelů**. Po rozsudku Soudního dvora z listopadu 2022 byl veřejný přístup k údajům o skutečných majitelích uzavřen; dostávají je orgány, povinné osoby podle AML a žadatelé s doloženým oprávněným zájmem",official,restricted,none,reference,,,,https://baros.mbr.mt/,mt-ubo,2026-08-28
Firmy a due diligence,Skuteční majitelé,ownership,Nizozemsko,NL,UBO-register (KVK),kvk.nl,"Nizozemský registr skutečných majitelů vedený Komorou. **Veřejný přístup byl pozastaven v listopadu 2022** po rozsudku Soudního dvora a znovu neotevřen; do registru vidí příslušné orgány, FIU a povinné instituce podle zákona Wwft. Stránka popisuje aktuální rozsah registrů Komory",official,restricted,none,reference,,,,https://www.kvk.nl/over-het-handelsregister/,nl-kvk-over-handelsregister,2026-08-28
Firmy a due diligence,Skuteční majitelé,ownership,Polsko,PL,CRBR — skuteční majitelé,crbr.podatki.gov.pl,Centralny Rejestr Beneficjentów Rzeczywistych — veřejný a bezplatný výpis skutečných majitelů podle NIP; obdoba evidence skutečných majitelů,official,open,api,reference,,,,https://crbr.podatki.gov.pl/adcrbr/,pl-crbr-skutecni-majitele,2026-08-28
Firmy a due diligence,Skuteční majitelé,ownership,Portugalsko,PT,RCBE — Registo Central do Beneficiário Efetivo,rcbe.justica.gov.pt,"Portugalský registr skutečných majitelů. Veřejná část byla po rozsudku Soudního dvora z listopadu 2022 omezena; přístup k údajům mají orgány, povinné osoby podle AML a žadatelé s oprávněným zájmem. Zápis je pro firmy povinný a bez něj se nedostanou k veřejným zakázkám",official,restricted,none,reference,,,,https://rcbe.justica.gov.pt/,pt-rcbe,2026-08-28
Firmy a due diligence,Skuteční majitelé,ownership,Rumunsko,RO,Registrul beneficiarilor reali (ONRC),onrc.ro,Rumunský registr skutečných majitelů vedený obchodním rejstříkem ONRC. Po rozsudku Soudního dvora ze dne 22. 11. 2022 (spojené věci C-37/20 a C-601/20) byl plošný veřejný přístup zrušen. Rumunsko vydává údaje orgánům a povinným osobám podle AML; výpisy jsou zpoplatněné,official,restricted,none,reference,,,,https://www.onrc.ro/index.php/ro/,ro-beneficiar-real,2026-08-28
Firmy a due diligence,Skuteční majitelé,ownership,Slovensko,SK,Register partnerov verejného sektora (RPVS),rpvs.gov.sk,"Registr partnerů veřejného sektora — kdokoli přijímá peníze od státu, musí mít zapsané konečné užívatele výhod, ověřené oprávněnou osobou, a zápis je veřejný a bezplatný. Obecný registr konečných užívateľov výhod v obchodním rejstříku veřejný není; RPVS je tak pro firmy obchodující se státem jediná otevřená cesta k majitelům",official,open,search,reference,,,,https://rpvs.gov.sk/rpvs/,sk-rpvs,2026-08-28
Firmy a due diligence,Skuteční majitelé,ownership,Slovinsko,SI,RSV — Register dejanskih lastnikov,ajpes.si,Slovinský registr skutečných majitelů vedený AJPES. Po rozsudku Soudního dvora ze dne 22. 11. 2022 (spojené věci C-37/20 a C-601/20) byl plošný veřejný přístup zrušen. Slovinsko veřejný náhled zavřelo; přístup mají orgány a povinné osoby podle AML a žadatelé s doloženým oprávněným zájmem,official,restricted,none,reference,,,,https://www.ajpes.si/rsv,si-rsv,2026-08-28
Firmy a due diligence,Skuteční majitelé,ownership,Španělsko,ES,Registro Central de Titularidades Reales,sede.registradores.org,"Španělský centrální registr skutečných majitelů, provozovaný sdružením rejstříkových úředníků. Po rozsudku Soudního dvora ze dne 22. 11. 2022 (spojené věci C-37/20 a C-601/20) byl plošný veřejný přístup zrušen. Španělsko vydává údaje orgánům, povinným osobám podle AML a žadatelům s oprávněným zájmem, za poplatek",official,restricted,none,reference,,,,https://sede.registradores.org/,es-titularidades-reales,2026-08-28
Firmy a due diligence,Skuteční majitelé,ownership,Švédsko,SE,Verklig huvudman (Bolagsverket),bolagsverket.se,Švédský registr skutečných majitelů vedený Bolagsverket. Po rozsudku Soudního dvora ze dne 22. 11. 2022 (spojené věci C-37/20 a C-601/20) byl plošný veřejný přístup zrušen. Švédsko omezilo vyhledávání na orgány a povinné osoby podle penningtvättslagen; stránka popisuje aktuální podmínky přístupu,official,restricted,none,reference,,,,https://www.bolagsverket.se/verklighuvudman,se-verklig-huvudman,2026-08-28
Firmy a due diligence,Účetní závěrky a listiny,filings,Rakousko,AT,Jahresabschlüsse (JustizOnline),justizonline.gv.at,"Účetní závěrky rakouských společností ukládané do Firmenbuchu. **Každý dokument je zpoplatněný**; bezplatná obdoba německého Bundesanzeigeru v Rakousku není. Na automat vrací 403, v prohlížeči funguje",official,paid,search,reference,,,,https://justizonline.gv.at/jop/web/jahresabschluss,at-jahresabschluss,2026-08-28
Firmy a due diligence,Účetní závěrky a listiny,filings,Belgie,BE,Centrale balanscentrale (NBB),consult.cbso.nbb.be,"Centrála účetních závěrek Belgické národní banky — roční výkazy prakticky všech belgických společností ve standardizovaném tvaru, zdarma ke stažení a se strukturovanými daty. Jeden z nejlépe zpracovaných zdrojů firemních financí v EU",official,open,bulk,reference,,,,https://consult.cbso.nbb.be/,be-cbso,2026-08-28
Firmy a due diligence,Účetní závěrky a listiny,filings,Bulharsko,BG,Търговски регистър — годишни финансови отчети,portal.registryagency.bg,"**Účetní závěrky bulharských firem zdarma** jako součást obchodního rejstříku — roční výkazy a zprávy uložené ke společnosti, veřejně přístupné bez registrace. Bulharsko patří k mála států, kde jsou firemní výkazy volně dostupné",official,open,search,reference,,,,https://portal.registryagency.bg/CR/Reports,bg-brra-reports,2026-08-28
Firmy a due diligence,Účetní závěrky a listiny,filings,Chorvatsko,HR,FINA — RGFI javna objava,rgfi.fina.hr,"Registr ročních finančních výkazů — **účetní závěrky chorvatských firem zdarma**, podle OIB nebo názvu. Vede finanční agentura FINA; podnikatelé mají povinnost výkazy odevzdávat, takže je databáze úplná",official,open,search,reference,,,,https://rgfi.fina.hr/JavnaObjava-web/,hr-fina-rgfi,2026-08-28
Firmy a due diligence,Účetní závěrky a listiny,filings,Česko,CZ,Sbírka listin obchodního rejstříku,or.justice.cz,"Listiny ukládané do obchodního rejstříku — účetní závěrky, výroční zprávy, zakladatelské dokumenty, rozhodnutí valných hromad a zprávy auditora, všechno jako PDF zdarma. Jediný veřejný zdroj hospodářských výsledků českých firem; část společností ale zákonnou povinnost neplní",official,open,download,reference,,,,https://or.justice.cz/ias/ui/vypis-sl-firma,cz-sbirka-listin,2026-08-28
Firmy a due diligence,Účetní závěrky a listiny,filings,Dánsko,DK,Virk,virk.dk,"Dánský podnikatelský portál — hlášení firem státu, **stahování účetních závěrek a přístup k datovým službám CVR**. Doplňuje registr o strojová rozhraní a dokumenty",official,open,api,reference,,,,https://www.virk.dk/,dk-virk,2026-08-28
Firmy a due diligence,Účetní závěrky a listiny,filings,Estonsko,EE,Majandusaasta aruanded (e-Äriregister),ariregister.rik.ee,"**Roční účetní výkazy estonských firem zdarma** jako součást obchodního rejstříku — rozvaha, výsledovka a zpráva o činnosti, ve strukturované podobě. Estonsko patří k mála států, kde jsou firemní výkazy veřejné a strojově čitelné bez poplatku",official,open,api,reference,,,,https://ariregister.rik.ee/est,ee-aruanded,2026-08-28
Firmy a due diligence,Účetní závěrky a listiny,filings,Finsko,FI,Virre,virre.prh.fi,"Výdejní služba finského obchodního rejstříku — výpisy, stanovy, **účetní závěrky a historie zápisů**, za poplatek za dokument. Jediná cesta k finským firemním výkazům; bezplatná varianta neexistuje",official,paid,search,reference,,,,https://virre.prh.fi/,fi-virre,2026-08-28
Firmy a due diligence,Účetní závěrky a listiny,filings,Francie,FR,data.inpi.fr — RNE,data.inpi.fr,"Registre national des entreprises vedený INPI — zápisy, statutární orgány, stanovy a **účetní závěrky** francouzských firem. Data jsou otevřená a hromadně ke stažení po bezplatné registraci; část firem si smí závěrku utajit. Na automat vrací 403",official,registration,bulk,reference,,,,https://data.inpi.fr/,fr-inpi-data,2026-08-28
Firmy a due diligence,Účetní závěrky a listiny,filings,Francie,FR,BODACC,bodacc.fr,"Bulletin officiel des annonces civiles et commerciales — zápisy do rejstříku, převody obchodních závodů, **úpadky a likvidace**, a ukládání účetních závěrek. Otevřená data ke stažení; francouzský insolvenční rejstřík jako takový neexistuje, úpadky jsou tady",official,open,bulk,reference,,,,https://www.bodacc.fr/,fr-bodacc,2026-08-28
Firmy a due diligence,Účetní závěrky a listiny,filings,Německo,DE,Unternehmensregister,unternehmensregister.de,"Jednotný vstup do německých podnikových informací — spojuje zápisy z Handelsregisteru, zveřejnění z Bundesanzeigeru a kapitálové publikace. Sám o sobě nový obsah nenese; je to rozcestník, který se často zaměňuje za samostatný rejstřík",official,open,search,reference,,,,https://www.unternehmensregister.de/de,de-unternehmensregister,2026-08-28
Firmy a due diligence,Účetní závěrky a listiny,filings,Řecko,GR,ΓΕΜΗ — δημοσιότητα,publicity.businessportal.gr,"Povinná zveřejnění řeckého obchodního rejstříku — zakládání, změny stanov a orgánů, fúze, likvidace a **účetní závěrky**, zdarma. Bezplatná cesta ke změnám v řecké firmě, když je výpis placený",official,open,search,reference,,,,https://publicity.businessportal.gr/,gr-publicity,2026-08-28
Firmy a due diligence,Účetní závěrky a listiny,filings,Maďarsko,HU,E-beszámoló,e-beszamolo.im.gov.hu,"**Účetní závěrky maďarských firem zdarma** — rozvahy, výkazy zisku a ztráty, přílohy a auditorské zprávy podle daňového čísla nebo názvu. Ukládání je povinné, takže je databáze prakticky úplná; nejcennější maďarský firemní zdroj",official,open,download,reference,,,,https://e-beszamolo.im.gov.hu/,hu-e-beszamolo,2026-08-28
Firmy a due diligence,Účetní závěrky a listiny,filings,Irsko,IE,CORE — CRO Online Registration Environment,core.cro.ie,"Výdejní kanál irského obchodního rejstříku — **výpisy, stanovy a účetní závěrky po jednotlivých dokumentech**, jednotky eur za kus. Na automat vrací 403, v prohlížeči funguje",official,paid,search,reference,,,,https://core.cro.ie/,ie-core,2026-08-28
Firmy a due diligence,Účetní závěrky a listiny,filings,Itálie,IT,Telemaco (InfoCamere),telemaco.infocamere.it,"Výdejní kanál italského obchodního rejstříku — visure, účetní závěrky a listiny po jednotlivých dokumentech, na předplacený účet. Jediná cesta k italským firemním výkazům; bezplatná varianta neexistuje",official,paid,download,reference,,,,https://telemaco.infocamere.it/,it-telemaco,2026-08-28
Firmy a due diligence,Účetní závěrky a listiny,filings,Lotyšsko,LV,VID — Valsts ieņēmumu dienests,vid.gov.lv,"Lotyšská daňová správa — **účetní závěrky firem, seznamy daňových dlužníků, plátci DPH a údaje o zaměstnancích a mzdách po firmách jako otevřená data**. Nejbohatší veřejný zdroj o lotyšských firmách z finanční stránky",official,open,bulk,reference,,,,https://www.vid.gov.lv/,lv-vid,2026-08-28
Firmy a due diligence,Účetní závěrky a listiny,filings,Litva,LT,Finansinė atskaitomybė (Registrų centras),registrucentras.lt,"Účetní závěrky litevských firem ukládané do registru — roční výkazy a auditorské zprávy. Základní údaje o odevzdání jsou zdarma, **stažení dokumentu je zpoplatněné**",official,mixed,search,reference,,,,https://www.registrucentras.lt/finansine-atskaitomybe/,lt-finansine-atskaitomybe,2026-08-28
Firmy a due diligence,Účetní závěrky a listiny,filings,Lucembursko,LU,RCS Luxembourg — vyhledávání,gd.lu,"Vyhledávání v lucemburském obchodním rejstříku — společnosti, statutární orgány, sídlo a seznam uložených dokumentů včetně účetních závěrek. Náhled seznamu zdarma, **stažení dokumentu zpoplatněné**",official,mixed,search,reference,,,,https://gd.lu/rcsl/,lu-rcsl,2026-08-28
Firmy a due diligence,Účetní závěrky a listiny,filings,Malta,MT,BAROS — MBR online registry,baros.mbr.mt,"Online systém maltského obchodního rejstříku — zápisy, **uložené dokumenty a účetní závěrky**. Vyhledání zdarma, stažení dokumentu zpoplatněné. Na automat vrací 403, v prohlížeči funguje",official,mixed,search,reference,,,,https://baros.mbr.mt/app/home,mt-baros,2026-08-28
Firmy a due diligence,Účetní závěrky a listiny,filings,Nizozemsko,NL,KVK — uittreksels en jaarrekeningen,kvk.nl,"Objednání výpisů a **účetních závěrek nizozemských firem** z Handelsregistru. Vyhledání firmy je zdarma, dokumenty jsou zpoplatněné za kus",official,paid,search,reference,,,,https://www.kvk.nl/producten-bestellen/,nl-kvk-bestellen,2026-08-28
Firmy a due diligence,Účetní závěrky a listiny,filings,Polsko,PL,Repozytorium Dokumentów Finansowych,prs.ms.gov.pl,"Účetní závěrky a zprávy subjektů zapsaných v KRS — roční výkazy, zprávy o činnosti a auditorské zprávy podle čísla KRS, zdarma a bez registrace. Polská obdoba Sbírky listin a hlavní veřejný zdroj hospodářských výsledků polských firem",official,open,download,reference,,,,https://prs.ms.gov.pl/krs/repozytorium,pl-rdf,2026-08-28
Firmy a due diligence,Účetní závěrky a listiny,filings,Polsko,PL,Monitor Sądowy i Gospodarczy,wyszukiwarka-msig.ms.gov.pl,"Úřední věstník obchodních a soudních oznámení — zápisy do KRS, přeměny a likvidace, insolvenční vyhlášky, výzvy věřitelům a oznámení valných hromad. Zachytí i to, co se do rejstříkového výpisu nedostane",official,open,search,reference,,,,https://wyszukiwarka-msig.ms.gov.pl/,pl-msig,2026-08-28
Firmy a due diligence,Účetní závěrky a listiny,filings,Polsko,PL,iMSiG,imsig.pl,"Komerční nadstavba nad Monitorem Sądowym i Gospodarczym s použitelným fulltextem a sledováním subjektů. Úřední zdroj je ministerská vyhledávačka; iMSiG je rychlejší, když je potřeba prohledat oznámení napříč lety",commercial,mixed,search,reference,,,,https://imsig.pl/,pl-imsig,2026-08-28
Firmy a due diligence,Účetní závěrky a listiny,filings,Portugalsko,PT,Publicações do Ministério da Justiça,publicacoes.mj.pt,"Povinná zveřejnění obchodního rejstříku — zakládání společností, změny stanov a orgánů, fúze, likvidace a **insolvenční oznámení**, zdarma a bez registrace. Bezplatná cesta ke změnám v portugalské firmě, když je výpis placený",official,open,search,reference,,,,https://publicacoes.mj.pt/,pt-publicacoes-mj,2026-08-28
Firmy a due diligence,Účetní závěrky a listiny,filings,Rumunsko,RO,MF — informace o firmách podle CUI,mfinante.gov.ro,"**Bezplatná databáze účetních výkazů rumunských firem** vedená ministerstvem financí — obrat, zisk, aktiva, počet zaměstnanců a daňový stav podle CUI. Náhrada za placený výpis z obchodního rejstříku",official,open,search,reference,,,,https://mfinante.gov.ro/domenii/informatii-contribuabili/persoane-juridice/info-pj-selectie-dupa-cui,ro-mfinante-bilant,2026-08-28
Firmy a due diligence,Účetní závěrky a listiny,filings,Slovensko,SK,Obchodný vestník,justice.gov.sk,"Slovenský obchodní věstník — zápisy do obchodního rejstříku, přeměny a likvidace, konkurzy a restrukturalizace, dražby a svolání valných hromad. Zachytí i to, co se do rejstříkového výpisu nedostane, a vychází denně",official,open,search,reference,,,,https://www.justice.gov.sk/sluzby/obchodny-vestnik/,sk-obchodny-vestnik,2026-08-28
Firmy a due diligence,Účetní závěrky a listiny,filings,Slovensko,SK,Register účtovných závierok,registeruz.sk,"Centrální registr účetních závěrek — rozvahy, výkazy zisku a ztráty, přílohy a zprávy auditora všech slovenských účetních jednotek, zdarma a ve strukturované podobě včetně hromadného výdeje. Na automat vrací 403, v prohlížeči funguje",official,open,bulk,reference,,,,https://www.registeruz.sk/cru/main/page,sk-registeruz,2026-08-28
Firmy a due diligence,Účetní závěrky a listiny,filings,Slovinsko,SI,AJPES — Poslovni register (PRS),ajpes.si,"Slovinský obchodní registr — společnosti, podnikatelé, orgány, společníci a stav, s vyhledáním zdarma a hromadnými daty ke stažení. Doplňuje AJPES o strukturovaný výdej firemních dat",official,open,bulk,reference,,,,https://www.ajpes.si/prs/,si-ajpes-prs,2026-08-28
Firmy a due diligence,Účetní závěrky a listiny,filings,Španělsko,ES,BORME — Boletín Oficial del Registro Mercantil,boe.es,"Španělský obchodní věstník — zápisy do rejstříku, jmenování a odvolání orgánů, změny kapitálu, fúze a likvidace, denně a **zdarma včetně strojově čitelných dat**. Bezplatná cesta ke změnám ve firmě, když je výpis z rejstříku placený",official,open,bulk,reference,,,,https://www.boe.es/diario_borme/,es-borme,2026-08-28
Firmy a due diligence,Účetní závěrky a listiny,filings,Švédsko,SE,Post- och Inrikes Tidningar,poit.bolagsverket.se,"Švédský úřední oznamovací list — **konkurzy, likvidace, výzvy věřitelům, fúze a rekonstrukce**, zdarma a s vyhledáváním. Švédsko nemá samostatný insolvenční rejstřík; úpadky se vyhlašují tady",official,open,search,reference,,,,https://poit.bolagsverket.se/,se-poit,2026-08-28
Firmy a due diligence,Insolvence a exekuce,insolvency,Rakousko,AT,Ediktsdatei — insolvence,edikte.justiz.gv.at,"Úřední vyhláškový systém rakouské justice — insolvenční řízení včetně data zahájení, správce a lhůt pro přihlášky, zdarma a bez registrace. Rakouská obdoba ISIR; údaje se po skončení řízení a uplynutí lhůty ze systému odstraňují",official,open,search,reference,,,,https://www.edikte.justiz.gv.at/,at-ediktsdatei,2026-08-28
Firmy a due diligence,Insolvence a exekuce,insolvency,Belgie,BE,RegSol — Registre Central de la Solvabilité,regsol.be,"Belgický centrální insolvenční registr — spisy úpadků, přihlášky pohledávek a rozhodnutí. **Přístup je jen pro věřitele, správce a advokáty po přihlášení**; veřejnost se o úpadku dozví z vyhlášky v Moniteur belge",official,registration,none,reference,,,,https://www.regsol.be/,be-regsol,2026-08-28
Firmy a due diligence,Insolvence a exekuce,insolvency,Bulharsko,BG,Търговски регистър — несъстоятелност,portal.registryagency.bg,"Bulharská insolvenční řízení se zapisují do obchodního rejstříku u dané společnosti — rozhodnutí o úpadku, správce a stav řízení jsou tak veřejné a zdarma. Samostatný insolvenční rejstřík Bulharsko nemá",official,open,search,reference,,,,https://portal.registryagency.bg/CR/en/,bg-insolvency,2026-08-28
Firmy a due diligence,Insolvence a exekuce,insolvency,Chorvatsko,HR,e-Oglasna ploča sudova,e-oglasna.pravosudje.hr,"Elektronická úřední deska chorvatských soudů — **insolvenční a předinsolvenční řízení, dražby a soudní vyhlášky**, zdarma a dohledatelné podle subjektu. Chorvatská obdoba insolvenčního rejstříku",official,open,search,reference,,,,https://e-oglasna.pravosudje.hr/,hr-e-oglasna,2026-08-28
Firmy a due diligence,Insolvence a exekuce,insolvency,Kypr,CY,Insolvency Service Cyprus,insolvency.gov.cy,"Kyperská insolvenční služba — **rejstřík insolvenčních správců, likvidací a osobních úpadků**, formuláře a rozhodnutí. Vstupní bod k insolvenční agendě Kyperské republiky",official,open,search,reference,,,,https://insolvency.gov.cy/,cy-insolvency,2026-08-28
Firmy a due diligence,Insolvence a exekuce,insolvency,Česko,CZ,ISIR,isir.justice.cz,"Insolvenční rejstřík — všechna insolvenční řízení od roku 2008, kompletní spis včetně návrhů, rozhodnutí a přihlášek pohledávek, vyhledávání podle IČO, jména i spisové značky. Základní krok každé české prověrky protistrany",official,open,search,history,5,3,2026-08-11,https://isir.justice.cz/,cz-isir,2026-08-28
Firmy a due diligence,Insolvence a exekuce,insolvency,Česko,CZ,Centrální evidence exekucí,ceecr.cz,"Evidence probíhajících exekucí vedená Exekutorskou komorou — nařízené exekuce proti fyzickým i právnickým osobám podle jména nebo IČO. Insolvenční rejstřík exekuce nezachytí, takže u prověrky protistrany se dělá obojí. Každý dotaz je zpoplatněný",official,paid,search,reference,,,,https://www.ceecr.cz/,cz-ceecr,2026-08-28
Firmy a due diligence,Insolvence a exekuce,insolvency,Dánsko,DK,Statstidende — konkursdekreter,statstidende.dk,"Vyhledávání v dánských úředních oznámeních podle druhu — **konkurzní dekrety, výzvy věřitelům, nucené dražby a rekonstrukce**, s API zdarma. Dánsko nemá samostatný insolvenční rejstřík; úpadky jsou tady",official,open,api,reference,,,,https://www.statstidende.dk/soeg,dk-statstidende-konkurs,2026-08-28
Firmy a due diligence,Insolvence a exekuce,insolvency,Estonsko,EE,Ametlikud Teadaanded,ametlikudteadaanded.ee,"Estonské úřední oznámení — **úpadky, likvidace, výzvy věřitelům, dražby a exekuce**, zdarma a dohledatelné podle subjektu. Estonská obdoba insolvenčního rejstříku",official,open,search,reference,,,,https://www.ametlikudteadaanded.ee/,ee-ametlikud-teadaanded,2026-08-28
Firmy a due diligence,Insolvence a exekuce,insolvency,Finsko,FI,Virallinen lehti,virallinenlehti.fi,"Finský úřední list — **konkurzy, ozdravná řízení, likvidace a výzvy věřitelům**, s vyhledáváním zdarma. Finsko nemá samostatný veřejný insolvenční rejstřík; úpadky se vyhlašují tady",official,open,search,reference,,,,https://virallinenlehti.fi/,fi-virallinen-lehti,2026-08-28
Firmy a due diligence,Insolvence a exekuce,insolvency,Francie,FR,BODACC — obchodní oznámení,bodacc.fr,"Vyhledávání v BODACC v obchodních oznámeních — **zahájení úpadku, ozdravné řízení, likvidace, převody závodů a plány**, s otevřenými daty. Francie nemá samostatný insolvenční rejstřík; tohle je jediná plošná cesta k francouzským úpadkům",official,open,bulk,reference,,,,https://www.bodacc.fr/pages/annonces-commerciales/,fr-bodacc-recherche,2026-08-28
Firmy a due diligence,Insolvence a exekuce,insolvency,Německo,DE,Insolvenzbekanntmachungen,neu.insolvenzbekanntmachungen.de,"Úřední oznámení německých insolvenčních soudů — zahájení řízení, správce, lhůty a rozhodnutí, zdarma a bez registrace. Pozor na retenci: zveřejnění se maže šest měsíců po skončení řízení, takže starší úpadky se tu nedohledají",official,open,search,reference,,,,https://neu.insolvenzbekanntmachungen.de/ap/,de-insolvenzbekanntmachungen,2026-08-28
Firmy a due diligence,Insolvence a exekuce,insolvency,Maďarsko,HU,Cégközlöny,cegkozlony.hu,"Maďarský obchodní věstník — **zápisy do rejstříku, likvidace, konkurzy a výmazy**, vychází týdně a je zdarma. Maďarská obdoba insolvenčního rejstříku i obchodního věstníku v jednom",official,open,search,reference,,,,https://cegkozlony.hu/,hu-cegkozlony,2026-08-28
Firmy a due diligence,Insolvence a exekuce,insolvency,Irsko,IE,Insolvency Service of Ireland,isi.gov.ie,"Irská insolvenční služba — **veřejné rejstříky osobních úpadků, dohod s věřiteli a insolvenčních správců**. Firemní likvidace vede CRO a soudy. Na automat vrací 403, v prohlížeči funguje",official,open,search,reference,,,,https://www.isi.gov.ie/,ie-isi,2026-08-28
Firmy a due diligence,Insolvence a exekuce,insolvency,Lotyšsko,LV,Maksātnespējas reģistrs,maksatnespeja.ur.gov.lv,"Lotyšský insolvenční registr — **úpadky právnických i fyzických osob, správci, lhůty a rozhodnutí**, zdarma a dohledatelné podle názvu nebo registračního čísla",official,open,search,reference,,,,https://maksatnespeja.ur.gov.lv/,lv-maksatnespeja,2026-08-28
Firmy a due diligence,Insolvence a exekuce,insolvency,Litva,LT,Nemokumo registras (Registrų centras),registrucentras.lt,"Litevský insolvenční registr — **úpadky a restrukturalizace právnických i fyzických osob** se správcem, stavem a lhůtami, dohledatelné podle kódu subjektu",official,open,search,reference,,,,https://www.registrucentras.lt/nemokumas/,lt-nemokumas,2026-08-28
Firmy a due diligence,Insolvence a exekuce,insolvency,Lucembursko,LU,Faillites — Legilux,legilux.public.lu,"Firemní a insolvenční oznámení na Legiluxu — **vyhlášení úpadků, likvidací, fúzí a zápisů do RCS**. Lucembursko nemá samostatný insolvenční rejstřík; řízení vede obchodní soud a vyhlášky jsou dohledatelné podle názvu společnosti",official,open,search,reference,,,,https://legilux.public.lu/editorial/entreprises,lu-insolvency,2026-08-28
Firmy a due diligence,Insolvence a exekuce,insolvency,Nizozemsko,NL,Centraal Insolventieregister,insolventies.rechtspraak.nl,"Centrální insolvenční registr nizozemské justice — konkurzy, moratoria a oddlužení fyzických osob se správcem a datem, zdarma. Záznamy se šest měsíců po skončení řízení odstraňují, takže starší úpadky tu nejsou",official,open,search,reference,,,,https://insolventies.rechtspraak.nl/,nl-insolventieregister,2026-08-28
Firmy a due diligence,Insolvence a exekuce,insolvency,Polsko,PL,Krajowy Rejestr Zadłużonych,krz.ms.gov.pl,"Insolvenční rejstřík provozovaný od prosince 2021 — úpadky, restrukturalizace, zákazy podnikatelské činnosti a neúspěšné exekuce. Polská obdoba ISIR",official,open,search,reference,,,,https://krz.ms.gov.pl/,pl-krajowy-rejestr-zaduzonych,2026-08-28
Firmy a due diligence,Insolvence a exekuce,insolvency,Portugalsko,PT,Citius — soudní zveřejnění,citius.mj.pt,"Portál portugalské justice — **veřejná insolvenční zveřejnění** (prohlášení úpadku, správce, lhůty pro přihlášky, plány) a soudní vyhlášky, zdarma. Portugalská obdoba insolvenčního rejstříku",official,open,search,reference,,,,https://www.citius.mj.pt/,pt-citius,2026-08-28
Firmy a due diligence,Insolvence a exekuce,insolvency,Slovensko,SK,Register úpadcov,replik.justice.sk,"Slovenský insolvenční registr — konkurzy, restrukturalizace a oddlužení včetně správce, lhůt a soupisů majetku, dohledatelné podle IČO i jména. Slovenská obdoba ISIR",official,open,search,reference,,,,https://replik.justice.sk/ru-verejnost-web/,sk-register-upadcov,2026-08-28
Firmy a due diligence,Insolvence a exekuce,insolvency,Slovinsko,SI,AJPES eObjave,ajpes.si,"Veřejná oznámení AJPES — **insolvenční řízení, nucené vyrovnání, likvidace, výmazy a dražby**, dohledatelné podle subjektu a zdarma. Slovinská obdoba insolvenčního rejstříku",official,open,search,reference,,,,https://www.ajpes.si/eObjave/,si-ajpes-eobjave,2026-08-28
Firmy a due diligence,Insolvence a exekuce,insolvency,Španělsko,ES,Registro Público Concursal,publicidadconcursal.es,"Španělský veřejný konkurzní registr — **úpadky, restrukturalizační plány a rozhodnutí** s vyhledáváním podle dlužníka. Rozsah je omezenější než u české ISIR; úplná vyhlášení jsou v BOE",official,open,search,reference,,,,https://www.publicidadconcursal.es/,es-publicidad-concursal,2026-08-28
Firmy a due diligence,Insolvence a exekuce,insolvency,Švédsko,SE,Kronofogden,kronofogden.se,"Švédský exekuční úřad — **konkurzy, exekuce, platební rozkazy a záznamy o platební nekázni (betalningsanmärkningar)**. Údaje o konkrétním subjektu se vydávají na žádost podle zásady veřejnosti dokumentů; komerční nadstavby je prodávají online",official,open,none,reference,,,,https://kronofogden.se/,se-kronofogden,2026-08-28
Firmy a due diligence,Soudy a judikatura,courts,Evropská unie,EU,InfoCuria — judikatura Soudního dvora,curia.europa.eu,"Vyhledávání v judikatuře Soudního dvora a Tribunálu — rozsudky, usnesení a stanoviska generálních advokátů od roku 1954, ve všech jazykových verzích, s postupem řízení. Na automat odpovídá 403, v prohlížeči funguje",intl,open,search,reference,,,,https://curia.europa.eu/juris/recherche.jsf,eu-curia,2026-08-28
Firmy a due diligence,Soudy a judikatura,courts,Rakousko,AT,Oberster Gerichtshof,ogh.gv.at,"Nejvyšší soud Rakouska — rozhodnutí v civilních a trestních věcech, judikaturní databáze s právními větami a přehledy sjednocující praxe. Plné texty jsou i v RIS, tohle je vstup s kontextem a přehledy podle oborů",official,open,search,reference,,,,https://www.ogh.gv.at/,at-ogh,2026-08-28
Firmy a due diligence,Soudy a judikatura,courts,Rakousko,AT,Verwaltungsgerichtshof,vwgh.gv.at,"Rakouský Správní soudní dvůr — rozhodnutí ve sporech se státní správou: daně, stavební a živnostenské právo, cizinecká agenda. U sporů rakouské firmy s úřadem je tohle poslední instance a její judikatura závazná",official,open,search,reference,,,,https://www.vwgh.gv.at/,at-vwgh,2026-08-28
Firmy a due diligence,Soudy a judikatura,courts,Rakousko,AT,Verfassungsgerichtshof,vfgh.gv.at,"Ústavní soudní dvůr — nálezy o ústavnosti zákonů a nařízení, s odůvodněními a přehledem zrušených předpisů. Ověří, jestli předpis, o který se opírá protistrana, ještě platí",official,open,search,reference,,,,https://www.vfgh.gv.at/,at-vfgh,2026-08-28
Firmy a due diligence,Soudy a judikatura,courts,Belgie,BE,Juportal,juportal.be,"Belgická judikaturní databáze — rozhodnutí Kasačního soudu, odvolacích i nižších soudů ve francouzštině a nizozemštině, s fulltextem. Nahradila starší Juridat; přístup zdarma",official,open,search,reference,,,,https://juportal.be/,be-juportal,2026-08-28
Firmy a due diligence,Soudy a judikatura,courts,Belgie,BE,Cour constitutionnelle / Grondwettelijk Hof,const-court.be,"Belgický ústavní soud — nálezy o souladu federálních i regionálních předpisů s ústavou, včetně sporů o kompetence mezi federací a regiony. Ty jsou v belgickém systému časté a mění, kdo co smí regulovat",official,open,search,reference,,,,https://www.const-court.be/,be-const-court,2026-08-28
Firmy a due diligence,Soudy a judikatura,courts,Belgie,BE,Conseil d'État / Raad van State,raadvst-consetat.be,"Belgická státní rada — správní soudnictví (stavební a environmentální povolení, veřejné zakázky, cizinecká agenda) a legislativní posudky k návrhům předpisů. U sporů s belgickým úřadem poslední instance",official,open,search,reference,,,,https://www.raadvst-consetat.be/,be-conseil-etat,2026-08-28
Firmy a due diligence,Soudy a judikatura,courts,Belgie,BE,Justice.belgium.be,justice.belgium.be,"Portál belgické federální justice — rejstříky, soudní poplatky, insolvenční řízení a přehled soudní soustavy. Belgie nemá samostatný veřejný insolvenční rejstřík jako ISIR; úpadky se vyhlašují v Moniteur belge a řízení běží v RegSol pro věřitele",official,open,none,reference,,,,https://justice.belgium.be/,be-justice,2026-08-28
Firmy a due diligence,Soudy a judikatura,courts,Bulharsko,BG,Единен портал за електронно правосъдие,ecase.justice.bg,"Jednotný portál bulharské elektronické justice — stav soudních řízení, rozhodnutí a soudní vyhlášky napříč soudy. Vstupní bod k bulharské judikatuře",official,open,search,reference,,,,https://ecase.justice.bg/,bg-ecase,2026-08-28
Firmy a due diligence,Soudy a judikatura,courts,Bulharsko,BG,Върховен касационен съд,vks.bg,"Nejvyšší kasační soud Bulharska — rozhodnutí v civilních a trestních věcech a sjednocující výklady, s fulltextem",official,open,search,reference,,,,https://www.vks.bg/,bg-vks,2026-08-28
Firmy a due diligence,Soudy a judikatura,courts,Bulharsko,BG,Върховен административен съд,vas.bg,"Nejvyšší správní soud Bulharska — spory se státní správou: daně, veřejné zakázky, stavební a environmentální povolení. U sporů s bulharským úřadem poslední instance",official,open,search,reference,,,,https://www.vas.bg/,bg-vas,2026-08-28
Firmy a due diligence,Soudy a judikatura,courts,Bulharsko,BG,Конституционен съд,constcourt.bg,Bulharský ústavní soud — nálezy o ústavnosti zákonů s odůvodněními a odlišnými stanovisky,official,open,search,reference,,,,https://www.constcourt.bg/,bg-constcourt,2026-08-28
Firmy a due diligence,Soudy a judikatura,courts,Chorvatsko,HR,Vrhovni sud Republike Hrvatske,vsrh.hr,"Nejvyšší soud Chorvatska — **judikaturní databáze SuPra s rozhodnutími soudů všech stupňů**, sjednocující výklady a fulltext. Portál sudovi.pravosudje.hr neodpovídá automatickým klientům, tohle je funkční vstup",official,open,search,reference,,,,https://www.vsrh.hr/,hr-vsrh,2026-08-28
Firmy a due diligence,Soudy a judikatura,courts,Chorvatsko,HR,Ustavni sud Republike Hrvatske,usud.hr,"Chorvatský ústavní soud — nálezy o ústavnosti zákonů a rozhodnutí o ústavních stížnostech, s fulltextem a odlišnými stanovisky",official,open,search,reference,,,,https://www.usud.hr/,hr-usud,2026-08-28
Firmy a due diligence,Soudy a judikatura,courts,Kypr,CY,CyLaw,cylaw.org,"Nezisková databáze kyperského práva a judikatury — rozhodnutí Nejvyššího soudu a nižších soudů, zákony a nařízení, zdarma a s fulltextem. Nejúplnější veřejný zdroj kyperské judikatury",ngo,open,search,reference,,,,https://www.cylaw.org/,cy-cylaw,2026-08-28
Firmy a due diligence,Soudy a judikatura,courts,Kypr,CY,Supreme Court of Cyprus,supremecourt.gov.cy,"Nejvyšší soud Kyperské republiky — rozhodnutí, procesní pravidla a soudní kalendář. Plné texty judikatury jsou dostupnější přes CyLaw",official,open,search,reference,,,,https://www.supremecourt.gov.cy/,cy-supremecourt,2026-08-28
Firmy a due diligence,Soudy a judikatura,courts,Česko,CZ,Rozhodnutí Nejvyššího soudu,rozhodnuti.nsoud.cz,"Databáze rozhodnutí Nejvyššího soudu — fulltext a vyhledávání podle spisové značky, senátu, data i dotčených ustanovení. Sjednocující judikatura k občanskému, obchodnímu a trestnímu právu; výběr zásadních rozhodnutí vychází zvlášť ve Sbírce",official,open,search,reference,,,,https://rozhodnuti.nsoud.cz/,cz-ns-rozhodnuti,2026-08-28
Firmy a due diligence,Soudy a judikatura,courts,Česko,CZ,Vyhledávač NSS,vyhledavac.nssoud.cz,"Rozhodnutí Nejvyššího správního soudu a krajských soudů ve správním soudnictví — daně, veřejné zakázky, stavební a azylové věci, s fulltextem a filtrem podle právní věty. Pro spory se státem je to hlavní judikaturní zdroj",official,open,search,reference,,,,https://vyhledavac.nssoud.cz/,cz-nss-vyhledavac,2026-08-28
Firmy a due diligence,Soudy a judikatura,courts,Česko,CZ,NALUS — judikatura Ústavního soudu,nalus.usoud.cz,"Kompletní rozhodovací činnost Ústavního soudu od roku 1993 — nálezy i usnesení s fulltextem, odlišnými stanovisky a vazbou na napadené předpisy. Sem se chodí ověřit, jestli zákon, o který se opírá protistrana, není zrušený nebo ústavně dotvořený",official,open,search,reference,,,,https://nalus.usoud.cz/Search/Search.aspx,cz-nalus,2026-08-28
Firmy a due diligence,Soudy a judikatura,courts,Česko,CZ,InfoSoud,infosoud.gov.cz,"Stav soudního řízení podle spisové značky u okresních, krajských a vrchních soudů — fáze řízení, termíny jednání a data podání. Neukazuje obsah spisu, ale odpoví na otázku, jestli a odkdy se s protistranou u soudu něco vede",official,open,search,reference,,,,https://infosoud.gov.cz/InfoSoud,cz-infosoud,2026-08-28
Firmy a due diligence,Soudy a judikatura,courts,Dánsko,DK,Danmarks Domstole,domstol.dk,"Dánská soudní správa — rozhodnutí vyšších soudů, soudní kalendáře, **nucené dražby nemovitostí** a informace o insolvenčních řízeních. Na automat vrací 403, v prohlížeči funguje",official,open,search,reference,,,,https://domstol.dk/,dk-domstol,2026-08-28
Firmy a due diligence,Soudy a judikatura,courts,Estonsko,EE,RIK — Registrite ja Infosüsteemide Keskus,rik.ee,"Estonské centrum registrů a informačních systémů — provozuje obchodní rejstřík, **pozemkovou knihu (kinnistusraamat), insolvenční rejstřík a systém soudních informací**. Rozcestník po estonských justičních registrech",official,open,api,reference,,,,https://www.rik.ee/,ee-rik,2026-08-28
Firmy a due diligence,Soudy a judikatura,courts,Estonsko,EE,Kohus.ee,kohus.ee,"Portál estonských soudů — soudní soustava, statistiky a **přístup k rejstříku soudních rozhodnutí**. Estonsko zveřejňuje anonymizovaná rozhodnutí plošně",official,open,search,reference,,,,https://www.kohus.ee/,ee-kohus,2026-08-28
Firmy a due diligence,Soudy a judikatura,courts,Estonsko,EE,Riigikohus,riigikohus.ee,"Nejvyšší soud Estonska — rozhodnutí v civilních, trestních, správních a ústavních věcech s fulltextem. Estonský nejvyšší soud plní i roli ústavního",official,open,search,reference,,,,https://www.riigikohus.ee/,ee-riigikohus,2026-08-28
Firmy a due diligence,Soudy a judikatura,courts,Finsko,FI,Oikeus.fi,oikeus.fi,"Portál finské justice — soudní soustava, **insolvenční a exekuční řízení (konkurssi- ja yrityssaneerausrekisteri)** a informace o řízeních. Judikatura nejvyšších soudů je ve Finlexu. Na automat vrací 403, v prohlížeči funguje",official,open,search,reference,,,,https://www.oikeus.fi/,fi-oikeus,2026-08-28
Firmy a due diligence,Soudy a judikatura,courts,Francie,FR,Cour de cassation / Judilibre,courdecassation.fr,"Francouzský kasační soud a jeho databáze Judilibre — rozhodnutí kasačního soudu a postupně i odvolacích soudů, s otevřeným API. Francie zavádí plošné zveřejňování soudních rozhodnutí (open data de la justice) po etapách",official,open,api,reference,,,,https://www.courdecassation.fr/,fr-courdecassation,2026-08-28
Firmy a due diligence,Soudy a judikatura,courts,Francie,FR,Conseil d'État,conseil-etat.fr,"Francouzská státní rada — nejvyšší instance správního soudnictví: daně, veřejné zakázky, stavební a environmentální povolení. Rozhodnutí s analýzami; plné texty jsou i v Légifrance",official,open,search,reference,,,,https://www.conseil-etat.fr/,fr-conseil-etat,2026-08-28
Firmy a due diligence,Soudy a judikatura,courts,Francie,FR,Conseil constitutionnel,conseil-constitutionnel.fr,"Francouzská ústavní rada — rozhodnutí o ústavnosti zákonů včetně řízení QPC podaných v běžných sporech. Ověří, jestli ustanovení, o které se protistrana opírá, nebylo zrušeno",official,open,search,reference,,,,https://www.conseil-constitutionnel.fr/,fr-conseil-constitutionnel,2026-08-28
Firmy a due diligence,Soudy a judikatura,courts,Německo,DE,Rechtsprechung im Internet,rechtsprechung-im-internet.de,"Rozhodnutí německých spolkových soudů — BGH, BVerwG, BFH, BAG, BSG a BPatG — zdarma, s plnými texty a strojově čitelným XML ke stažení. Zemské a nižší soudy tu nejsou, ty zveřejňují po zemích",official,open,bulk,reference,,,,https://www.rechtsprechung-im-internet.de/,de-rechtsprechung,2026-08-28
Firmy a due diligence,Soudy a judikatura,courts,Německo,DE,openJur,openjur.de,"Nezisková databáze německé judikatury — sbírá rozhodnutí spolkových i zemských soudů, která jsou roztroušená po šestnácti zemských portálech, do jednoho fulltextu. Praktičtější než obcházet zemské justiční weby",ngo,open,search,reference,,,,https://openjur.de/,de-openjur,2026-08-28
Firmy a due diligence,Soudy a judikatura,courts,Německo,DE,Bundesverfassungsgericht,bundesverfassungsgericht.de,"Spolkový ústavní soud — rozhodnutí od roku 1998 s plnými texty, tiskové zprávy a přehled zrušených předpisů. Ověří, jestli norma, o kterou se protistrana opírá, ještě platí",official,open,search,reference,,,,https://www.bundesverfassungsgericht.de/DE/Home/home_node.html,de-bverfg,2026-08-28
Firmy a due diligence,Soudy a judikatura,courts,Řecko,GR,Άρειος Πάγος — Nejvyšší soud,areiospagos.gr,"Nejvyšší soud Řecka — **databáze rozhodnutí v civilních a trestních věcech** s fulltextem, zdarma. Správní soudnictví vede Συμβούλιο της Επικρατείας, jehož web automatickým klientům neodpovídá",official,open,search,reference,,,,https://www.areiospagos.gr/,gr-areiospagos,2026-08-28
Firmy a due diligence,Soudy a judikatura,courts,Maďarsko,HU,Bíróság — soudní portál,birosag.hu,"Portál maďarské justice — soudní soustava, **sbírka anonymizovaných rozhodnutí** (Bírósági Határozatok Gyűjteménye), veřejné dražby a stav řízení",official,open,search,reference,,,,https://birosag.hu/,hu-birosag,2026-08-28
Firmy a due diligence,Soudy a judikatura,courts,Maďarsko,HU,E-akta / e-Per,eakta.birosag.hu,"Elektronický přístup k maďarským soudním spisům a stavu řízení podle spisové značky. Neukazuje obsah spisu veřejnosti, ale odpoví, jestli a odkdy se s protistranou u soudu něco vede",official,open,search,reference,,,,https://eakta.birosag.hu/,hu-eakta,2026-08-28
Firmy a due diligence,Soudy a judikatura,courts,Maďarsko,HU,Kúria,kuria-birosag.hu,"Nejvyšší soud Maďarska — sjednocující rozhodnutí, právní věty a stanoviska, s fulltextem. Kasační judikatura, kterou nižší soudy následují",official,open,search,reference,,,,https://kuria-birosag.hu/,hu-kuria,2026-08-28
Firmy a due diligence,Soudy a judikatura,courts,Maďarsko,HU,Alkotmánybíróság,alkotmanybirosag.hu,Maďarský ústavní soud — nálezy o ústavnosti předpisů s odlišnými stanovisky a přehled zrušených norem,official,open,search,reference,,,,https://www.alkotmanybirosag.hu/,hu-alkotmanybirosag,2026-08-28
Firmy a due diligence,Soudy a judikatura,courts,Irsko,IE,Courts Service of Ireland,courts.ie,"Irská soudní služba — rozhodnutí Supreme Court, Court of Appeal a High Court s fulltextem, soudní kalendáře a **oznámení o insolvencích a osobních úpadcích**. Irsko nemá samostatný insolvenční rejstřík, agenda je tady a u ISI",official,open,search,reference,,,,https://www.courts.ie/,ie-courts,2026-08-28
Firmy a due diligence,Soudy a judikatura,courts,Itálie,IT,ItalgiureWeb — judikatura Kasačního soudu,italgiure.giustizia.it,"Databáze rozhodnutí italského Kasačního soudu — civilní a trestní rozsudky s právními větami a fulltextem, zdarma. Nižší soudy zveřejňují jen výběrově a roztroušeně",official,open,search,reference,,,,https://www.italgiure.giustizia.it/sncass/,it-italgiure,2026-08-28
Firmy a due diligence,Soudy a judikatura,courts,Itálie,IT,Corte costituzionale,cortecostituzionale.it,"Italský ústavní soud — nálezy o ústavnosti státních i regionálních předpisů a spory o kompetence mezi státem a regiony. Server má bot management, automatické klienty někdy odmítne",official,open,search,reference,,,,https://www.cortecostituzionale.it/,it-cortecostituzionale,2026-08-28
Firmy a due diligence,Soudy a judikatura,courts,Itálie,IT,Giustizia Amministrativa,giustizia-amministrativa.it,"Italské správní soudnictví — rozhodnutí Státní rady a regionálních správních soudů (TAR), kde se řeší **veřejné zakázky, stavební a environmentální povolení**. Fulltext zdarma; u sporů s italským úřadem klíčový zdroj",official,open,search,reference,,,,https://www.giustizia-amministrativa.it/,it-giustizia-amministrativa,2026-08-28
Firmy a due diligence,Soudy a judikatura,courts,Lotyšsko,LV,Manas.tiesas.lv / eLieta,manas.tiesas.lv,"Portál lotyšských soudů — **stav řízení, termíny jednání a anonymizovaná rozhodnutí**, dohledatelné podle spisové značky. Přesměrovává na nový systém eLieta",official,open,search,reference,,,,https://manas.tiesas.lv/,lv-tiesas,2026-08-28
Firmy a due diligence,Soudy a judikatura,courts,Lotyšsko,LV,Augstākā tiesa,at.gov.lv,"Nejvyšší soud Lotyšska — rozhodnutí v civilních, trestních a správních věcech s fulltextem a přehledy sjednocující praxe",official,open,search,reference,,,,https://www.at.gov.lv/,lv-at,2026-08-28
Firmy a due diligence,Soudy a judikatura,courts,Litva,LT,eTeismai,eteismai.lt,"Databáze litevské judikatury — anonymizovaná rozhodnutí soudů všech stupňů s fulltextem, zdarma. Úřední systém LITEKO je za anti-bot ochranou; tohle je dostupná cesta k litevským rozsudkům",ngo,open,search,reference,,,,https://eteismai.lt/,lt-eteismai,2026-08-28
Firmy a due diligence,Soudy a judikatura,courts,Litva,LT,Teismai.lt / LITEKO,teismai.lt,"Portál litevských soudů a informační systém LITEKO — **stav řízení, termíny jednání a rozhodnutí**. Na automat vrací 403, v prohlížeči funguje",official,open,search,reference,,,,https://www.teismai.lt/,lt-teismai,2026-08-28
Firmy a due diligence,Soudy a judikatura,courts,Lucembursko,LU,Justice.lu — judikatura a rejstříky,justice.public.lu,"Portál lucemburské justice — judikatura, soudní soustava a insolvenční agenda. Lucembursko nemá samostatný insolvenční rejstřík; úpadky se vyhlašují v Mémorial a řízení vede obchodní soud",official,open,search,reference,,,,https://justice.public.lu/fr/jurisprudence.html,lu-rbe,2026-08-28
Firmy a due diligence,Soudy a judikatura,courts,Malta,MT,eCourts Malta,ecourts.gov.mt,"Portál maltské justice — **rozhodnutí soudů, stav řízení a soudní kalendář**, dohledatelné podle strany i spisové značky, zdarma. Na automat vrací 403, v prohlížeči funguje",official,open,search,reference,,,,https://ecourts.gov.mt/,mt-ecourts,2026-08-28
Firmy a due diligence,Soudy a judikatura,courts,Nizozemsko,NL,Uitspraken Rechtspraak,uitspraken.rechtspraak.nl,"Zveřejňovaná rozhodnutí nizozemských soudů všech stupňů, s fulltextem a identifikátory ECLI. Zveřejňuje se výběr, ne všechno, ale rozsah je proti většině států velký",official,open,search,reference,,,,https://uitspraken.rechtspraak.nl/,nl-uitspraken-rechtspraak,2026-08-28
Firmy a due diligence,Soudy a judikatura,courts,Nizozemsko,NL,Open Data van de Rechtspraak,data.rechtspraak.nl,"Otevřená data nizozemské justice — všechna zveřejněná rozhodnutí ve strojově čitelném XML, přes API i jako hromadný archiv. Umožňuje judikaturní analýzu, kterou webové vyhledávání neuzvedne",official,open,bulk,reference,,,,https://data.rechtspraak.nl/,nl-data-rechtspraak,2026-08-28
Firmy a due diligence,Soudy a judikatura,courts,Polsko,PL,Portal Orzeczeń Sądów Powszechnych,orzeczenia.ms.gov.pl,"Anonymizovaná rozhodnutí obecných soudů — okresních, krajských i odvolacích — s fulltextem a filtrem podle soudu, oboru a data. Občanské, obchodní a trestní věci na první instanci; u polské protistrany nejrychlejší cesta ke sporům, které vedla",official,open,search,reference,,,,https://orzeczenia.ms.gov.pl/,pl-orzeczenia-ms,2026-08-28
Firmy a due diligence,Soudy a judikatura,courts,Polsko,PL,Sąd Najwyższy,sn.pl,"Nejvyšší soud Polska — databáze rozhodnutí a usnesení včetně sjednocujících výkladů, s odůvodněními ke stažení. Kasační judikatura, kterou nižší soudy následují",official,open,search,reference,,,,https://www.sn.pl/pl,pl-sn,2026-08-28
Firmy a due diligence,Soudy a judikatura,courts,Polsko,PL,Naczelny Sąd Administracyjny (CBOSA),nsa.gov.pl,"Nejvyšší správní soud a jeho Centrální databáze rozhodnutí správních soudů (CBOSA) — daňové, stavební a zakázkové spory se státem. Samotná databáze na orzeczenia.nsa.gov.pl mimo prohlížeč neodpovídá, vstup do ní vede přes web soudu",official,open,search,reference,,,,https://www.nsa.gov.pl/,pl-nsa,2026-08-28
Firmy a due diligence,Soudy a judikatura,courts,Polsko,PL,Trybunał Konstytucyjny — IPO,ipo.trybunal.gov.pl,"Internetový portál rozhodnutí Ústavního tribunálu — nálezy a usnesení s odlišnými stanovisky a údaji o průběhu řízení. Ověří, jestli předpis, o který se opírá protistrana, není zrušený",official,open,search,reference,,,,https://ipo.trybunal.gov.pl/,pl-trybunal-konstytucyjny,2026-08-28
Firmy a due diligence,Soudy a judikatura,courts,Portugalsko,PT,DGSI — judikatura,dgsi.pt,"Databáze rozhodnutí portugalských soudů — Nejvyšší soud, Nejvyšší správní soud, odvolací soudy a Ústavní soud, s fulltextem a zdarma. Jediná souhrnná portugalská judikaturní databáze",official,open,search,reference,,,,https://www.dgsi.pt/,pt-dgsi,2026-08-28
Firmy a due diligence,Soudy a judikatura,courts,Portugalsko,PT,Tribunal Constitucional (Portugalsko),tribunalconstitucional.pt,"Portugalský ústavní soud — nálezy o ústavnosti předpisů a kontrola financování politických stran a volebních kampaní, kterou má v Portugalsku na starosti. Zprávy o financování stran jsou tady",official,open,search,reference,,,,https://www.tribunalconstitucional.pt/,pt-tribunal-constitucional,2026-08-28
Firmy a due diligence,Soudy a judikatura,courts,Rumunsko,RO,Portalul instanțelor de judecată,portal.just.ro,"Portál rumunských soudů — **stav řízení, termíny jednání a účastníci podle spisové značky nebo jména strany**, u všech soudů zdarma. Rozsah dohledatelnosti je proti většině států velký",official,open,search,reference,,,,https://portal.just.ro/,ro-portal-just,2026-08-28
Firmy a due diligence,Soudy a judikatura,courts,Rumunsko,RO,ReJust,rejust.ro,"Rumunský portál soudních rozhodnutí — anonymizované rozsudky s fulltextem a odkazy na spisy v portálu soudů. Doplňuje portal.just.ro o obsah rozhodnutí, ne jen stav řízení",official,open,search,reference,,,,https://www.rejust.ro/,ro-rejust,2026-08-28
Firmy a due diligence,Soudy a judikatura,courts,Rumunsko,RO,Ministerul Justiției,just.ro,"Rumunské ministerstvo spravedlnosti — rejstříky spolků a nadací, insolvenční agenda a soudní legislativa. Legislativní databáze legislatie.just.ro mimo Rumunsko neodpovídá; úřední texty jsou v Monitorul Oficial",official,open,none,reference,,,,https://www.just.ro/,ro-just,2026-08-28
Firmy a due diligence,Soudy a judikatura,courts,Slovensko,SK,InfoSúd,obcan.justice.sk,"Stav soudního řízení podle spisové značky u slovenských soudů — fáze, termíny jednání a přidělený soudce. Neukazuje obsah spisu, ale odpoví, jestli se s protistranou u soudu něco vede",official,open,search,reference,,,,https://obcan.justice.sk/infosud,sk-infosud,2026-08-28
Firmy a due diligence,Soudy a judikatura,courts,Slovensko,SK,Rozhodnutia súdov,justice.gov.sk,"Anonymizovaná rozhodnutí slovenských soudů všech stupňů s fulltextem a filtrem podle soudu, oboru a data. Slovensko zveřejňuje rozhodnutí plošně, takže se dá dohledat i prvoinstanční spor konkrétní firmy",official,open,search,reference,,,,https://www.justice.gov.sk/sudy-a-rozhodnutia/,sk-rozhodnutia-sudov,2026-08-28
Firmy a due diligence,Soudy a judikatura,courts,Slovinsko,SI,Sodna praksa,sodnapraksa.si,"Databáze rozhodnutí slovinských soudů — Nejvyšší soud, vyšší soudy a správní soud, s fulltextem, právními větami a zdarma. Slovinsko zveřejňuje judikaturu poměrně široce",official,open,search,reference,,,,https://www.sodnapraksa.si/,si-sodnapraksa,2026-08-28
Firmy a due diligence,Soudy a judikatura,courts,Slovinsko,SI,Sodišče — soudní portál,sodisce.si,"Portál slovinské justice — soudní soustava, rejstříky, **veřejné dražby nemovitostí z exekucí** a stav řízení. Dražební vyhlášky nesou znalecké ocenění nemovitosti",official,open,search,reference,,,,https://www.sodisce.si/,si-sodisce,2026-08-28
Firmy a due diligence,Soudy a judikatura,courts,Slovinsko,SI,Ustavno sodišče,us-rs.si,"Slovinský ústavní soud — nálezy o ústavnosti zákonů a obecních předpisů s odlišnými stanovisky. Na automat vrací 403, v prohlížeči funguje",official,open,search,reference,,,,https://www.us-rs.si/,si-us-rs,2026-08-28
Firmy a due diligence,Soudy a judikatura,courts,Španělsko,ES,CENDOJ — judikatura,poderjudicial.es,"Databáze rozhodnutí španělských soudů vedená Generální radou soudní moci — Nejvyšší soud, Audiencia Nacional, vrchní soudy autonomních společenství a provinční soudy, s fulltextem a zdarma",official,open,search,reference,,,,https://www.poderjudicial.es/search/indexAN.jsp,es-poderjudicial,2026-08-28
Firmy a due diligence,Soudy a judikatura,courts,Španělsko,ES,Tribunal Constitucional (Španělsko),tribunalconstitucional.es,"Španělský ústavní soud — nálezy o ústavnosti státních i regionálních předpisů, včetně sporů o kompetence mezi státem a autonomními společenstvími. Na automat vrací 403, v prohlížeči funguje",official,open,search,reference,,,,https://www.tribunalconstitucional.es/,es-tribunal-constitucional,2026-08-28
Firmy a due diligence,Soudy a judikatura,courts,Španělsko,ES,Ministerio de Justicia,mjusticia.gob.es,"Španělské ministerstvo spravedlnosti — rejstříky (spolky, nadace, poslední vůle), insolvenční agenda a Registro Público Concursal. **Španělsko nemá bezplatný insolvenční rejstřík jako ISIR**; úpadky se vyhlašují v BOE a spisy vede veřejný konkurzní registr s omezeným rozsahem",official,open,none,reference,,,,https://www.mjusticia.gob.es/,es-mjusticia,2026-08-28
Firmy a due diligence,Soudy a judikatura,courts,Švédsko,SE,Sveriges Domstolar,domstol.se,"Švédská soudní správa — rozhodnutí vyšších soudů, soudní kalendáře a informace o řízeních. **Švédská zásada veřejnosti dokumentů (offentlighetsprincipen) znamená, že spisy jsou na žádost přístupné, ale online se plošně nezveřejňují**",official,open,search,reference,,,,https://www.domstol.se/,se-domstol,2026-08-28
Firmy a due diligence,Průmyslové vlastnictví,ip,Evropská unie,EU,EUIPO eSearch,euipo.europa.eu,"Ochranné známky EU a průmyslové vzory — vyhledání podle názvu, majitele nebo třídy, se stavem řízení, historií převodů a zástupci. Majitel známky bývá první vodítko k propojení firem, které v rejstříku vazbu nemají. API po registraci",intl,open,api,reference,,,,https://euipo.europa.eu/eSearch/,eu-euipo-esearch,2026-08-28
Firmy a due diligence,Průmyslové vlastnictví,ip,Evropská unie,EU,EPO — European Patent Office,epo.org,"Evropský patentový úřad uděluje patenty s účinkem ve 39 státech. Vedle registru nabízí statistiky přihlášek po zemích a oborech, což je dobrý ukazatel toho, kde která firma opravdu vyvíjí",intl,open,search,reference,,,,https://www.epo.org/,eu-epo,2026-08-28
Firmy a due diligence,Průmyslové vlastnictví,ip,Evropská unie,EU,TMview,tmdn.org,"Společný vyhledávač ochranných známek napříč všemi národními úřady EU, EUIPO a desítkami dalších zemí. Jedno hledání podle majitele ukáže portfolio značek celé skupiny bez obcházení 27 rejstříků",intl,open,api,reference,,,,https://www.tmdn.org/tmview/,eu-tmview,2026-08-28
Firmy a due diligence,Průmyslové vlastnictví,ip,Celosvětové,GLOBAL,Espacenet,worldwide.espacenet.com,"Patentová databáze Evropského patentového úřadu — přes 150 milionů dokumentů ze všech hlavních úřadů, s rodinami patentů, citacemi a právním stavem. Přihlašovatel a vynálezce prozradí, čím se firma technicky zabývá a kdo za tím stojí. OPS API po registraci; na automat vrací 403",intl,open,api,reference,,,,https://worldwide.espacenet.com/,global-espacenet,2026-08-28
Firmy a due diligence,Průmyslové vlastnictví,ip,Rakousko,AT,Österreichisches Patentamt,patentamt.at,"Rakouský patentový úřad. Vede rejstříky patentů, ochranných známek a průmyslových vzorů — u due diligence se z nich čte, jaké značky firma skutečně vlastní a jestli na nich neváznou licence nebo zástavy",official,open,search,reference,,,,https://www.patentamt.at/,at-patentamt,2026-08-28
Firmy a due diligence,Průmyslové vlastnictví,ip,Rakousko,AT,see·IP — rešeršní databáze,seeip.patentamt.at,"Vyhledávač rakouského patentového úřadu nad patenty, známkami a vzory. Hledá se podle majitele, takže z něj jde postavit přehled nehmotného majetku jedné firmy",official,open,api,reference,,,,https://seeip.patentamt.at/,at-seeip,2026-08-28
Firmy a due diligence,Průmyslové vlastnictví,ip,Belgie,BE,Belgian Intellectual Property Office,economie.fgov.be,"Belgický úřad průmyslového vlastnictví spadá pod ministerstvo hospodářství. Známky se pro Belgii, Nizozemsko a Lucembursko zapisují společně u Benelux Office, patenty národně tady",official,open,none,reference,,,,https://economie.fgov.be/en/themes/intellectual-property,be-ip-fps,2026-08-28
Firmy a due diligence,Průmyslové vlastnictví,ip,Bulharsko,BG,Патентно ведомство,bpo.bg,"Bulharský patentový úřad s rejstříky patentů, známek, vzorů a zeměpisných označení. Databáze jsou veřejné a hledá se v nich i podle přihlašovatele",official,open,search,reference,,,,https://www.bpo.bg/,bg-bpo,2026-08-28
Firmy a due diligence,Průmyslové vlastnictví,ip,Chorvatsko,HR,DZIV — vyhledávání v rejstřících,dziv.hr,"Chorvatské ochranné známky, patenty a průmyslové vzory — vyhledávání v národních rejstřících úřadu průmyslového vlastnictví a rozcestník na mezinárodní báze TMview a Designview. Majitel známky často odhalí propojení firem, které v soudním rejstříku vidět není",official,open,search,reference,,,,https://www.dziv.hr/hr/e-usluge/e-registri/,hr-dziv-pretrazivanje,2026-08-29
Firmy a due diligence,Průmyslové vlastnictví,ip,Kypr,CY,Intellectual Property Section,intellectualproperty.gov.cy,Kyperská sekce průmyslového vlastnictví při ministerstvu hospodářství. Vede rejstřík ochranných známek a patentů; kyperské holdingy si sem často registrují značky skupiny,official,open,search,reference,,,,https://www.intellectualproperty.gov.cy/,cy-ip,2026-08-28
Firmy a due diligence,Průmyslové vlastnictví,ip,Česko,CZ,ISDV — rejstříky Úřadu průmyslového vlastnictví,isdv.upv.gov.cz,"České ochranné známky, patenty, užitné a průmyslové vzory — vyhledání podle majitele, názvu i třídy, se stavem řízení, převody a zástavními právy. Majitel známky často odhalí propojení firem, které v obchodním rejstříku není vidět",official,open,search,reference,,,,https://isdv.upv.gov.cz/,cz-isdv-upv,2026-08-28
Firmy a due diligence,Průmyslové vlastnictví,ip,Dánsko,DK,Patent- og Varemærkestyrelsen,dkpto.dk,"Dánský patentový a známkový úřad. Rejstříky jsou veřejné a napojené na obchodní rejstřík CVR, takže majitele známky lze rovnou dohledat jako firmu",official,open,search,reference,,,,https://www.dkpto.dk/,dk-dkpto,2026-08-28
Firmy a due diligence,Průmyslové vlastnictví,ip,Estonsko,EE,Patendiamet,epa.ee,"Estonský patentový úřad. Vede rejstříky patentů, užitných vzorů, známek a vzorů; vyhledávání je jako většina estonské správy dostupné i anglicky",official,open,search,reference,,,,https://www.epa.ee/,ee-epa,2026-08-28
Firmy a due diligence,Průmyslové vlastnictví,ip,Finsko,FI,Patenttitietopalvelu,patenttitietopalvelu.prh.fi,"Finská patentová informační služba úřadu PRH. Obsahuje národní i validované evropské patenty a hledá se v ní podle přihlašovatele, vynálezce i klasifikace",official,open,search,reference,,,,https://patenttitietopalvelu.prh.fi/,fi-patenttitietopalvelu,2026-08-28
Firmy a due diligence,Průmyslové vlastnictví,ip,Finsko,FI,Tavaramerkkitietopalvelu,tavaramerkkitietopalvelu.prh.fi,"Finský rejstřík ochranných známek. Ukazuje i historii převodů a zástav, takže je vidět, kdy značka přešla na jinou firmu ve skupině",official,open,search,reference,,,,https://tavaramerkkitietopalvelu.prh.fi/,fi-tavaramerkki,2026-08-28
Firmy a due diligence,Průmyslové vlastnictví,ip,Francie,FR,Base marques INPI,bases-marques.inpi.fr,"Francouzský rejstřík ochranných známek u INPI. Hledá se podle znění značky i podle majitele, takže z něj jde sestavit portfolio značek jedné skupiny; patenty a vzory mají u INPI vlastní databáze",official,open,search,reference,,,,https://bases-marques.inpi.fr/,fr-inpi-marques,2026-08-28
Firmy a due diligence,Průmyslové vlastnictví,ip,Německo,DE,DPMAregister,register.dpma.de,"Německé ochranné známky, patenty, užitné a průmyslové vzory — vyhledání podle majitele, názvu i třídy, se stavem řízení, převody a zástavami. Majitel známky často odhalí propojení firem, které v obchodním rejstříku vidět není",official,open,search,reference,,,,https://register.dpma.de/DPMAregister/Uebersicht,de-dpmaregister,2026-08-28
Firmy a due diligence,Průmyslové vlastnictví,ip,Řecko,GR,ΟΒΙ — Οργανισμός Βιομηχανικής Ιδιοκτησίας,obi.gr,Řecký úřad průmyslového vlastnictví. Vede rejstříky patentů a užitných vzorů; ochranné známky spravuje odděleně ministerstvo rozvoje,official,open,search,reference,,,,https://www.obi.gr/,gr-obi,2026-08-28
Firmy a due diligence,Průmyslové vlastnictví,ip,Maďarsko,HU,SZTNH — Szellemi Tulajdon Nemzeti Hivatala,hipo.gov.hu,Maďarský úřad duševního vlastnictví. Vedle rejstříků patentů a známek vede i evidenci kolektivních správců autorských práv,official,open,search,reference,,,,https://www.hipo.gov.hu/,hu-sztnh,2026-08-28
Firmy a due diligence,Průmyslové vlastnictví,ip,Irsko,IE,Intellectual Property Office of Ireland,ipoi.gov.ie,"Irský úřad průmyslového vlastnictví v Kilkenny. Rejstříky patentů, známek a vzorů jsou veřejné a obsahují i historii převodů a zástav",official,open,search,reference,,,,https://www.ipoi.gov.ie/,ie-ipoi,2026-08-28
Firmy a due diligence,Průmyslové vlastnictví,ip,Itálie,IT,UIBM — Ufficio Italiano Brevetti e Marchi,uibm.mise.gov.it,Italský patentový a známkový úřad při ministerstvu podniků. Databáze jde prohledávat podle majitele a ukazuje i změny vlastnictví značky,official,open,search,reference,,,,https://uibm.mise.gov.it/,it-uibm,2026-08-28
Firmy a due diligence,Průmyslové vlastnictví,ip,Lotyšsko,LV,Patentu valde,lrpv.gov.lv,"Lotyšský patentový úřad. Rejstříky patentů, známek a vzorů jsou veřejné a publikuje k nim úřední věstník se zápisy a námitkami",official,open,search,reference,,,,https://www.lrpv.gov.lv/,lv-lrpv,2026-08-28
Firmy a due diligence,Průmyslové vlastnictví,ip,Litva,LT,VPB — Valstybinis patentų biuras,vpb.lrv.lt,"Litevský státní patentový úřad. Vede rejstříky patentů, známek a vzorů. Na automat vrací 403, v prohlížeči funguje",official,open,search,reference,,,,https://vpb.lrv.lt/,lt-vpb,2026-08-28
Firmy a due diligence,Průmyslové vlastnictví,ip,Lucembursko,LU,IPIL — Institut de la Propriété Intellectuelle Luxembourg,ipil.lu,"Lucemburský institut průmyslového vlastnictví. Národní patenty se zapisují tady, známky společně s Belgií a Nizozemskem u Benelux Office. Na automat vrací 403, v prohlížeči funguje",official,open,search,reference,,,,https://ipil.lu/,lu-ipil,2026-08-28
Firmy a due diligence,Průmyslové vlastnictví,ip,Malta,MT,Industrial Property Registrations Directorate,commerce.gov.mt,"Maltský registr průmyslového vlastnictví při ministerstvu obchodu. Vede známky, patenty a vzory. Na automat vrací 403, v prohlížeči funguje",official,open,search,reference,,,,https://commerce.gov.mt/en/Intellectual_Property/,mt-ipr,2026-08-28
Firmy a due diligence,Průmyslové vlastnictví,ip,Nizozemsko,NL,Octrooicentrum Nederland,octrooicentrum.nl,"Nizozemské patentové centrum spadá pod agenturu RVO. Národní patentový rejstřík je tady, známky pro Benelux vede společný úřad BOIP",official,open,search,reference,,,,https://www.octrooicentrum.nl/,nl-octrooicentrum,2026-08-28
Firmy a due diligence,Průmyslové vlastnictví,ip,Polsko,PL,Urząd Patentowy RP,uprp.gov.pl,"Polský patentový úřad. Databáze patentů, známek a vzorů jsou veřejné a vyhledávání podle majitele odhalí i značky držené přes jiné firmy skupiny",official,open,search,reference,,,,https://uprp.gov.pl/,pl-uprp,2026-08-28
Firmy a due diligence,Průmyslové vlastnictví,ip,Portugalsko,PT,INPI Portugal,inpi.justica.gov.pt,"Portugalský institut průmyslového vlastnictví. Rejstříky známek a patentů jsou veřejné a provázané s obchodním rejstříkem, takže majitel se dohledá i podle NIPC",official,open,search,reference,,,,https://inpi.justica.gov.pt/,pt-inpi,2026-08-28
Firmy a due diligence,Průmyslové vlastnictví,ip,Rumunsko,RO,OSIM,osim.ro,Rumunský úřad pro patenty a ochranné známky. Vede národní rejstříky a publikuje úřední věstník BOPI s novými zápisy,official,open,search,reference,,,,https://osim.ro/,ro-osim,2026-08-28
Firmy a due diligence,Průmyslové vlastnictví,ip,Slovensko,SK,Úrad priemyselného vlastníctva SR,indprop.gov.sk,"Slovenské ochranné známky, patenty a vzory — vyhledání podle majitele, názvu i třídy, se stavem řízení a převody. Původní upv.gov.sk neodpovídá, úřad má dnes doménu indprop",official,open,search,reference,,,,https://www.indprop.gov.sk/,sk-indprop,2026-08-28
Firmy a due diligence,Průmyslové vlastnictví,ip,Slovinsko,SI,Urad RS za intelektualno lastnino,gov.si,"Slovinský úřad pro duševní vlastnictví. Vede rejstříky patentů, známek a vzorů a dohlíží na kolektivní správu autorských práv",official,open,none,reference,,,,https://www.gov.si/drzavni-organi/organi-v-sestavi/urad-za-intelektualno-lastnino/,si-uil,2026-08-28
Firmy a due diligence,Průmyslové vlastnictví,ip,Španělsko,ES,OEPM — Oficina Española de Patentes y Marcas,oepm.es,Španělský patentový a známkový úřad. Nabízí rešeršní nástroje nad patenty i známkami a publikuje Boletín Oficial de la Propiedad Industrial s dennímii zápisy,official,open,search,reference,,,,https://www.oepm.es/,es-oepm,2026-08-28
Firmy a due diligence,Průmyslové vlastnictví,ip,Švédsko,SE,PRV — Patent- och registreringsverket,prv.se,Švédský patentový a registrační úřad. Vedle patentů a známek vede i registr periodického tisku a osobních jmen chráněných jako značka,official,open,search,reference,,,,https://www.prv.se/,se-prv,2026-08-28
Firmy a due diligence,Regulace a licencované subjekty,regulators,Evropská unie,EU,EBA — rejstřík úvěrových institucí,euclid.eba.europa.eu,"Evropský rejstřík bank, platebních institucí a institucí elektronických peněz — pro každý subjekt země, druh licence, identifikátory a rozsah přeshraničního působení. Ke stažení; ověří tvrzení protistrany, že je regulovanou finanční institucí",intl,open,bulk,reference,,,,https://euclid.eba.europa.eu/register/,eu-eba-register,2026-08-28
Firmy a due diligence,Regulace a licencované subjekty,regulators,Evropská unie,EU,ESMA — rejstříky a databáze,registers.esma.europa.eu,"Rejstříky evropského dohledu nad kapitálovým trhem — investiční podniky, fondy, obchodní systémy, ratingové agentury, benchmarky a schválené prospekty. Vyhledávání i celé sady ke stažení; sem se chodí ověřovat, jestli protistrana smí to, co nabízí",intl,open,bulk,reference,,,,https://registers.esma.europa.eu/publication/,eu-esma-registers,2026-08-28
Firmy a due diligence,Regulace a licencované subjekty,regulators,Evropská unie,EU,EIOPA — rejstříky a data,eiopa.europa.eu,"Nástroje a rejstříky evropského dohledu nad pojišťovnictvím a penzijními fondy — registr pojišťoven a zprostředkovatelů, přeshraniční působení, statistiky Solvency II a údaje o penzijních institucích",intl,open,download,reference,,,,https://www.eiopa.europa.eu/tools-and-data_en,eu-eiopa-data,2026-08-28
Firmy a due diligence,Regulace a licencované subjekty,regulators,Evropská unie,EU,ECB — dohlížené banky,bankingsupervision.europa.eu,"Seznam bank pod přímým dohledem ECB v rámci jednotného mechanismu dohledu, s vlastnickou strukturou skupin a rozlišením významných a méně významných institucí. Aktualizuje se měsíčně; říká, kdo banku ve skutečnosti dohlíží — ECB, nebo národní regulátor",intl,open,download,reference,,,,https://www.bankingsupervision.europa.eu/framework/supervised-banks/html/index.en.html,eu-ecb-supervised-banks,2026-08-28
Firmy a due diligence,Regulace a licencované subjekty,regulators,Evropská unie,EU,EU ETS — registr Unie,climate.ec.europa.eu,"Registr účtů systému obchodování s emisními povolenkami — držitelé účtů, přidělené a odevzdané povolenky po zařízeních a provozovatelích, s ročními daty ke stažení. Ukazuje uhlíkovou expozici konkrétního průmyslového podniku",intl,open,download,reference,,,,https://climate.ec.europa.eu/areas-action/carbon-markets/eu-emissions-trading-system-eu-ets/union-registry_en,eu-ets-registry,2026-08-28
Firmy a due diligence,Regulace a licencované subjekty,regulators,Evropská unie,EU,RASFF Window,webgate.ec.europa.eu,"Systém rychlého varování pro potraviny a krmiva — veřejný výpis oznámení o závadných zásilkách s původem, druhem rizika a přijatým opatřením. U potravinářských firem a dovozců je to jediný veřejný záznam o tom, že s jejich zbožím byl problém",intl,open,search,reference,,,,https://webgate.ec.europa.eu/rasff-window/screen/search,eu-rasff,2026-08-28
Firmy a due diligence,Regulace a licencované subjekty,regulators,Rakousko,AT,FMA — Finanzmarktaufsicht,fma.gv.at,"Rakouský dohled nad finančním trhem — databáze licencovaných bank, pojišťoven, investičních firem a fondů, seznam přeshraničně působících subjektů a veřejná varování před poskytovateli bez licence. Na automat vrací 403, v prohlížeči funguje",official,open,search,reference,,,,https://www.fma.gv.at/,at-fma,2026-08-28
Firmy a due diligence,Regulace a licencované subjekty,regulators,Rakousko,AT,OeNB — statistika a dohled,oenb.at,"Rakouská národní banka — bankovní a měnová statistika, úvěry a vklady po sektorech, platební bilance a ukazatele finanční stability, s vlastním datovým rozhraním. Doplňuje FMA o čísla, ne o licence",official,open,api,reference,,,,https://www.oenb.at/Statistik.html,at-oenb-statistik,2026-08-28
Firmy a due diligence,Regulace a licencované subjekty,regulators,Rakousko,AT,BMF — Bundesministerium für Finanzen,bmf.gv.at,"Národní daňová správa. Pro due diligence je podstatné, že vede veřejné ověření plátce DPH a zveřejňuje seznamy nespolehlivých či dlužících subjektů. Rakouské ministerstvo financí zveřejňuje daňové předpisy, sazby a rozhodnutí Finanzdokumentation; samotné podání běží přes FinanzOnline",official,open,none,reference,,,,https://www.bmf.gv.at/,at-bmf,2026-08-28
Firmy a due diligence,Regulace a licencované subjekty,regulators,Rakousko,AT,E-Control,e-control.at,"Národní energetický regulátor. Schvaluje síťové tarify, vede **registr licencí pro obchod s elektřinou a plynem** a řeší spory se zákazníky. Rakouský regulátor provozuje i srovnávač cen dodavatelů a publikuje statistiky spotřeby a výroby po spolkových zemích",official,open,search,reference,,,,https://www.e-control.at/,at-econtrol,2026-08-28
Firmy a due diligence,Regulace a licencované subjekty,regulators,Rakousko,AT,RTR — Rundfunk und Telekom Regulierungs-GmbH,rtr.at,"Národní telekomunikační regulátor. Vede **rejstřík poskytovatelů elektronických komunikací** a přiděluje kmitočty a čísla, takže se z něj dá ověřit, kdo smí provozovat síť nebo službu. Rakouská RTR reguluje vedle telekomunikací i vysílání a poštu a publikuje čtvrtletní zprávu o trhu s otevřenými daty",official,open,bulk,reference,,,,https://www.rtr.at/,at-rtr,2026-08-28
Firmy a due diligence,Regulace a licencované subjekty,regulators,Rakousko,AT,BASG — Bundesamt für Sicherheit im Gesundheitswesen,basg.gv.at,"Národní léková agentura. Vede **registr registrovaných léčiv** a povolení k výrobě a distribuci, takže se z ní ověří, jestli firma smí s léky obchodovat a jaké přípravky má schválené. Rakouský úřad zveřejňuje i inspekční nálezy a stahování šarží z trhu",official,open,search,reference,,,,https://www.basg.gv.at/,at-basg,2026-08-28
Firmy a due diligence,Regulace a licencované subjekty,regulators,Rakousko,AT,Datenschutzbehörde,dsb.gv.at,"Dozorový úřad pro ochranu osobních údajů podle GDPR. Zveřejňuje **rozhodnutí a pokuty**, což je u prověřování protistrany konkrétní doklad o tom, jak zachází s daty — a zároveň mez, kterou musí respektovat i rešerše vedená z tohoto katalogu. Rakouský úřad publikuje anonymizovaná rozhodnutí a stanoviska k výkladu GDPR",official,open,search,reference,,,,https://www.dsb.gv.at/,at-dsb,2026-08-28
Firmy a due diligence,Regulace a licencované subjekty,regulators,Rakousko,AT,Bundeskriminalamt — A-FIU,bmi.gv.at,"Finanční zpravodajská jednotka (FIU) podle směrnic proti praní peněz. Přijímá **hlášení podezřelých obchodů** od bank, notářů a dalších povinných osob. Jednotlivá hlášení jsou ze zákona neveřejná — veřejné jsou typologie, výroční zprávy a seznam povinností, které z AML plynou pro firmy. Rakouská A-FIU sídlí ve spolkovém kriminálním úřadu",official,open,none,reference,,,,https://www.bmi.gv.at/,at-bka-fiu,2026-08-28
Firmy a due diligence,Regulace a licencované subjekty,regulators,Belgie,BE,FSMA,fsma.be,"Belgický dohled nad finančními trhy — registry zprostředkovatelů, poradců, fondů a poskytovatelů úvěrů, plus veřejná varování před subjekty bez licence. Banky a pojišťovny dohlíží NBB, FSMA řeší chování na trhu",official,open,search,reference,,,,https://www.fsma.be/en,be-fsma,2026-08-28
Firmy a due diligence,Regulace a licencované subjekty,regulators,Belgie,BE,Nationale Bank van België / BNB,nbb.be,"Belgická národní banka — obezřetnostní dohled nad bankami a pojišťovnami se seznamy licencovaných subjektů, statistika úvěrů a platební bilance, a provoz centrály účetních závěrek. Doména bnb.be má vadný certifikát, funkční je nbb.be",official,open,api,reference,,,,https://www.nbb.be/en,be-nbb,2026-08-28
Firmy a due diligence,Regulace a licencované subjekty,regulators,Belgie,BE,CREG,creg.be,"Národní energetický regulátor. Schvaluje síťové tarify, vede **registr licencí pro obchod s elektřinou a plynem** a řeší spory se zákazníky. Belgický federální regulátor dohlíží na přenos a velkoobchod; distribuce spadá pod regionální regulátory VREG, CWaPE a Brugel",official,open,none,reference,,,,https://www.creg.be/,be-creg,2026-08-28
Firmy a due diligence,Regulace a licencované subjekty,regulators,Belgie,BE,BIPT / IBPT,bipt.be,"Národní telekomunikační regulátor. Vede **rejstřík poskytovatelů elektronických komunikací** a přiděluje kmitočty a čísla, takže se z něj dá ověřit, kdo smí provozovat síť nebo službu. Belgický regulátor zveřejňuje mapy pokrytí mobilních sítí a měření kvality od jednotlivých operátorů",official,open,none,reference,,,,https://www.bipt.be/,be-bipt,2026-08-28
Firmy a due diligence,Regulace a licencované subjekty,regulators,Belgie,BE,FAGG / AFMPS,famhp.be,"Národní léková agentura. Vede **registr registrovaných léčiv** a povolení k výrobě a distribuci, takže se z ní ověří, jestli firma smí s léky obchodovat a jaké přípravky má schválené. Belgická agentura vede databázi léčiv i zdravotnických prostředků a zveřejňuje seznam klinických hodnocení",official,open,search,reference,,,,https://www.famhp.be/,be-famhp,2026-08-28
Firmy a due diligence,Regulace a licencované subjekty,regulators,Belgie,BE,Gegevensbeschermingsautoriteit / APD,dataprotectionauthority.be,"Dozorový úřad pro ochranu osobních údajů podle GDPR. Zveřejňuje **rozhodnutí a pokuty**, což je u prověřování protistrany konkrétní doklad o tom, jak zachází s daty — a zároveň mez, kterou musí respektovat i rešerše vedená z tohoto katalogu. Belgický úřad má oddělenou rozhodovací komoru a publikuje její rozsudky v plném znění",official,open,search,reference,,,,https://www.dataprotectionauthority.be/,be-gba,2026-08-28
Firmy a due diligence,Regulace a licencované subjekty,regulators,Belgie,BE,Belgische Mededingingsautoriteit / ABC,abc-bma.be,"Národní soutěžní úřad. Zveřejňuje **rozhodnutí o kartelech, zneužití dominance a povolených fúzích** — u prověřování protistrany je to doklad o sankcích a zároveň mapa toho, kdo koho v odvětví koupil. Belgický úřad publikuje rozhodnutí i oznámení o fúzích v plném znění",official,open,search,reference,,,,https://www.abc-bma.be/,be-bma,2026-08-28
Firmy a due diligence,Regulace a licencované subjekty,regulators,Belgie,BE,CTIF-CFI,ctif-cfi.be,"Finanční zpravodajská jednotka (FIU) podle směrnic proti praní peněz. Přijímá **hlášení podezřelých obchodů** od bank, notářů a dalších povinných osob. Jednotlivá hlášení jsou ze zákona neveřejná — veřejné jsou typologie, výroční zprávy a seznam povinností, které z AML plynou pro firmy. Belgická CTIF publikuje podrobné výroční zprávy s rozborem případů po odvětvích",official,open,none,reference,,,,https://www.ctif-cfi.be/,be-ctif,2026-08-28
Firmy a due diligence,Regulace a licencované subjekty,regulators,Bulharsko,BG,БНБ — Българска народна банка,bnb.bg,"Bulharská národní banka — registr licencovaných bank, platebních institucí a směnáren, statistiky a zprávy o finanční stabilitě. Nebankovní trh dohlíží KFN",official,open,download,reference,,,,https://www.bnb.bg/,bg-bnb,2026-08-28
Firmy a due diligence,Regulace a licencované subjekty,regulators,Bulharsko,BG,КФН — Комисия за финансов надзор,fsc.bg,"Bulharská komise pro finanční dohled — registry pojišťoven, penzijních fondů, investičních firem a zprostředkovatelů, schválené prospekty a varování před nelicencovanými subjekty",official,open,search,reference,,,,https://www.fsc.bg/,bg-fsc,2026-08-28
Firmy a due diligence,Regulace a licencované subjekty,regulators,Bulharsko,BG,НАП — Национална агенция за приходите,nra.bg,"Národní daňová správa. Pro due diligence je podstatné, že vede veřejné ověření plátce DPH a zveřejňuje seznamy nespolehlivých či dlužících subjektů. Bulharská NAP zveřejňuje registr plátců DPH a seznam daňových dlužníků",official,open,search,reference,,,,https://nra.bg/,bg-nra,2026-08-28
Firmy a due diligence,Regulace a licencované subjekty,regulators,Bulharsko,BG,КЕВР — Комисия за енергийно и водно регулиране,dker.bg,"Národní energetický regulátor. Schvaluje síťové tarify, vede **registr licencí pro obchod s elektřinou a plynem** a řeší spory se zákazníky. Bulharská komise reguluje vedle energetiky i vodárenství a zveřejňuje rozhodnutí o cenách obou odvětví",official,open,none,reference,,,,https://www.dker.bg/,bg-dker,2026-08-28
Firmy a due diligence,Regulace a licencované subjekty,regulators,Bulharsko,BG,КРС — Комисия за регулиране на съобщенията,crc.bg,"Národní telekomunikační regulátor. Vede **rejstřík poskytovatelů elektronických komunikací** a přiděluje kmitočty a čísla, takže se z něj dá ověřit, kdo smí provozovat síť nebo službu. Bulharská komise vede veřejný registr operátorů a přidělených kmitočtů",official,open,search,reference,,,,https://crc.bg/,bg-crc,2026-08-28
Firmy a due diligence,Regulace a licencované subjekty,regulators,Bulharsko,BG,ИАЛ — Изпълнителна агенция по лекарствата,bda.bg,"Národní léková agentura. Vede **registr registrovaných léčiv** a povolení k výrobě a distribuci, takže se z ní ověří, jestli firma smí s léky obchodovat a jaké přípravky má schválené. Bulharská agentura zveřejňuje registr léčiv a maximální ceny hrazených přípravků",official,open,search,reference,,,,https://www.bda.bg/,bg-bda,2026-08-28
Firmy a due diligence,Regulace a licencované subjekty,regulators,Bulharsko,BG,КЗЛД,cpdp.bg,"Dozorový úřad pro ochranu osobních údajů podle GDPR. Zveřejňuje **rozhodnutí a pokuty**, což je u prověřování protistrany konkrétní doklad o tom, jak zachází s daty — a zároveň mez, kterou musí respektovat i rešerše vedená z tohoto katalogu. Bulharská komise vede i registr správců a zveřejňuje praxi k přeshraničním případům",official,open,search,reference,,,,https://www.cpdp.bg/,bg-cpdp,2026-08-28
Firmy a due diligence,Regulace a licencované subjekty,regulators,Bulharsko,BG,КЗК — Комисия за защита на конкуренцията,cpc.bg,"Národní soutěžní úřad. Zveřejňuje **rozhodnutí o kartelech, zneužití dominance a povolených fúzích** — u prověřování protistrany je to doklad o sankcích a zároveň mapa toho, kdo koho v odvětví koupil. Bulharská komise rozhoduje i o stížnostech proti zadání veřejných zakázek. Na automat vrací 403, v prohlížeči funguje",official,open,search,reference,,,,https://www.cpc.bg/,bg-cpc,2026-08-28
Firmy a due diligence,Regulace a licencované subjekty,regulators,Bulharsko,BG,ДАНС — финансово разузнаване,dans.bg,"Finanční zpravodajská jednotka (FIU) podle směrnic proti praní peněz. Přijímá **hlášení podezřelých obchodů** od bank, notářů a dalších povinných osob. Jednotlivá hlášení jsou ze zákona neveřejná — veřejné jsou typologie, výroční zprávy a seznam povinností, které z AML plynou pro firmy. Bulharská jednotka je součástí státní agentury národní bezpečnosti",official,open,none,reference,,,,https://www.dans.bg/,bg-dans,2026-08-28
Firmy a due diligence,Regulace a licencované subjekty,regulators,Chorvatsko,HR,HNB — Hrvatska narodna banka,hnb.hr,"Chorvatská národní banka — registr licencovaných úvěrových a platebních institucí, statistiky a zprávy o finanční stabilitě. Kapitálový trh a pojišťovnictví dohlíží HANFA",official,open,api,reference,,,,https://www.hnb.hr/,hr-hnb,2026-08-28
Firmy a due diligence,Regulace a licencované subjekty,regulators,Chorvatsko,HR,HANFA,hanfa.hr,"Chorvatská agentura pro dohled nad finančními službami — registry pojišťoven, penzijních fondů, investičních společností a leasingu, statistiky trhu a varování před nelicencovanými subjekty",official,open,download,reference,,,,https://www.hanfa.hr/,hr-hanfa,2026-08-28
Firmy a due diligence,Regulace a licencované subjekty,regulators,Chorvatsko,HR,Porezna uprava,porezna-uprava.gov.hr,"Národní daňová správa. Pro due diligence je podstatné, že vede veřejné ověření plátce DPH a zveřejňuje seznamy nespolehlivých či dlužících subjektů. Chorvatská daňová správa zveřejňuje **seznam daňových dlužníků** nad stanovenou hranicí i registr plátců DPH",official,open,search,reference,,,,https://porezna-uprava.gov.hr/,hr-porezna,2026-08-28
Firmy a due diligence,Regulace a licencované subjekty,regulators,Chorvatsko,HR,HERA,hera.hr,"Národní energetický regulátor. Schvaluje síťové tarify, vede **registr licencí pro obchod s elektřinou a plynem** a řeší spory se zákazníky. Chorvatská HERA reguluje elektřinu, plyn, teplo i ropovody a vede registr účastníků trhu",official,open,search,reference,,,,https://www.hera.hr/,hr-hera,2026-08-28
Firmy a due diligence,Regulace a licencované subjekty,regulators,Chorvatsko,HR,HALMED,halmed.hr,"Národní léková agentura. Vede **registr registrovaných léčiv** a povolení k výrobě a distribuci, takže se z ní ověří, jestli firma smí s léky obchodovat a jaké přípravky má schválené. Chorvatská agentura zveřejňuje registr léčiv, klinických hodnocení a hlášení nežádoucích účinků",official,open,search,reference,,,,https://www.halmed.hr/,hr-halmed,2026-08-28
Firmy a due diligence,Regulace a licencované subjekty,regulators,Chorvatsko,HR,AZOP,azop.hr,"Dozorový úřad pro ochranu osobních údajů podle GDPR. Zveřejňuje **rozhodnutí a pokuty**, což je u prověřování protistrany konkrétní doklad o tom, jak zachází s daty — a zároveň mez, kterou musí respektovat i rešerše vedená z tohoto katalogu. Chorvatská AZOP publikuje rozhodnutí, pokyny a přehled uložených pokut",official,open,search,reference,,,,https://azop.hr/,hr-azop,2026-08-28
Firmy a due diligence,Regulace a licencované subjekty,regulators,Chorvatsko,HR,AZTN,aztn.hr,"Národní soutěžní úřad. Zveřejňuje **rozhodnutí o kartelech, zneužití dominance a povolených fúzích** — u prověřování protistrany je to doklad o sankcích a zároveň mapa toho, kdo koho v odvětví koupil. Chorvatská AZTN dohlíží vedle soutěže i na trh elektronických médií",official,open,search,reference,,,,https://www.aztn.hr/,hr-aztn,2026-08-28
Firmy a due diligence,Regulace a licencované subjekty,regulators,Kypr,CY,Central Bank of Cyprus,centralbank.cy,"Kyperská centrální banka — registr licencovaných bank a platebních institucí, statistiky a zprávy o finanční stabilitě. Investiční firmy a fondy dohlíží CySEC",official,open,download,reference,,,,https://www.centralbank.cy/,cy-centralbank,2026-08-28
Firmy a due diligence,Regulace a licencované subjekty,regulators,Kypr,CY,CySEC,cysec.gov.cy,"Kyperská komise pro cenné papíry — **registr investičních firem (CIF), fondů a poskytovatelů služeb**, sankce a veřejná varování. Kypr je sídlem velkého počtu investičních firem působících přeshraničně, takže je tenhle registr v prověrkách často potřeba",official,open,search,reference,,,,https://www.cysec.gov.cy/,cy-cysec,2026-08-28
Firmy a due diligence,Regulace a licencované subjekty,regulators,Kypr,CY,Tax Department,gov.cy,"Národní daňová správa. Pro due diligence je podstatné, že vede veřejné ověření plátce DPH a zveřejňuje seznamy nespolehlivých či dlužících subjektů. Kyperský daňový odbor vede registr plátců DPH a od roku 2023 i evidenci daňových rezidentů podle nových pravidel",official,open,search,reference,,,,https://www.gov.cy/mof-tax/,cy-tax,2026-08-28
Firmy a due diligence,Regulace a licencované subjekty,regulators,Kypr,CY,CERA — Ρυθμιστική Αρχή Ενέργειας Κύπρου,cera.org.cy,"Národní energetický regulátor. Schvaluje síťové tarify, vede **registr licencí pro obchod s elektřinou a plynem** a řeší spory se zákazníky. Kyperský regulátor otevírá dosud monopolní trh s elektřinou. Na automat vrací 403, v prohlížeči funguje",official,open,none,reference,,,,https://www.cera.org.cy/,cy-cera,2026-08-28
Firmy a due diligence,Regulace a licencované subjekty,regulators,Kypr,CY,ΓΕΡΗΕΤ — Γραφείο Επιτρόπου Ρυθμίσεως Ηλεκτρονικών Επικοινωνιών,ocecpr.ee.cy,"Národní telekomunikační regulátor. Vede **rejstřík poskytovatelů elektronických komunikací** a přiděluje kmitočty a čísla, takže se z něj dá ověřit, kdo smí provozovat síť nebo službu. Kyperský regulátor dohlíží na telekomunikace i poštovní služby",official,open,none,reference,,,,https://ocecpr.ee.cy/,cy-ocecpr,2026-08-28
Firmy a due diligence,Regulace a licencované subjekty,regulators,Kypr,CY,Υπουργείο Υγείας — φαρμακευτικές υπηρεσίες,gov.cy,"Národní léková agentura. Vede **registr registrovaných léčiv** a povolení k výrobě a distribuci, takže se z ní ověří, jestli firma smí s léky obchodovat a jaké přípravky má schválené. Kyperskou lékovou agendu vedou farmaceutické služby ministerstva zdravotnictví; registr léčiv i ceny jsou veřejné",official,open,search,reference,,,,https://www.gov.cy/moh/,cy-moh,2026-08-28
Firmy a due diligence,Regulace a licencované subjekty,regulators,Kypr,CY,Επίτροπος Προστασίας Δεδομένων,gov.cy,"Dozorový úřad pro ochranu osobních údajů podle GDPR. Zveřejňuje **rozhodnutí a pokuty**, což je u prověřování protistrany konkrétní doklad o tom, jak zachází s daty — a zároveň mez, kterou musí respektovat i rešerše vedená z tohoto katalogu. Kyperský komisař zveřejňuje rozhodnutí i pokyny k jednotlivým odvětvím",official,open,search,reference,,,,https://www.gov.cy/dataprotection/,cy-dataprotection,2026-08-28
Firmy a due diligence,Regulace a licencované subjekty,regulators,Kypr,CY,Επιτροπή Προστασίας του Ανταγωνισμού,competition.gov.cy,"Národní soutěžní úřad. Zveřejňuje **rozhodnutí o kartelech, zneužití dominance a povolených fúzích** — u prověřování protistrany je to doklad o sankcích a zároveň mapa toho, kdo koho v odvětví koupil. Kyperská komise publikuje rozhodnutí i schválené fúze",official,open,search,reference,,,,https://www.competition.gov.cy/,cy-competition,2026-08-28
Firmy a due diligence,Regulace a licencované subjekty,regulators,Kypr,CY,MOKAS,mokas.law.gov.cy,"Finanční zpravodajská jednotka (FIU) podle směrnic proti praní peněz. Přijímá **hlášení podezřelých obchodů** od bank, notářů a dalších povinných osob. Jednotlivá hlášení jsou ze zákona neveřejná — veřejné jsou typologie, výroční zprávy a seznam povinností, které z AML plynou pro firmy. Kyperská MOKAS spadá pod generálního prokurátora. Server má vadný certifikát, obsah se načte",official,open,none,reference,,,,https://mokas.law.gov.cy/,cy-mokas,2026-08-28
Firmy a due diligence,Regulace a licencované subjekty,regulators,Česko,CZ,ČNB — finanční stabilita,cnb.cz,"Zprávy o finanční stabilitě, zátěžové testy a limity úvěrových ukazatelů LTV, DTI a DSTI — makro pohled na trh bydlení",official,open,download,reference,,,,https://www.cnb.cz/cs/financni-stabilita/,cz-cnb-financni-stabilita,2026-08-28
Firmy a due diligence,Regulace a licencované subjekty,regulators,Česko,CZ,ČNB — seznam regulovaných subjektů (JERRS),jerrs.cnb.cz,"Jednotný registr subjektů pod dohledem ČNB — banky, spořitelní družstva, pojišťovny, investiční společnosti a fondy, směnárny, platební instituce a zprostředkovatelé, s rozsahem oprávnění a historií změn. Ke stažení; ověří, jestli protistrana licenci opravdu má",official,open,download,reference,,,,https://jerrs.cnb.cz/apljerrsdad/JERRS.WEB07.INTRO_PAGE,cz-cnb-jerrs,2026-08-28
Firmy a due diligence,Regulace a licencované subjekty,regulators,Česko,CZ,ERÚ — licence v energetice,licence.eru.cz,"Registr licencí Energetického regulačního úřadu — výroba, přenos, distribuce a obchod s elektřinou, plynem a teplem, včetně seznamu provozoven a jejich instalovaného výkonu. U energetických projektů je to veřejný doklad, kdo co smí provozovat a kde",official,open,search,reference,,,,https://licence.eru.cz/,cz-eru-licence,2026-08-28
Firmy a due diligence,Regulace a licencované subjekty,regulators,Česko,CZ,ČTÚ — vyhledávací databáze,ctu.gov.cz,"Veřejné registry Českého telekomunikačního úřadu — evidence podnikatelů v elektronických komunikacích podle všeobecného oprávnění, přidělená čísla a kmitočty, provozovatelé poštovních služeb a schválená zařízení. Odsud se ověří, kdo v Česku smí provozovat síť nebo službu",official,open,search,reference,,,,https://ctu.gov.cz/databaze,cz-ctu-registr,2026-08-28
Firmy a due diligence,Regulace a licencované subjekty,regulators,Česko,CZ,SÚKL — otevřené přehledy,prehledy.sukl.cz,"Data Státního ústavu pro kontrolu léčiv — registrované léčivé přípravky, ceny a úhrady, dodávky do lékáren, hlášení o závadách a distributorské licence. Ke stažení; u firem ve zdravotnictví je to jediný veřejný pohled na objemy jejich produktů",official,open,download,reference,,,,https://prehledy.sukl.cz/,cz-sukl-prehledy,2026-08-28
Firmy a due diligence,Regulace a licencované subjekty,regulators,Česko,CZ,ÚOHS — sbírky rozhodnutí,uohs.gov.cz,"Rozhodnutí Úřadu pro ochranu hospodářské soutěže — kartely a zneužití dominance, spojování soutěžitelů a přezkum veřejných zakázek, s odůvodněním a uloženými pokutami. Sankce za bid rigging nebo kartel je pro prověrku protistrany zásadní údaj a jinde veřejná není",official,open,search,reference,,,,https://uohs.gov.cz/cs/hospodarska-soutez/sbirky-rozhodnuti.html,cz-uohs,2026-08-28
Firmy a due diligence,Regulace a licencované subjekty,regulators,Česko,CZ,Energetický regulační úřad,eru.gov.cz,"Národní energetický regulátor. Schvaluje síťové tarify, vede **registr licencí pro obchod s elektřinou a plynem** a řeší spory se zákazníky. Český ERÚ zveřejňuje licence v otevřeném rejstříku i cenová rozhodnutí a roční zprávy o trhu",official,open,search,reference,,,,https://eru.gov.cz/,cz-eru,2026-08-28
Firmy a due diligence,Regulace a licencované subjekty,regulators,Česko,CZ,Český telekomunikační úřad,ctu.gov.cz,"Národní telekomunikační regulátor. Vede **rejstřík poskytovatelů elektronických komunikací** a přiděluje kmitočty a čísla, takže se z něj dá ověřit, kdo smí provozovat síť nebo službu. ČTÚ zveřejňuje evidenci podnikatelů v elektronických komunikacích, kmitočtové přídělové tabulky a měření pokrytí jako otevřená data",official,open,bulk,reference,,,,https://ctu.gov.cz/,cz-ctu,2026-08-28
Firmy a due diligence,Regulace a licencované subjekty,regulators,Česko,CZ,ÚOOÚ,uoou.gov.cz,"Dozorový úřad pro ochranu osobních údajů podle GDPR. Zveřejňuje **rozhodnutí a pokuty**, což je u prověřování protistrany konkrétní doklad o tom, jak zachází s daty — a zároveň mez, kterou musí respektovat i rešerše vedená z tohoto katalogu. Český úřad publikuje rozhodnutí, výroční zprávy a metodiky; od roku 2023 dohlíží i na neveřejné části registru skutečných majitelů",official,open,search,reference,,,,https://uoou.gov.cz/,cz-uoou,2026-08-28
Firmy a due diligence,Regulace a licencované subjekty,regulators,Česko,CZ,Finanční analytický úřad,fau.gov.cz,"Finanční zpravodajská jednotka (FIU) podle směrnic proti praní peněz. Přijímá **hlášení podezřelých obchodů** od bank, notářů a dalších povinných osob. Jednotlivá hlášení jsou ze zákona neveřejná — veřejné jsou typologie, výroční zprávy a seznam povinností, které z AML plynou pro firmy. Český FAÚ je zároveň dozorem nad **mezinárodními sankcemi** a vede seznam sankcionovaných osob podle českého zákona",official,open,none,reference,,,,https://fau.gov.cz/,cz-fau,2026-08-28
Firmy a due diligence,Regulace a licencované subjekty,regulators,Dánsko,DK,Finanstilsynet,finanstilsynet.dk,"Dánský jednotný finanční dohled — registry licencovaných bank, pojišťoven, fondů a platebních institucí, rozhodnutí, sankce a varování před nelicencovanými subjekty",official,open,download,reference,,,,https://www.finanstilsynet.dk/,dk-finanstilsynet,2026-08-28
Firmy a due diligence,Regulace a licencované subjekty,regulators,Dánsko,DK,Danmarks Nationalbank,nationalbanken.dk,"Dánská centrální banka — statistiky úvěrů, sazeb a platební bilance s datovým rozhraním a zprávy o finanční stabilitě. Dohled vykonává Finanstilsynet",official,open,api,reference,,,,https://www.nationalbanken.dk/,dk-nationalbanken,2026-08-28
Firmy a due diligence,Regulace a licencované subjekty,regulators,Dánsko,DK,Skattestyrelsen,skat.dk,"Národní daňová správa. Pro due diligence je podstatné, že vede veřejné ověření plátce DPH a zveřejňuje seznamy nespolehlivých či dlužících subjektů. Dánská daňová správa napojuje ověření na obchodní rejstřík CVR a firemní údaje se dohledávají pod stejným číslem",official,open,search,reference,,,,https://skat.dk/,dk-skat,2026-08-28
Firmy a due diligence,Regulace a licencované subjekty,regulators,Dánsko,DK,Forsyningstilsynet,forsyningstilsynet.dk,"Národní energetický regulátor. Schvaluje síťové tarify, vede **registr licencí pro obchod s elektřinou a plynem** a řeší spory se zákazníky. Dánský dozor pokrývá elektřinu, plyn i teplo a publikuje cenové statistiky jako otevřená data",official,open,none,reference,,,,https://forsyningstilsynet.dk/,dk-forsyningstilsynet,2026-08-28
Firmy a due diligence,Regulace a licencované subjekty,regulators,Dánsko,DK,Energistyrelsen — telekomunikace,ens.dk,"Národní telekomunikační regulátor. Vede **rejstřík poskytovatelů elektronických komunikací** a přiděluje kmitočty a čísla, takže se z něj dá ověřit, kdo smí provozovat síť nebo službu. Dánsko sloučilo telekomunikační regulaci s energetickou agenturou; ta vede registr operátorů i statistiky trhu",official,open,none,reference,,,,https://www.ens.dk/,dk-ens,2026-08-28
Firmy a due diligence,Regulace a licencované subjekty,regulators,Dánsko,DK,Lægemiddelstyrelsen,laegemiddelstyrelsen.dk,"Národní léková agentura. Vede **registr registrovaných léčiv** a povolení k výrobě a distribuci, takže se z ní ověří, jestli firma smí s léky obchodovat a jaké přípravky má schválené. Dánská agentura publikuje registr léčiv a **statistiky spotřeby léků** jako otevřená data přes medstat.dk",official,open,bulk,reference,,,,https://laegemiddelstyrelsen.dk/,dk-lms,2026-08-28
Firmy a due diligence,Regulace a licencované subjekty,regulators,Dánsko,DK,Datatilsynet,datatilsynet.dk,"Dozorový úřad pro ochranu osobních údajů podle GDPR. Zveřejňuje **rozhodnutí a pokuty**, což je u prověřování protistrany konkrétní doklad o tom, jak zachází s daty — a zároveň mez, kterou musí respektovat i rešerše vedená z tohoto katalogu. Dánský úřad publikuje rozhodnutí i praktické návody a rozhoduje o oznámeních porušení zabezpečení",official,open,search,reference,,,,https://www.datatilsynet.dk/,dk-datatilsynet,2026-08-28
Firmy a due diligence,Regulace a licencované subjekty,regulators,Dánsko,DK,Konkurrence- og Forbrugerstyrelsen,kfst.dk,"Národní soutěžní úřad. Zveřejňuje **rozhodnutí o kartelech, zneužití dominance a povolených fúzích** — u prověřování protistrany je to doklad o sankcích a zároveň mapa toho, kdo koho v odvětví koupil. Dánský úřad spojuje ochranu soutěže s ochranou spotřebitele a publikuje i analýzy jednotlivých trhů",official,open,search,reference,,,,https://www.kfst.dk/,dk-kfst,2026-08-28
Firmy a due diligence,Regulace a licencované subjekty,regulators,Dánsko,DK,Hvidvasksekretariatet,hvidvask.dk,"Finanční zpravodajská jednotka (FIU) podle směrnic proti praní peněz. Přijímá **hlášení podezřelých obchodů** od bank, notářů a dalších povinných osob. Jednotlivá hlášení jsou ze zákona neveřejná — veřejné jsou typologie, výroční zprávy a seznam povinností, které z AML plynou pro firmy. Dánský sekretariát je součástí SØIK a publikuje typologie i statistiky hlášení",official,open,none,reference,,,,https://hvidvask.dk/,dk-hvidvask,2026-08-28
Firmy a due diligence,Regulace a licencované subjekty,regulators,Estonsko,EE,Finantsinspektsioon,fi.ee,"Estonský jednotný finanční dohled — registry licencovaných bank, pojišťoven, fondů a platebních institucí, sankce a varování před nelicencovanými subjekty",official,open,search,reference,,,,https://www.fi.ee/,ee-fi,2026-08-28
Firmy a due diligence,Regulace a licencované subjekty,regulators,Estonsko,EE,Eesti Pank,eestipank.ee,"Estonská centrální banka — statistiky úvěrů, platební bilance a finanční stability s datovým rozhraním. Dohled vykonává Finantsinspektsioon",official,open,api,reference,,,,https://www.eestipank.ee/,ee-eestipank,2026-08-28
Firmy a due diligence,Regulace a licencované subjekty,regulators,Estonsko,EE,EMTA — Maksu- ja Tolliamet,emta.ee,"Národní daňová správa. Pro due diligence je podstatné, že vede veřejné ověření plátce DPH a zveřejňuje seznamy nespolehlivých či dlužících subjektů. Estonská daňová a celní správa zveřejňuje **daňové dluhy firem, obraty a počty zaměstnanců po čtvrtletích** jako otevřená data — v EU výjimečná míra transparentnosti, která z ní dělá nejrychlejší nástroj na prověření estonského partnera",official,open,bulk,reference,,,,https://www.emta.ee/,ee-emta,2026-08-28
Firmy a due diligence,Regulace a licencované subjekty,regulators,Estonsko,EE,Konkurentsiamet,konkurentsiamet.ee,"Národní energetický regulátor. Schvaluje síťové tarify, vede **registr licencí pro obchod s elektřinou a plynem** a řeší spory se zákazníky. Estonsko sloučilo energetickou regulaci s úřadem pro ochranu hospodářské soutěže, takže jeden úřad řeší kartely i síťové tarify",official,open,none,reference,,,,https://www.konkurentsiamet.ee/,ee-konkurentsiamet,2026-08-28
Firmy a due diligence,Regulace a licencované subjekty,regulators,Estonsko,EE,TTJA — Tarbijakaitse ja Tehnilise Järelevalve Amet,ttja.ee,"Národní telekomunikační regulátor. Vede **rejstřík poskytovatelů elektronických komunikací** a přiděluje kmitočty a čísla, takže se z něj dá ověřit, kdo smí provozovat síť nebo službu. Estonský úřad spojuje ochranu spotřebitele s technickým dozorem nad telekomunikacemi, energetikou a dopravou",official,open,none,reference,,,,https://ttja.ee/,ee-ttja,2026-08-28
Firmy a due diligence,Regulace a licencované subjekty,regulators,Estonsko,EE,Ravimiamet,ravimiamet.ee,"Národní léková agentura. Vede **registr registrovaných léčiv** a povolení k výrobě a distribuci, takže se z ní ověří, jestli firma smí s léky obchodovat a jaké přípravky má schválené. Estonská agentura vede registr léčiv a povolení a zveřejňuje statistiky spotřeby v otevřených formátech",official,open,search,reference,,,,https://ravimiamet.ee/,ee-ravimiamet,2026-08-28
Firmy a due diligence,Regulace a licencované subjekty,regulators,Estonsko,EE,Andmekaitse Inspektsioon,aki.ee,"Dozorový úřad pro ochranu osobních údajů podle GDPR. Zveřejňuje **rozhodnutí a pokuty**, což je u prověřování protistrany konkrétní doklad o tom, jak zachází s daty — a zároveň mez, kterou musí respektovat i rešerše vedená z tohoto katalogu. Estonský inspektorát dohlíží kromě GDPR i na **přístup k informacím** — obě agendy vede jeden úřad",official,open,search,reference,,,,https://www.aki.ee/,ee-aki,2026-08-28
Firmy a due diligence,Regulace a licencované subjekty,regulators,Estonsko,EE,Rahapesu andmebüroo,fiu.ee,"Finanční zpravodajská jednotka (FIU) podle směrnic proti praní peněz. Přijímá **hlášení podezřelých obchodů** od bank, notářů a dalších povinných osob. Jednotlivá hlášení jsou ze zákona neveřejná — veřejné jsou typologie, výroční zprávy a seznam povinností, které z AML plynou pro firmy. Estonská jednotka je od roku 2021 samostatná a **vede licencování poskytovatelů služeb s virtuálními aktivy** — po kryptoboomu klíčový registr",official,open,search,reference,,,,https://fiu.ee/,ee-fiu,2026-08-28
Firmy a due diligence,Regulace a licencované subjekty,regulators,Finsko,FI,Finanssivalvonta (FIN-FSA),finanssivalvonta.fi,"Finský jednotný finanční dohled — registry licencovaných bank, pojišťoven, fondů a platebních institucí, sankce a varování před nelicencovanými subjekty",official,open,search,reference,,,,https://www.finanssivalvonta.fi/,fi-finanssivalvonta,2026-08-28
Firmy a due diligence,Regulace a licencované subjekty,regulators,Finsko,FI,Verohallinto,vero.fi,"Národní daňová správa. Pro due diligence je podstatné, že vede veřejné ověření plátce DPH a zveřejňuje seznamy nespolehlivých či dlužících subjektů. Finská daňová správa provozuje veřejnou službu Yritys- ja yhteisötietojärjestelmä s daňovými registracemi firem a zveřejňuje i daňové dluhy",official,open,search,reference,,,,https://www.vero.fi/,fi-vero,2026-08-28
Firmy a due diligence,Regulace a licencované subjekty,regulators,Finsko,FI,Energiavirasto,energiavirasto.fi,"Národní energetický regulátor. Schvaluje síťové tarify, vede **registr licencí pro obchod s elektřinou a plynem** a řeší spory se zákazníky. Finský energetický úřad spravuje také registr záruk původu a systém emisních povolenek",official,open,none,reference,,,,https://energiavirasto.fi/etusivu,fi-energiavirasto,2026-08-28
Firmy a due diligence,Regulace a licencované subjekty,regulators,Finsko,FI,Fimea,fimea.fi,"Národní léková agentura. Vede **registr registrovaných léčiv** a povolení k výrobě a distribuci, takže se z ní ověří, jestli firma smí s léky obchodovat a jaké přípravky má schválené. Finská Fimea vede registr léčiv i lékáren a publikuje statistiky spotřeby",official,open,search,reference,,,,https://fimea.fi/etusivu,fi-fimea,2026-08-28
Firmy a due diligence,Regulace a licencované subjekty,regulators,Finsko,FI,Tietosuojavaltuutetun toimisto,tietosuoja.fi,"Dozorový úřad pro ochranu osobních údajů podle GDPR. Zveřejňuje **rozhodnutí a pokuty**, což je u prověřování protistrany konkrétní doklad o tom, jak zachází s daty — a zároveň mez, kterou musí respektovat i rešerše vedená z tohoto katalogu. Finský úřad zveřejňuje rozhodnutí sankční komise a výkladová stanoviska",official,open,search,reference,,,,https://tietosuoja.fi/etusivu,fi-tietosuoja,2026-08-28
Firmy a due diligence,Regulace a licencované subjekty,regulators,Finsko,FI,KKV — Kilpailu- ja kuluttajavirasto,kkv.fi,"Národní soutěžní úřad. Zveřejňuje **rozhodnutí o kartelech, zneužití dominance a povolených fúzích** — u prověřování protistrany je to doklad o sankcích a zároveň mapa toho, kdo koho v odvětví koupil. Finský KKV řeší soutěž i spotřebitelské spory a dohlíží na veřejné podniky konkurující soukromým",official,open,search,reference,,,,https://www.kkv.fi/,fi-kkv,2026-08-28
Firmy a due diligence,Regulace a licencované subjekty,regulators,Finsko,FI,Rahanpesun selvittelykeskus,poliisi.fi,"Finanční zpravodajská jednotka (FIU) podle směrnic proti praní peněz. Přijímá **hlášení podezřelých obchodů** od bank, notářů a dalších povinných osob. Jednotlivá hlášení jsou ze zákona neveřejná — veřejné jsou typologie, výroční zprávy a seznam povinností, které z AML plynou pro firmy. Finská jednotka je součástí Národního vyšetřovacího úřadu a smí dočasně zmrazit podezřelé transakce",official,open,none,reference,,,,https://poliisi.fi/rahanpesu,fi-rahanpesu,2026-08-28
Firmy a due diligence,Regulace a licencované subjekty,regulators,Francie,FR,REGAFI — registr finančních subjektů,regafi.fr,"Registr subjektů oprávněných poskytovat bankovní a platební služby ve Francii, vedený ACPR — banky, platební a e-money instituce, včetně přeshraničně působících. Ověří, jestli protistrana licenci opravdu má",official,open,download,reference,,,,https://www.regafi.fr/,fr-regafi,2026-08-28
Firmy a due diligence,Regulace a licencované subjekty,regulators,Francie,FR,ACPR — Banque de France,acpr.banque-france.fr,"Francouzský obezřetnostní dohled nad bankami a pojišťovnami — rozhodnutí a sankce, seznamy dohlížených subjektů a veřejná varování před nelicencovanými nabídkami. Registr subjektů samotný je REGAFI a Refassu",official,open,download,reference,,,,https://acpr.banque-france.fr/,fr-acpr,2026-08-28
Firmy a due diligence,Regulace a licencované subjekty,regulators,Francie,FR,AMF — Autorité des marchés financiers,amf-france.org,"Francouzský dohled nad kapitálovým trhem — registr GECO se správci fondů a poradci, schválené prospekty, sankce a černá listina neoprávněných nabídek. Doplněk k ACPR, který řeší banky a pojišťovny",official,open,search,reference,,,,https://www.amf-france.org/,fr-amf,2026-08-28
Firmy a due diligence,Regulace a licencované subjekty,regulators,Francie,FR,impots.gouv.fr,impots.gouv.fr,"Národní daňová správa. Pro due diligence je podstatné, že vede veřejné ověření plátce DPH a zveřejňuje seznamy nespolehlivých či dlužících subjektů. Francouzská daňová správa nabízí ověření DIČ a přístup k daňovým údajům o nemovitostech; hodnoty transakcí publikuje jako otevřená data DVF",official,open,none,reference,,,,https://www.impots.gouv.fr/,fr-impots,2026-08-28
Firmy a due diligence,Regulace a licencované subjekty,regulators,Francie,FR,CRE — Commission de régulation de l'énergie,cre.fr,"Národní energetický regulátor. Schvaluje síťové tarify, vede **registr licencí pro obchod s elektřinou a plynem** a řeší spory se zákazníky. Francouzská CRE publikuje rozhodnutí o tarifech a analýzy velkoobchodního trhu. Na automat vrací 403, v prohlížeči funguje",official,open,none,reference,,,,https://www.cre.fr/,fr-cre,2026-08-28
Firmy a due diligence,Regulace a licencované subjekty,regulators,Francie,FR,ARCEP,arcep.fr,"Národní telekomunikační regulátor. Vede **rejstřík poskytovatelů elektronických komunikací** a přiděluje kmitočty a čísla, takže se z něj dá ověřit, kdo smí provozovat síť nebo službu. Francouzský ARCEP publikuje **otevřená data o pokrytí a kvalitě mobilních sítí** až na úroveň obcí, včetně nezávislých měření",official,open,bulk,reference,,,,https://www.arcep.fr/,fr-arcep,2026-08-28
Firmy a due diligence,Regulace a licencované subjekty,regulators,Francie,FR,ANSM,ansm.sante.fr,"Národní léková agentura. Vede **registr registrovaných léčiv** a povolení k výrobě a distribuci, takže se z ní ověří, jestli firma smí s léky obchodovat a jaké přípravky má schválené. Francouzská ANSM zveřejňuje **databázi léčiv, nedostupností a bezpečnostních upozornění**; k tomu vede Transparence Santé s platbami farmaceutických firem lékařům",official,open,search,reference,,,,https://ansm.sante.fr/,fr-ansm,2026-08-28
Firmy a due diligence,Regulace a licencované subjekty,regulators,Francie,FR,CNIL,cnil.fr,"Dozorový úřad pro ochranu osobních údajů podle GDPR. Zveřejňuje **rozhodnutí a pokuty**, což je u prověřování protistrany konkrétní doklad o tom, jak zachází s daty — a zároveň mez, kterou musí respektovat i rešerše vedená z tohoto katalogu. Francouzská CNIL je nejstarší dozorový úřad v Evropě a publikuje **otevřená data o svých sankcích a kontrolách** i podrobné metodiky pro jednotlivé sektory",official,open,bulk,reference,,,,https://www.cnil.fr/,fr-cnil,2026-08-28
Firmy a due diligence,Regulace a licencované subjekty,regulators,Francie,FR,Autorité de la concurrence,autoritedelaconcurrence.fr,"Národní soutěžní úřad. Zveřejňuje **rozhodnutí o kartelech, zneužití dominance a povolených fúzích** — u prověřování protistrany je to doklad o sankcích a zároveň mapa toho, kdo koho v odvětví koupil. Francouzský úřad publikuje rozhodnutí, stanoviska k odvětvím a **otevřená data o schválených fúzích**",official,open,bulk,reference,,,,https://www.autoritedelaconcurrence.fr/,fr-adlc,2026-08-28
Firmy a due diligence,Regulace a licencované subjekty,regulators,Francie,FR,TRACFIN,economie.gouv.fr,"Finanční zpravodajská jednotka (FIU) podle směrnic proti praní peněz. Přijímá **hlášení podezřelých obchodů** od bank, notářů a dalších povinných osob. Jednotlivá hlášení jsou ze zákona neveřejná — veřejné jsou typologie, výroční zprávy a seznam povinností, které z AML plynou pro firmy. Francouzský TRACFIN spadá pod ministerstvo financí a publikuje podrobné výroční analýzy typologií. Na automat vrací 403, v prohlížeči funguje",official,open,none,reference,,,,https://www.economie.gouv.fr/tracfin,fr-tracfin,2026-08-28
Firmy a due diligence,Regulace a licencované subjekty,regulators,Německo,DE,BaFin — databáze institucí,portal.mvp.bafin.de,"Vyhledávání v registrech německého finančního dohledu — banky, pojišťovny, investiční firmy, platební instituce a fondy s rozsahem povolení a identifikátory. Vedle toho BaFin vydává veřejná varování před subjekty bez licence",official,open,search,reference,,,,https://portal.mvp.bafin.de/database/InstInfo/,de-bafin-datenbank,2026-08-28
Firmy a due diligence,Regulace a licencované subjekty,regulators,Německo,DE,Deutsche Bundesbank,bundesbank.de,"Německá centrální banka — časové řady k úvěrům, sazbám, platební bilanci a cenám nemovitostí, s vlastním datovým rozhraním, a spolu s BaFin dohled nad bankami. Doplňuje BaFin o čísla, ne o licence",official,open,api,reference,,,,https://www.bundesbank.de/de,de-bundesbank,2026-08-28
Firmy a due diligence,Regulace a licencované subjekty,regulators,Německo,DE,Wettbewerbsregister,bundeskartellamt.de,"Registr firem vyloučených ze zadávacích řízení kvůli hospodářským deliktům, vedený Bundeskartellamtem. Dotaz smí podat jen zadavatel — veřejnosti přístupný není, což je pro prověrku dodavatele podstatné omezení. Stránka vysvětluje rozsah a podmínky",official,restricted,none,reference,,,,https://www.bundeskartellamt.de/DE/Aufgaben/Wettbewerbsregister/wettbewerbsregister_node.html,de-wettbewerbsregister,2026-08-28
Firmy a due diligence,Regulace a licencované subjekty,regulators,Německo,DE,Marktstammdatenregister,marktstammdatenregister.de,"Registr všech účastníků německého energetického trhu — každá elektrárna, fotovoltaika, větrník i baterie s výkonem, lokalizací, provozovatelem a datem uvedení do provozu, ke stažení. Nejpodrobnější veřejná databáze energetických zařízení v Evropě",official,open,bulk,reference,,,,https://www.marktstammdatenregister.de/MaStR,de-marktstammdatenregister,2026-08-28
Firmy a due diligence,Regulace a licencované subjekty,regulators,Německo,DE,BZSt — Bundeszentralamt für Steuern,bzst.de,"Národní daňová správa. Pro due diligence je podstatné, že vede veřejné ověření plátce DPH a zveřejňuje seznamy nespolehlivých či dlužících subjektů. Německý spolkový daňový úřad provozuje ověření DIČ pro plátce z EU a vede centrální evidenci daňových identifikačních čísel. Kořen webu odpovídá na HEAD chybou 400, prohlížeč i běžné stažení projdou",official,open,search,reference,,,,https://www.bzst.de/,de-bzst,2026-08-28
Firmy a due diligence,Regulace a licencované subjekty,regulators,Německo,DE,Bundesnetzagentur,bundesnetzagentur.de,"Národní energetický regulátor. Schvaluje síťové tarify, vede **registr licencí pro obchod s elektřinou a plynem** a řeší spory se zákazníky. Německá agentura reguluje energetiku, telekomunikace, poštu i železnici. Provozuje **Marktstammdatenregister** se všemi výrobnami elektřiny v zemi, od velkých elektráren po střešní fotovoltaiku",official,open,bulk,reference,,,,https://www.bundesnetzagentur.de/,de-bnetza,2026-08-28
Firmy a due diligence,Regulace a licencované subjekty,regulators,Německo,DE,BfArM,bfarm.de,"Národní léková agentura. Vede **registr registrovaných léčiv** a povolení k výrobě a distribuci, takže se z ní ověří, jestli firma smí s léky obchodovat a jaké přípravky má schválené. Německý BfArM zveřejňuje **AMIce** s registrem léčiv, databázi klinických hodnocení a od roku 2017 i registr konopí pro léčebné použití",official,open,bulk,reference,,,,https://www.bfarm.de/,de-bfarm,2026-08-28
Firmy a due diligence,Regulace a licencované subjekty,regulators,Německo,DE,BfDI,bfdi.bund.de,"Dozorový úřad pro ochranu osobních údajů podle GDPR. Zveřejňuje **rozhodnutí a pokuty**, což je u prověřování protistrany konkrétní doklad o tom, jak zachází s daty — a zároveň mez, kterou musí respektovat i rešerše vedená z tohoto katalogu. Německý spolkový pověřenec dohlíží na federální úřady a telekomunikace; soukromý sektor spadá pod dozorové úřady jednotlivých spolkových zemí",official,open,search,reference,,,,https://www.bfdi.bund.de/,de-bfdi,2026-08-28
Firmy a due diligence,Regulace a licencované subjekty,regulators,Německo,DE,FIU Deutschland (Zoll),zoll.de,"Finanční zpravodajská jednotka (FIU) podle směrnic proti praní peněz. Přijímá **hlášení podezřelých obchodů** od bank, notářů a dalších povinných osob. Jednotlivá hlášení jsou ze zákona neveřejná — veřejné jsou typologie, výroční zprávy a seznam povinností, které z AML plynou pro firmy. Německá FIU je od roku 2017 součástí celní správy, ne policie",official,open,none,reference,,,,https://www.zoll.de/DE/FIU/fiu_node.html,de-fiu,2026-08-28
Firmy a due diligence,Regulace a licencované subjekty,regulators,Řecko,GR,Τράπεζα της Ελλάδος,bankofgreece.gr,"Řecká centrální banka — registr licencovaných bank, platebních institucí a pojišťoven, statistická databáze a zprávy o finanční stabilitě. Pojišťovnictví spadá v Řecku pod centrální banku. Na automat vrací 403",official,open,api,reference,,,,https://www.bankofgreece.gr/,gr-bankofgreece,2026-08-28
Firmy a due diligence,Regulace a licencované subjekty,regulators,Řecko,GR,ΑΑΔΕ — Ανεξάρτητη Αρχή Δημοσίων Εσόδων,aade.gr,"Národní daňová správa. Pro due diligence je podstatné, že vede veřejné ověření plátce DPH a zveřejňuje seznamy nespolehlivých či dlužících subjektů. Řecká nezávislá daňová správa provozuje ověření ΑΦΜ a registr plátců DPH. Na automat vrací 403, v prohlížeči funguje",official,open,search,reference,,,,https://www.aade.gr/,gr-aade,2026-08-28
Firmy a due diligence,Regulace a licencované subjekty,regulators,Řecko,GR,ΡΑΑΕΥ,raaey.gr,"Národní energetický regulátor. Schvaluje síťové tarify, vede **registr licencí pro obchod s elektřinou a plynem** a řeší spory se zákazníky. Řecký regulátor byl v roce 2023 rozšířen o vodu a odpady, proto se z RAE přejmenoval na RAAEY",official,open,none,reference,,,,https://www.raaey.gr/,gr-raaey,2026-08-28
Firmy a due diligence,Regulace a licencované subjekty,regulators,Řecko,GR,ΕΕΤΤ,eett.gr,"Národní telekomunikační regulátor. Vede **rejstřík poskytovatelů elektronických komunikací** a přiděluje kmitočty a čísla, takže se z něj dá ověřit, kdo smí provozovat síť nebo službu. Řecký regulátor dohlíží i na poštovní trh a vede registr domén .gr",official,open,search,reference,,,,https://www.eett.gr/,gr-eett,2026-08-28
Firmy a due diligence,Regulace a licencované subjekty,regulators,Řecko,GR,ΕΟΦ — Εθνικός Οργανισμός Φαρμάκων,eof.gr,"Národní léková agentura. Vede **registr registrovaných léčiv** a povolení k výrobě a distribuci, takže se z ní ověří, jestli firma smí s léky obchodovat a jaké přípravky má schválené. Řecký EOF vede registr léčiv, cen a povolených distributorů",official,open,search,reference,,,,https://www.eof.gr/,gr-eof,2026-08-28
Firmy a due diligence,Regulace a licencované subjekty,regulators,Řecko,GR,Αρχή Προστασίας Δεδομένων Προσωπικού Χαρακτήρα,dpa.gr,"Dozorový úřad pro ochranu osobních údajů podle GDPR. Zveřejňuje **rozhodnutí a pokuty**, což je u prověřování protistrany konkrétní doklad o tom, jak zachází s daty — a zároveň mez, kterou musí respektovat i rešerše vedená z tohoto katalogu. Řecký úřad zveřejňuje rozhodnutí i stanoviska k dohledu na pracovišti a kamerovým systémům",official,open,search,reference,,,,https://www.dpa.gr/,gr-dpa,2026-08-28
Firmy a due diligence,Regulace a licencované subjekty,regulators,Řecko,GR,Επιτροπή Ανταγωνισμού,epant.gr,"Národní soutěžní úřad. Zveřejňuje **rozhodnutí o kartelech, zneužití dominance a povolených fúzích** — u prověřování protistrany je to doklad o sankcích a zároveň mapa toho, kdo koho v odvětví koupil. Řecká komise publikuje rozhodnutí i odvětvová šetření",official,open,search,reference,,,,https://www.epant.gr/,gr-epant,2026-08-28
Firmy a due diligence,Regulace a licencované subjekty,regulators,Řecko,GR,Ελληνική Αρχή Καταπολέμησης της Νομιμοποίησης Εσόδων,hellenic-fiu.gr,"Finanční zpravodajská jednotka (FIU) podle směrnic proti praní peněz. Přijímá **hlášení podezřelých obchodů** od bank, notářů a dalších povinných osob. Jednotlivá hlášení jsou ze zákona neveřejná — veřejné jsou typologie, výroční zprávy a seznam povinností, které z AML plynou pro firmy. Řecká jednotka smí sama nařídit zmrazení majetku. Server má vadný certifikát, obsah se načte",official,open,none,reference,,,,https://hellenic-fiu.gr/,gr-fiu,2026-08-28
Firmy a due diligence,Regulace a licencované subjekty,regulators,Maďarsko,HU,MNB — Magyar Nemzeti Bank,mnb.hu,"Maďarská národní banka jako jednotný dohled nad celým finančním trhem — statistiky, rozhodnutí a sankce, varování před nelicencovanými subjekty. Registr dohlížených institucí je na intezmenykereso.mnb.hu",official,open,api,reference,,,,https://www.mnb.hu/,hu-mnb,2026-08-28
Firmy a due diligence,Regulace a licencované subjekty,regulators,Maďarsko,HU,MNB — vyhledávač institucí,intezmenykereso.mnb.hu,"Registr subjektů pod dohledem MNB — banky, pojišťovny, fondy, platební instituce a zprostředkovatelé, s rozsahem oprávnění a historií. Ověří licenci maďarské protistrany",official,open,search,reference,,,,https://intezmenykereso.mnb.hu/,hu-intezmenykereso,2026-08-28
Firmy a due diligence,Regulace a licencované subjekty,regulators,Maďarsko,HU,GVH — soutěžní úřad,gvh.hu,"Maďarský úřad pro hospodářskou soutěž — rozhodnutí o kartelech, zneužití dominance a spojování podniků, uložené pokuty a řízení o klamavé reklamě. Sankce za soutěžní delikt je pro prověrku podstatný údaj",official,open,search,reference,,,,https://www.gvh.hu/,hu-gvh,2026-08-28
Firmy a due diligence,Regulace a licencované subjekty,regulators,Maďarsko,HU,NAV — Nemzeti Adó- és Vámhivatal,nav.gov.hu,"Národní daňová správa. Pro due diligence je podstatné, že vede veřejné ověření plátce DPH a zveřejňuje seznamy nespolehlivých či dlužících subjektů. Maďarská NAV zveřejňuje databáze plátců DPH, daňových dlužníků a subjektů s odebraným daňovým číslem — všechny jsou volně prohledávatelné",official,open,search,reference,,,,https://nav.gov.hu/,hu-nav,2026-08-28
Firmy a due diligence,Regulace a licencované subjekty,regulators,Maďarsko,HU,NMHH — Nemzeti Média- és Hírközlési Hatóság,nmhh.hu,"Národní telekomunikační regulátor. Vede **rejstřík poskytovatelů elektronických komunikací** a přiděluje kmitočty a čísla, takže se z něj dá ověřit, kdo smí provozovat síť nebo službu. Maďarský úřad spojuje telekomunikační a mediální regulaci v jednom, což je v EU neobvyklé; vede i registr médií",official,open,search,reference,,,,https://nmhh.hu/,hu-nmhh,2026-08-28
Firmy a due diligence,Regulace a licencované subjekty,regulators,Maďarsko,HU,OGYÉI,ogyei.gov.hu,"Národní léková agentura. Vede **registr registrovaných léčiv** a povolení k výrobě a distribuci, takže se z ní ověří, jestli firma smí s léky obchodovat a jaké přípravky má schválené. Maďarský úřad vede registr léčiv, zdravotnických prostředků a lékáren",official,open,search,reference,,,,https://ogyei.gov.hu/,hu-ogyei,2026-08-28
Firmy a due diligence,Regulace a licencované subjekty,regulators,Maďarsko,HU,NAIH,naih.hu,"Dozorový úřad pro ochranu osobních údajů podle GDPR. Zveřejňuje **rozhodnutí a pokuty**, což je u prověřování protistrany konkrétní doklad o tom, jak zachází s daty — a zároveň mez, kterou musí respektovat i rešerše vedená z tohoto katalogu. Maďarský NAIH dohlíží současně na ochranu údajů i na **svobodný přístup k informacím**, a rozhoduje tedy i spory o poskytnutí dokumentů",official,open,search,reference,,,,https://naih.hu/,hu-naih,2026-08-28
Firmy a due diligence,Regulace a licencované subjekty,regulators,Maďarsko,HU,NAV — Pénzmosás elleni Iroda,nav.gov.hu,"Finanční zpravodajská jednotka (FIU) podle směrnic proti praní peněz. Přijímá **hlášení podezřelých obchodů** od bank, notářů a dalších povinných osob. Jednotlivá hlášení jsou ze zákona neveřejná — veřejné jsou typologie, výroční zprávy a seznam povinností, které z AML plynou pro firmy. Maďarská jednotka je součástí daňové a celní správy",official,open,none,reference,,,,https://nav.gov.hu/penzmosas,hu-nav-fiu,2026-08-28
Firmy a due diligence,Regulace a licencované subjekty,regulators,Irsko,IE,Central Bank of Ireland,centralbank.ie,"Irská centrální banka jako jednotný dohled — **registry licencovaných bank, pojišťoven, fondů, platebních institucí a zprostředkovatelů ke stažení**, sankce a varování. Irsko hostí velké množství fondů a přeshraničních subjektů, takže je tenhle registr v prověrkách často potřeba",official,open,bulk,reference,,,,https://www.centralbank.ie/,ie-centralbank,2026-08-28
Firmy a due diligence,Regulace a licencované subjekty,regulators,Irsko,IE,Revenue Commissioners,revenue.ie,"Národní daňová správa. Pro due diligence je podstatné, že vede veřejné ověření plátce DPH a zveřejňuje seznamy nespolehlivých či dlužících subjektů. Irská Revenue zveřejňuje čtvrtletní **seznam daňových úniků a pokut** (Tax Defaulters List), který je pro prověření protistrany často zajímavější než rejstříkový výpis",official,open,search,reference,,,,https://www.revenue.ie/,ie-revenue,2026-08-28
Firmy a due diligence,Regulace a licencované subjekty,regulators,Irsko,IE,CRU — Commission for Regulation of Utilities,cru.ie,"Národní energetický regulátor. Schvaluje síťové tarify, vede **registr licencí pro obchod s elektřinou a plynem** a řeší spory se zákazníky. Irská CRU reguluje energetiku i vodárenství a zveřejňuje seznam registrovaných dodavatelů",official,open,none,reference,,,,https://www.cru.ie/,ie-cru,2026-08-28
Firmy a due diligence,Regulace a licencované subjekty,regulators,Irsko,IE,ComReg,comreg.ie,"Národní telekomunikační regulátor. Vede **rejstřík poskytovatelů elektronických komunikací** a přiděluje kmitočty a čísla, takže se z něj dá ověřit, kdo smí provozovat síť nebo službu. Irský ComReg publikuje čtvrtletní data o trhu a mapy pokrytí; vede také registr prémiových čísel a poštovních operátorů",official,open,bulk,reference,,,,https://www.comreg.ie/,ie-comreg,2026-08-28
Firmy a due diligence,Regulace a licencované subjekty,regulators,Irsko,IE,HPRA — Health Products Regulatory Authority,hpra.ie,"Národní léková agentura. Vede **registr registrovaných léčiv** a povolení k výrobě a distribuci, takže se z ní ověří, jestli firma smí s léky obchodovat a jaké přípravky má schválené. Irská HPRA reguluje léčiva, zdravotnické prostředky i kosmetiku a zveřejňuje seznam držitelů licencí",official,open,search,reference,,,,https://www.hpra.ie/,ie-hpra,2026-08-28
Firmy a due diligence,Regulace a licencované subjekty,regulators,Irsko,IE,Data Protection Commission,dataprotection.ie,"Dozorový úřad pro ochranu osobních údajů podle GDPR. Zveřejňuje **rozhodnutí a pokuty**, což je u prověřování protistrany konkrétní doklad o tom, jak zachází s daty — a zároveň mez, kterou musí respektovat i rešerše vedená z tohoto katalogu. Irská DPC je hlavním dozorem pro většinu velkých technologických firem, které mají v Irsku evropské sídlo — její rozhodnutí mají dopad na celou EU",official,open,search,reference,,,,https://www.dataprotection.ie/,ie-dpc,2026-08-28
Firmy a due diligence,Regulace a licencované subjekty,regulators,Irsko,IE,CCPC — Competition and Consumer Protection Commission,ccpc.ie,"Národní soutěžní úřad. Zveřejňuje **rozhodnutí o kartelech, zneužití dominance a povolených fúzích** — u prověřování protistrany je to doklad o sankcích a zároveň mapa toho, kdo koho v odvětví koupil. Irská CCPC spojuje soutěž s ochranou spotřebitele a vede **veřejný registr oznámených fúzí** s termíny a výsledky",official,open,search,reference,,,,https://www.ccpc.ie/,ie-ccpc,2026-08-28
Firmy a due diligence,Regulace a licencované subjekty,regulators,Irsko,IE,Garda National Economic Crime Bureau,garda.ie,"Finanční zpravodajská jednotka (FIU) podle směrnic proti praní peněz. Přijímá **hlášení podezřelých obchodů** od bank, notářů a dalších povinných osob. Jednotlivá hlášení jsou ze zákona neveřejná — veřejné jsou typologie, výroční zprávy a seznam povinností, které z AML plynou pro firmy. Irská FIU je součástí policejního útvaru pro hospodářskou kriminalitu",official,open,none,reference,,,,https://www.garda.ie/en/about-us/organised-serious-crime/garda-national-economic-crime-bureau/,ie-gneb,2026-08-28
Firmy a due diligence,Regulace a licencované subjekty,regulators,Itálie,IT,Banca d'Italia,bancaditalia.it,"Italská centrální banka — registry licencovaných bank, platebních institucí a zprostředkovatelů, statistická databáze a Centrale dei Rischi. Vydává i varování před nelicencovanými subjekty",official,open,api,reference,,,,https://www.bancaditalia.it/,it-bancaditalia,2026-08-28
Firmy a due diligence,Regulace a licencované subjekty,regulators,Itálie,IT,CONSOB,consob.it,"Italský dohled nad kapitálovým trhem — registry investičních firem a poradců, významné podíly v kótovaných společnostech, prospekty a **černá listina neoprávněných nabídek**. Server má bot management",official,open,search,reference,,,,https://www.consob.it/,it-consob,2026-08-28
Firmy a due diligence,Regulace a licencované subjekty,regulators,Itálie,IT,IVASS,ivass.it,"Italský dohled nad pojišťovnictvím — registr pojišťoven a zprostředkovatelů (RUI), statistiky trhu a varování před nelegálními pojistiteli. Ověří, jestli italský zprostředkovatel smí pojištění nabízet",official,open,search,reference,,,,https://www.ivass.it/,it-ivass,2026-08-28
Firmy a due diligence,Regulace a licencované subjekty,regulators,Itálie,IT,ARERA,arera.it,"Národní energetický regulátor. Schvaluje síťové tarify, vede **registr licencí pro obchod s elektřinou a plynem** a řeší spory se zákazníky. Italská ARERA pokrývá elektřinu, plyn, vodu a odpady; rozhodnutí a tarify jsou v otevřené databázi",official,open,search,reference,,,,https://www.arera.it/,it-arera,2026-08-28
Firmy a due diligence,Regulace a licencované subjekty,regulators,Itálie,IT,AGCOM,agcom.it,"Národní telekomunikační regulátor. Vede **rejstřík poskytovatelů elektronických komunikací** a přiděluje kmitočty a čísla, takže se z něj dá ověřit, kdo smí provozovat síť nebo službu. Italský AGCOM reguluje telekomunikace i média a vede **Registro degli Operatori di Comunicazione** — veřejný rejstřík vydavatelů, vysílatelů a operátorů včetně jejich vlastnické struktury",official,open,search,reference,,,,https://www.agcom.it/,it-agcom,2026-08-28
Firmy a due diligence,Regulace a licencované subjekty,regulators,Itálie,IT,AIFA,aifa.gov.it,"Národní léková agentura. Vede **registr registrovaných léčiv** a povolení k výrobě a distribuci, takže se z ní ověří, jestli firma smí s léky obchodovat a jaké přípravky má schválené. Italská AIFA publikuje registr léčiv, ceny a **roční zprávu o spotřebě léků** s regionálním rozpadem",official,open,bulk,reference,,,,https://www.aifa.gov.it/,it-aifa,2026-08-28
Firmy a due diligence,Regulace a licencované subjekty,regulators,Itálie,IT,Garante per la protezione dei dati personali,garanteprivacy.it,"Dozorový úřad pro ochranu osobních údajů podle GDPR. Zveřejňuje **rozhodnutí a pokuty**, což je u prověřování protistrany konkrétní doklad o tom, jak zachází s daty — a zároveň mez, kterou musí respektovat i rešerše vedená z tohoto katalogu. Italský Garante publikuje rozhodnutí v prohledávatelné databázi a vydává závazné kodexy pro jednotlivá odvětví",official,open,search,reference,,,,https://www.garanteprivacy.it/,it-garante,2026-08-28
Firmy a due diligence,Regulace a licencované subjekty,regulators,Itálie,IT,AGCM,agcm.it,"Národní soutěžní úřad. Zveřejňuje **rozhodnutí o kartelech, zneužití dominance a povolených fúzích** — u prověřování protistrany je to doklad o sankcích a zároveň mapa toho, kdo koho v odvětví koupil. Italská AGCM řeší i klamavou reklamu a nekalé obchodní praktiky a vede rating legality firem",official,open,search,reference,,,,https://www.agcm.it/,it-agcm,2026-08-28
Firmy a due diligence,Regulace a licencované subjekty,regulators,Itálie,IT,UIF — Unità di Informazione Finanziaria,uif.bancaditalia.it,"Finanční zpravodajská jednotka (FIU) podle směrnic proti praní peněz. Přijímá **hlášení podezřelých obchodů** od bank, notářů a dalších povinných osob. Jednotlivá hlášení jsou ze zákona neveřejná — veřejné jsou typologie, výroční zprávy a seznam povinností, které z AML plynou pro firmy. Italská UIF sídlí v centrální bance a publikuje **statistiky hlášení po regionech a odvětvích** jako otevřená data",official,open,bulk,reference,,,,https://uif.bancaditalia.it/,it-uif,2026-08-28
Firmy a due diligence,Regulace a licencované subjekty,regulators,Lotyšsko,LV,Latvijas Banka,bank.lv,"Lotyšská centrální banka, do níž se od roku 2023 **sloučila komise finančního a kapitálového trhu (FKTK)** — registry licencovaných bank, pojišťoven a platebních institucí, statistiky a varování. Doména fktk.lv sem vede",official,open,api,reference,,,,https://www.bank.lv/,lv-bank,2026-08-28
Firmy a due diligence,Regulace a licencované subjekty,regulators,Lotyšsko,LV,SPRK — Sabiedrisko pakalpojumu regulēšanas komisija,sprk.gov.lv,"Národní energetický regulátor. Schvaluje síťové tarify, vede **registr licencí pro obchod s elektřinou a plynem** a řeší spory se zákazníky. Lotyšská komise reguluje energetiku, vodárenství, odpady, poštu i telekomunikace a vede registr poskytovatelů",official,open,search,reference,,,,https://www.sprk.gov.lv/,lv-sprk,2026-08-28
Firmy a due diligence,Regulace a licencované subjekty,regulators,Lotyšsko,LV,Zāļu valsts aģentūra,zva.gov.lv,"Národní léková agentura. Vede **registr registrovaných léčiv** a povolení k výrobě a distribuci, takže se z ní ověří, jestli firma smí s léky obchodovat a jaké přípravky má schválené. Lotyšská agentura zveřejňuje registr léčiv a databázi cen a úhrad",official,open,search,reference,,,,https://www.zva.gov.lv/,lv-zva,2026-08-28
Firmy a due diligence,Regulace a licencované subjekty,regulators,Lotyšsko,LV,Datu valsts inspekcija,dvi.gov.lv,"Dozorový úřad pro ochranu osobních údajů podle GDPR. Zveřejňuje **rozhodnutí a pokuty**, což je u prověřování protistrany konkrétní doklad o tom, jak zachází s daty — a zároveň mez, kterou musí respektovat i rešerše vedená z tohoto katalogu. Lotyšská inspekce publikuje rozhodnutí, pokyny a přehled uložených pokut",official,open,search,reference,,,,https://www.dvi.gov.lv/,lv-dvi,2026-08-28
Firmy a due diligence,Regulace a licencované subjekty,regulators,Lotyšsko,LV,Konkurences padome,kp.gov.lv,"Národní soutěžní úřad. Zveřejňuje **rozhodnutí o kartelech, zneužití dominance a povolených fúzích** — u prověřování protistrany je to doklad o sankcích a zároveň mapa toho, kdo koho v odvětví koupil. Lotyšská rada publikuje rozhodnutí a dohlíží i na maloobchodní vyjednávací sílu vůči dodavatelům",official,open,search,reference,,,,https://www.kp.gov.lv/,lv-kp,2026-08-28
Firmy a due diligence,Regulace a licencované subjekty,regulators,Lotyšsko,LV,Finanšu izlūkošanas dienests,fid.gov.lv,"Finanční zpravodajská jednotka (FIU) podle směrnic proti praní peněz. Přijímá **hlášení podezřelých obchodů** od bank, notářů a dalších povinných osob. Jednotlivá hlášení jsou ze zákona neveřejná — veřejné jsou typologie, výroční zprávy a seznam povinností, které z AML plynou pro firmy. Lotyšská FID smí sama nařídit zmrazení prostředků a publikuje podrobné statistiky hlášení a zmrazení",official,open,bulk,reference,,,,https://www.fid.gov.lv/,lv-fid,2026-08-28
Firmy a due diligence,Regulace a licencované subjekty,regulators,Litva,LT,Lietuvos bankas,lb.lt,"Litevská centrální banka jako jednotný finanční dohled — **registr licencovaných bank, platebních a e-money institucí, pojišťoven a fondů**. Litva vydala velké množství licencí fintechům působícím přeshraničně, takže je tenhle registr v prověrkách často potřeba. Na automat vrací 403",official,open,search,reference,,,,https://www.lb.lt/,lt-lb,2026-08-28
Firmy a due diligence,Regulace a licencované subjekty,regulators,Litva,LT,VMI — Valstybinė mokesčių inspekcija,vmi.lt,"Národní daňová správa. Pro due diligence je podstatné, že vede veřejné ověření plátce DPH a zveřejňuje seznamy nespolehlivých či dlužících subjektů. Litevská daňová inspekce zveřejňuje registr plátců DPH a seznam subjektů s daňovým dluhem",official,open,search,reference,,,,https://www.vmi.lt/,lt-vmi,2026-08-28
Firmy a due diligence,Regulace a licencované subjekty,regulators,Litva,LT,VERT — Valstybinė energetikos reguliavimo taryba,vert.lt,"Národní energetický regulátor. Schvaluje síťové tarify, vede **registr licencí pro obchod s elektřinou a plynem** a řeší spory se zákazníky. Litevská VERT reguluje energetiku i vodárenství. Na automat vrací 403, v prohlížeči funguje",official,open,none,reference,,,,https://www.vert.lt/,lt-vert,2026-08-28
Firmy a due diligence,Regulace a licencované subjekty,regulators,Litva,LT,RRT — Ryšių reguliavimo tarnyba,rrt.lt,"Národní telekomunikační regulátor. Vede **rejstřík poskytovatelů elektronických komunikací** a přiděluje kmitočty a čísla, takže se z něj dá ověřit, kdo smí provozovat síť nebo službu. Litevská RRT spravuje i doménu .lt a národní CERT",official,open,none,reference,,,,https://www.rrt.lt/,lt-rrt,2026-08-28
Firmy a due diligence,Regulace a licencované subjekty,regulators,Litva,LT,Valstybinė vaistų kontrolės tarnyba,vaistai.lt,"Národní léková agentura. Vede **registr registrovaných léčiv** a povolení k výrobě a distribuci, takže se z ní ověří, jestli firma smí s léky obchodovat a jaké přípravky má schválené. Litevská léková kontrola vede registr léčiv a povolení k distribuci",official,open,search,reference,,,,https://www.vaistai.lt/,lt-vvkt,2026-08-28
Firmy a due diligence,Regulace a licencované subjekty,regulators,Litva,LT,VDAI — Valstybinė duomenų apsaugos inspekcija,vdai.lrv.lt,"Dozorový úřad pro ochranu osobních údajů podle GDPR. Zveřejňuje **rozhodnutí a pokuty**, což je u prověřování protistrany konkrétní doklad o tom, jak zachází s daty — a zároveň mez, kterou musí respektovat i rešerše vedená z tohoto katalogu. Litevská inspekce zveřejňuje rozhodnutí i metodiky. Na automat vrací 403, v prohlížeči funguje",official,open,search,reference,,,,https://vdai.lrv.lt/,lt-vdai,2026-08-28
Firmy a due diligence,Regulace a licencované subjekty,regulators,Litva,LT,Konkurencijos taryba,kt.gov.lt,"Národní soutěžní úřad. Zveřejňuje **rozhodnutí o kartelech, zneužití dominance a povolených fúzích** — u prověřování protistrany je to doklad o sankcích a zároveň mapa toho, kdo koho v odvětví koupil. Litevská rada publikuje rozhodnutí a dohlíží i na státní podporu obcí",official,open,search,reference,,,,https://kt.gov.lt/,lt-kt,2026-08-28
Firmy a due diligence,Regulace a licencované subjekty,regulators,Litva,LT,FNTT — Finansinių nusikaltimų tyrimo tarnyba,fntt.lt,"Finanční zpravodajská jednotka (FIU) podle směrnic proti praní peněz. Přijímá **hlášení podezřelých obchodů** od bank, notářů a dalších povinných osob. Jednotlivá hlášení jsou ze zákona neveřejná — veřejné jsou typologie, výroční zprávy a seznam povinností, které z AML plynou pro firmy. Litevská FNTT je zároveň vyšetřovacím orgánem pro hospodářskou kriminalitu. Na automat vrací 403, v prohlížeči funguje",official,open,none,reference,,,,https://www.fntt.lt/,lt-fntt,2026-08-28
Firmy a due diligence,Regulace a licencované subjekty,regulators,Lucembursko,LU,CSSF,cssf.lu,"Lucemburský dohled nad finančním sektorem — **registry bank, investičních fondů, správcovských společností, platebních institucí a poskytovatelů služeb, ke stažení**. Lucembursko je druhé největší fondové centrum světa, takže je tenhle registr v přeshraničních prověrkách jeden z nejpoužívanějších v EU",official,open,bulk,reference,,,,https://www.cssf.lu/,lu-cssf,2026-08-28
Firmy a due diligence,Regulace a licencované subjekty,regulators,Lucembursko,LU,Portail Qualité,portail-qualite.public.lu,"Lucemburský portál kvality a akreditace — **registr akreditovaných laboratoří, certifikačních a inspekčních orgánů**, normy a metrologie. Ověří, jestli certifikát, kterým se protistrana ohání, vydal akreditovaný subjekt",official,open,search,reference,,,,https://portail-qualite.public.lu/,lu-portail-qualite,2026-08-28
Firmy a due diligence,Regulace a licencované subjekty,regulators,Lucembursko,LU,Administration des contributions directes,impotsdirects.public.lu,"Národní daňová správa. Pro due diligence je podstatné, že vede veřejné ověření plátce DPH a zveřejňuje seznamy nespolehlivých či dlužících subjektů. Lucemburská správa přímých daní publikuje oběžníky a daňové výklady; ověření DPH vede oddělená správa nepřímých daní AED",official,open,none,reference,,,,https://impotsdirects.public.lu/,lu-impotsdirects,2026-08-28
Firmy a due diligence,Regulace a licencované subjekty,regulators,Lucembursko,LU,ILR — Institut Luxembourgeois de Régulation,ilr.lu,"Národní energetický regulátor. Schvaluje síťové tarify, vede **registr licencí pro obchod s elektřinou a plynem** a řeší spory se zákazníky. Lucemburský ILR reguluje energetiku, telekomunikace, poštu i železnici v jednom úřadu",official,open,none,reference,,,,https://ilr.lu/,lu-ilr,2026-08-28
Firmy a due diligence,Regulace a licencované subjekty,regulators,Lucembursko,LU,Direction de la santé,santesecu.public.lu,"Národní léková agentura. Vede **registr registrovaných léčiv** a povolení k výrobě a distribuci, takže se z ní ověří, jestli firma smí s léky obchodovat a jaké přípravky má schválené. Lucembursko nemá samostatnou lékovou agenturu; registraci a dozor vede zdravotní ředitelství ministerstva zdravotnictví",official,open,none,reference,,,,https://santesecu.public.lu/fr.html,lu-sante,2026-08-28
Firmy a due diligence,Regulace a licencované subjekty,regulators,Lucembursko,LU,CNPD,cnpd.public.lu,"Dozorový úřad pro ochranu osobních údajů podle GDPR. Zveřejňuje **rozhodnutí a pokuty**, což je u prověřování protistrany konkrétní doklad o tom, jak zachází s daty — a zároveň mez, kterou musí respektovat i rešerše vedená z tohoto katalogu. Lucemburská CNPD dohlíží i na velké finanční a technologické skupiny se sídlem v zemi a publikuje rozhodnutí i roční přehled sankcí",official,open,search,reference,,,,https://cnpd.public.lu/,lu-cnpd,2026-08-28
Firmy a due diligence,Regulace a licencované subjekty,regulators,Lucembursko,LU,Autorité de la concurrence,concurrence.public.lu,"Národní soutěžní úřad. Zveřejňuje **rozhodnutí o kartelech, zneužití dominance a povolených fúzích** — u prověřování protistrany je to doklad o sankcích a zároveň mapa toho, kdo koho v odvětví koupil. Lucemburský úřad je samostatný od roku 2023 a publikuje rozhodnutí i sektorová šetření",official,open,search,reference,,,,https://concurrence.public.lu/,lu-concurrence,2026-08-28
Firmy a due diligence,Regulace a licencované subjekty,regulators,Malta,MT,MFSA — Malta Financial Services Authority,mfsa.mt,"Maltský jednotný dohled nad finančními službami — **registr licencovaných bank, pojišťoven, fondů, investičních firem a poskytovatelů služeb**, sankce a varování. Malta hostí velké množství přeshraničně působících subjektů, takže je tenhle registr v prověrkách často potřeba. Na automat vrací 403",official,open,search,reference,,,,https://www.mfsa.mt/,mt-mfsa,2026-08-28
Firmy a due diligence,Regulace a licencované subjekty,regulators,Malta,MT,Commissioner for Tax and Customs,cfr.gov.mt,"Národní daňová správa. Pro due diligence je podstatné, že vede veřejné ověření plátce DPH a zveřejňuje seznamy nespolehlivých či dlužících subjektů. Maltská daňová správa vede registr plátců DPH a evidenci daňových zástupců. Na automat vrací 403, v prohlížeči funguje",official,open,search,reference,,,,https://cfr.gov.mt/,mt-cfr,2026-08-28
Firmy a due diligence,Regulace a licencované subjekty,regulators,Malta,MT,REWS — Regulator for Energy and Water Services,rews.org.mt,"Národní energetický regulátor. Schvaluje síťové tarify, vede **registr licencí pro obchod s elektřinou a plynem** a řeší spory se zákazníky. Maltský regulátor pokrývá elektřinu, vodu a pohonné hmoty; ostrovní trh má jediného dodavatele, takže regulace cen je tu zásadní",official,open,none,reference,,,,https://rews.org.mt/,mt-rews,2026-08-28
Firmy a due diligence,Regulace a licencované subjekty,regulators,Malta,MT,MCA — Malta Communications Authority,mca.org.mt,"Národní telekomunikační regulátor. Vede **rejstřík poskytovatelů elektronických komunikací** a přiděluje kmitočty a čísla, takže se z něj dá ověřit, kdo smí provozovat síť nebo službu. Maltský regulátor pokrývá telekomunikace, poštu i elektronický obchod a publikuje statistiky trhu",official,open,none,reference,,,,https://www.mca.org.mt/,mt-mca,2026-08-28
Firmy a due diligence,Regulace a licencované subjekty,regulators,Malta,MT,Malta Medicines Authority,medicinesauthority.gov.mt,"Národní léková agentura. Vede **registr registrovaných léčiv** a povolení k výrobě a distribuci, takže se z ní ověří, jestli firma smí s léky obchodovat a jaké přípravky má schválené. Maltská agentura vede registr léčiv, lékáren a velkodistributorů",official,open,search,reference,,,,https://medicinesauthority.gov.mt/,mt-medicines,2026-08-28
Firmy a due diligence,Regulace a licencované subjekty,regulators,Malta,MT,IDPC — Information and Data Protection Commissioner,idpc.org.mt,"Dozorový úřad pro ochranu osobních údajů podle GDPR. Zveřejňuje **rozhodnutí a pokuty**, což je u prověřování protistrany konkrétní doklad o tom, jak zachází s daty — a zároveň mez, kterou musí respektovat i rešerše vedená z tohoto katalogu. Maltský komisař dohlíží současně na ochranu údajů a na přístup k informacím",official,open,search,reference,,,,https://idpc.org.mt/,mt-idpc,2026-08-28
Firmy a due diligence,Regulace a licencované subjekty,regulators,Malta,MT,MCCAA — Malta Competition and Consumer Affairs Authority,mccaa.org.mt,"Národní soutěžní úřad. Zveřejňuje **rozhodnutí o kartelech, zneužití dominance a povolených fúzích** — u prověřování protistrany je to doklad o sankcích a zároveň mapa toho, kdo koho v odvětví koupil. Maltská MCCAA spojuje soutěž, ochranu spotřebitele, standardizaci a metrologii v jednom úřadu",official,open,search,reference,,,,https://mccaa.org.mt/,mt-mccaa,2026-08-28
Firmy a due diligence,Regulace a licencované subjekty,regulators,Malta,MT,FIAU — Financial Intelligence Analysis Unit,fiaumalta.org,"Finanční zpravodajská jednotka (FIU) podle směrnic proti praní peněz. Přijímá **hlášení podezřelých obchodů** od bank, notářů a dalších povinných osob. Jednotlivá hlášení jsou ze zákona neveřejná — veřejné jsou typologie, výroční zprávy a seznam povinností, které z AML plynou pro firmy. Maltská FIAU je zároveň AML dozorem a **zveřejňuje uložené sankce včetně jmen firem a částek** — po zařazení Malty na šedý seznam FATF v letech 2021–2022 jich přibylo",official,open,search,reference,,,,https://fiaumalta.org/,mt-fiau,2026-08-28
Firmy a due diligence,Regulace a licencované subjekty,regulators,Nizozemsko,NL,AFM — Autoriteit Financiële Markten,afm.nl,"Nizozemský dohled nad chováním na finančním trhu — veřejné registry poskytovatelů investičních a úvěrových služeb, zprostředkovatelů a fondů, plus varování před nelicencovanými subjekty. Obezřetnostní dohled dělá DNB",official,open,search,reference,,,,https://www.afm.nl/,nl-afm,2026-08-28
Firmy a due diligence,Regulace a licencované subjekty,regulators,Nizozemsko,NL,De Nederlandsche Bank,dnb.nl,"Nizozemská centrální banka — veřejný registr licencovaných bank, pojišťoven, penzijních fondů a platebních institucí, a k tomu statistická databáze. Na automat vrací 403, v prohlížeči funguje",official,open,api,reference,,,,https://www.dnb.nl/en/,nl-dnb,2026-08-28
Firmy a due diligence,Regulace a licencované subjekty,regulators,Nizozemsko,NL,Belastingdienst,belastingdienst.nl,"Národní daňová správa. Pro due diligence je podstatné, že vede veřejné ověření plátce DPH a zveřejňuje seznamy nespolehlivých či dlužících subjektů. Nizozemská daňová správa nabízí ověření BTW-nummer a vede evidenci kvalifikovaných daňových poradců",official,open,none,reference,,,,https://www.belastingdienst.nl/,nl-belastingdienst,2026-08-28
Firmy a due diligence,Regulace a licencované subjekty,regulators,Nizozemsko,NL,ACM — Autoriteit Consument & Markt,acm.nl,"Národní energetický regulátor. Schvaluje síťové tarify, vede **registr licencí pro obchod s elektřinou a plynem** a řeší spory se zákazníky. Nizozemská ACM spojuje regulaci energetiky, telekomunikací, dopravy a ochranu spotřebitele i soutěže; rozhodnutí jsou veřejná",official,open,search,reference,,,,https://www.acm.nl/,nl-acm,2026-08-28
Firmy a due diligence,Regulace a licencované subjekty,regulators,Nizozemsko,NL,CBG — College ter Beoordeling van Geneesmiddelen,cbg-meb.nl,"Národní léková agentura. Vede **registr registrovaných léčiv** a povolení k výrobě a distribuci, takže se z ní ověří, jestli firma smí s léky obchodovat a jaké přípravky má schválené. Nizozemské kolegium provozuje veřejnou databázi léčiv Geneesmiddeleninformatiebank s texty schválených informací",official,open,search,reference,,,,https://www.cbg-meb.nl/,nl-cbg,2026-08-28
Firmy a due diligence,Regulace a licencované subjekty,regulators,Nizozemsko,NL,Autoriteit Persoonsgegevens,autoriteitpersoonsgegevens.nl,"Dozorový úřad pro ochranu osobních údajů podle GDPR. Zveřejňuje **rozhodnutí a pokuty**, což je u prověřování protistrany konkrétní doklad o tom, jak zachází s daty — a zároveň mez, kterou musí respektovat i rešerše vedená z tohoto katalogu. Nizozemský úřad publikuje rozhodnutí i **statistiky ohlášených úniků dat** po odvětvích",official,open,bulk,reference,,,,https://autoriteitpersoonsgegevens.nl/,nl-ap,2026-08-28
Firmy a due diligence,Regulace a licencované subjekty,regulators,Nizozemsko,NL,FIU-Nederland,fiu-nederland.nl,"Finanční zpravodajská jednotka (FIU) podle směrnic proti praní peněz. Přijímá **hlášení podezřelých obchodů** od bank, notářů a dalších povinných osob. Jednotlivá hlášení jsou ze zákona neveřejná — veřejné jsou typologie, výroční zprávy a seznam povinností, které z AML plynou pro firmy. Nizozemská FIU publikuje výroční zprávy a statistiky hlášení po typech povinných osob",official,open,none,reference,,,,https://fiu-nederland.nl/,nl-fiu,2026-08-28
Firmy a due diligence,Regulace a licencované subjekty,regulators,Polsko,PL,KNF — podmioty rynku finansowego,knf.gov.pl,"Komise finančního dohledu — rejstříky bank, pojišťoven, investičních fondů, platebních institucí a zprostředkovatelů, plus veřejný seznam varování před subjekty bez licence. Ověří, jestli protistrana v Polsku vůbec smí finanční službu nabízet",official,open,search,reference,,,,https://www.knf.gov.pl/,pl-knf,2026-08-28
Firmy a due diligence,Regulace a licencované subjekty,regulators,Polsko,PL,UOKiK,uokik.gov.pl,"Úřad ochrany hospodářské soutěže a spotřebitelů — rozhodnutí o kartelech, zneužití dominance a spojování podniků, registr klauzulí zakázaných ve spotřebitelských smlouvách a uložené pokuty. Sankce za soutěžní delikt je pro prověrku podstatný a jinde veřejná není",official,open,search,reference,,,,https://uokik.gov.pl/,pl-uokik,2026-08-28
Firmy a due diligence,Regulace a licencované subjekty,regulators,Polsko,PL,URE — energetický regulátor,ure.gov.pl,"Úřad regulace energetiky — koncese na výrobu, přenos, distribuci a obchod s elektřinou, plynem a teplem, registry výrobců z obnovitelných zdrojů a schválené tarify. Veřejný doklad o tom, kdo v Polsku smí energii provozovat a prodávat",official,open,search,reference,,,,https://www.ure.gov.pl/,pl-ure,2026-08-28
Firmy a due diligence,Regulace a licencované subjekty,regulators,Polsko,PL,UKE — telekomunikační regulátor,uke.gov.pl,"Úřad elektronických komunikací — registr podnikatelů v telekomunikacích, přidělené kmitočty a čísla, poštovní operátoři a mapa pokrytí sítěmi. Vedle regulace vydává i data o dostupnosti širokopásmového připojení po obcích",official,open,search,reference,,,,https://www.uke.gov.pl/,pl-uke,2026-08-28
Firmy a due diligence,Regulace a licencované subjekty,regulators,Polsko,PL,podatki.gov.pl,podatki.gov.pl,"Národní daňová správa. Pro due diligence je podstatné, že vede veřejné ověření plátce DPH a zveřejňuje seznamy nespolehlivých či dlužících subjektů. Polský portál daňové správy s **Bílým seznamem plátců DPH** — kromě statusu ukazuje i bankovní účty, na které je bezpečné platit; platba mimo ně zakládá ručení za nezaplacenou daň",official,open,search,reference,,,,https://www.podatki.gov.pl/,pl-podatki,2026-08-28
Firmy a due diligence,Regulace a licencované subjekty,regulators,Polsko,PL,URPL,gov.pl,"Národní léková agentura. Vede **registr registrovaných léčiv** a povolení k výrobě a distribuci, takže se z ní ověří, jestli firma smí s léky obchodovat a jaké přípravky má schválené. Polský úřad zveřejňuje Urzędowy Wykaz Produktów Leczniczych — úřední seznam registrovaných léčiv, aktualizovaný a ke stažení",official,open,download,reference,,,,https://www.gov.pl/web/urpl,pl-urpl,2026-08-28
Firmy a due diligence,Regulace a licencované subjekty,regulators,Polsko,PL,UODO,uodo.gov.pl,"Dozorový úřad pro ochranu osobních údajů podle GDPR. Zveřejňuje **rozhodnutí a pokuty**, což je u prověřování protistrany konkrétní doklad o tom, jak zachází s daty — a zároveň mez, kterou musí respektovat i rešerše vedená z tohoto katalogu. Polský UODO zveřejňuje rozhodnutí, pokuty a rozsáhlou sbírku výkladových stanovisek",official,open,search,reference,,,,https://uodo.gov.pl/,pl-uodo,2026-08-28
Firmy a due diligence,Regulace a licencované subjekty,regulators,Polsko,PL,GIIF — Generalny Inspektor Informacji Finansowej,gov.pl,"Finanční zpravodajská jednotka (FIU) podle směrnic proti praní peněz. Přijímá **hlášení podezřelých obchodů** od bank, notářů a dalších povinných osob. Jednotlivá hlášení jsou ze zákona neveřejná — veřejné jsou typologie, výroční zprávy a seznam povinností, které z AML plynou pro firmy. Polský GIIF je součástí ministerstva financí a vede **rejstřík činností v oblasti virtuálních měn**",official,open,none,reference,,,,https://www.gov.pl/web/finanse/generalny-inspektor-informacji-finansowej,pl-giif,2026-08-28
Firmy a due diligence,Regulace a licencované subjekty,regulators,Portugalsko,PT,Banco de Portugal,bportugal.pt,"Portugalská centrální banka — registr autorizovaných úvěrových a platebních institucí, statistická databáze BPstat a agregované firemní finance z Central de Balanços. Na automat vrací 403, v prohlížeči funguje",official,open,api,reference,,,,https://www.bportugal.pt/,pt-bportugal,2026-08-28
Firmy a due diligence,Regulace a licencované subjekty,regulators,Portugalsko,PT,CMVM,cmvm.pt,"Portugalský dohled nad kapitálovým trhem — registry investičních firem, fondů a poradců, schválené prospekty, významné podíly a varování před nelicencovanými nabídkami",official,open,search,reference,,,,https://www.cmvm.pt/,pt-cmvm,2026-08-28
Firmy a due diligence,Regulace a licencované subjekty,regulators,Portugalsko,PT,ASF — pojišťovnictví a penze,asf.com.pt,"Portugalský dohled nad pojišťovnami a penzijními fondy — registr pojišťoven a zprostředkovatelů, statistiky trhu a rozhodnutí. Třetí z portugalských finančních regulátorů vedle BdP a CMVM",official,open,search,reference,,,,https://www.asf.com.pt/,pt-asf,2026-08-28
Firmy a due diligence,Regulace a licencované subjekty,regulators,Portugalsko,PT,Portal das Finanças — informação,info.portaldasfinancas.gov.pt,"Národní daňová správa. Pro due diligence je podstatné, že vede veřejné ověření plátce DPH a zveřejňuje seznamy nespolehlivých či dlužících subjektů. Portugalská finanční správa publikuje oběžníky, sazby a formuláře; ověření NIF a plátce DPH běží na hlavním portálu",official,open,none,reference,,,,https://info.portaldasfinancas.gov.pt/,pt-financas,2026-08-28
Firmy a due diligence,Regulace a licencované subjekty,regulators,Portugalsko,PT,ERSE,erse.pt,"Národní energetický regulátor. Schvaluje síťové tarify, vede **registr licencí pro obchod s elektřinou a plynem** a řeší spory se zákazníky. Portugalský regulátor zveřejňuje tarify, statistiky trhu a srovnávač nabídek dodavatelů",official,open,none,reference,,,,https://www.erse.pt/,pt-erse,2026-08-28
Firmy a due diligence,Regulace a licencované subjekty,regulators,Portugalsko,PT,INFARMED,infarmed.pt,"Národní léková agentura. Vede **registr registrovaných léčiv** a povolení k výrobě a distribuci, takže se z ní ověří, jestli firma smí s léky obchodovat a jaké přípravky má schválené. Portugalský INFARMED provozuje Infomed s registrem léčiv a cen a publikuje statistiky spotřeby",official,open,search,reference,,,,https://www.infarmed.pt/,pt-infarmed,2026-08-28
Firmy a due diligence,Regulace a licencované subjekty,regulators,Portugalsko,PT,CNPD,cnpd.pt,"Dozorový úřad pro ochranu osobních údajů podle GDPR. Zveřejňuje **rozhodnutí a pokuty**, což je u prověřování protistrany konkrétní doklad o tom, jak zachází s daty — a zároveň mez, kterou musí respektovat i rešerše vedená z tohoto katalogu. Portugalská CNPD publikuje rozhodnutí i stanoviska k legislativním návrhům",official,open,search,reference,,,,https://www.cnpd.pt/,pt-cnpd,2026-08-28
Firmy a due diligence,Regulace a licencované subjekty,regulators,Portugalsko,PT,AdC — Autoridade da Concorrência,concorrencia.pt,"Národní soutěžní úřad. Zveřejňuje **rozhodnutí o kartelech, zneužití dominance a povolených fúzích** — u prověřování protistrany je to doklad o sankcích a zároveň mapa toho, kdo koho v odvětví koupil. Portugalská AdC publikuje rozhodnutí a **otevřená data o fúzích a sankcích** včetně částek",official,open,bulk,reference,,,,https://www.concorrencia.pt/,pt-concorrencia,2026-08-28
Firmy a due diligence,Regulace a licencované subjekty,regulators,Portugalsko,PT,Polícia Judiciária — UIF,policiajudiciaria.pt,"Finanční zpravodajská jednotka (FIU) podle směrnic proti praní peněz. Přijímá **hlášení podezřelých obchodů** od bank, notářů a dalších povinných osob. Jednotlivá hlášení jsou ze zákona neveřejná — veřejné jsou typologie, výroční zprávy a seznam povinností, které z AML plynou pro firmy. Portugalská UIF je součástí kriminální policie",official,open,none,reference,,,,https://www.policiajudiciaria.pt/,pt-pj,2026-08-28
Firmy a due diligence,Regulace a licencované subjekty,regulators,Rumunsko,RO,BNR — Banca Națională a României,bnr.ro,"Rumunská národní banka — registr licencovaných úvěrových a platebních institucí a směnáren, statistická databáze a zprávy o finanční stabilitě. Kapitálový trh, pojišťovnictví a penze dohlíží ASF",official,open,api,reference,,,,https://www.bnr.ro/,ro-bnr,2026-08-28
Firmy a due diligence,Regulace a licencované subjekty,regulators,Rumunsko,RO,ASF — Autoritatea de Supraveghere Financiară,asfromania.ro,"Rumunský dohled nad nebankovním finančním trhem — registry pojišťoven, penzijních fondů, investičních firem a zprostředkovatelů, sankce a varování. Ověří, jestli rumunská protistrana licenci má",official,open,search,reference,,,,https://asfromania.ro/,ro-asf,2026-08-28
Firmy a due diligence,Regulace a licencované subjekty,regulators,Rumunsko,RO,ANRE,anre.ro,"Národní energetický regulátor. Schvaluje síťové tarify, vede **registr licencí pro obchod s elektřinou a plynem** a řeší spory se zákazníky. Rumunská ANRE vede veřejný registr licencí a povolení pro výrobu a obchod s energií",official,open,search,reference,,,,https://anre.ro/,ro-anre,2026-08-28
Firmy a due diligence,Regulace a licencované subjekty,regulators,Rumunsko,RO,ANCOM,ancom.ro,"Národní telekomunikační regulátor. Vede **rejstřík poskytovatelů elektronických komunikací** a přiděluje kmitočty a čísla, takže se z něj dá ověřit, kdo smí provozovat síť nebo službu. Rumunský ANCOM provozuje **Netograf** s nezávislým měřením rychlosti připojení a publikuje mapy pokrytí jako otevřená data",official,open,bulk,reference,,,,https://www.ancom.ro/,ro-ancom,2026-08-28
Firmy a due diligence,Regulace a licencované subjekty,regulators,Rumunsko,RO,ANMDMR,anm.ro,"Národní léková agentura. Vede **registr registrovaných léčiv** a povolení k výrobě a distribuci, takže se z ní ověří, jestli firma smí s léky obchodovat a jaké přípravky má schválené. Rumunská agentura vede registr léčiv, zdravotnických prostředků a povolení k distribuci",official,open,search,reference,,,,https://www.anm.ro/,ro-anm,2026-08-28
Firmy a due diligence,Regulace a licencované subjekty,regulators,Rumunsko,RO,ANSPDCP,dataprotection.ro,"Dozorový úřad pro ochranu osobních údajů podle GDPR. Zveřejňuje **rozhodnutí a pokuty**, což je u prověřování protistrany konkrétní doklad o tom, jak zachází s daty — a zároveň mez, kterou musí respektovat i rešerše vedená z tohoto katalogu. Rumunský úřad zveřejňuje rozhodnutí o pokutách včetně jmen sankcionovaných firem",official,open,search,reference,,,,https://www.dataprotection.ro/,ro-anspdcp,2026-08-28
Firmy a due diligence,Regulace a licencované subjekty,regulators,Rumunsko,RO,ONPCSB,onpcsb.ro,"Finanční zpravodajská jednotka (FIU) podle směrnic proti praní peněz. Přijímá **hlášení podezřelých obchodů** od bank, notářů a dalších povinných osob. Jednotlivá hlášení jsou ze zákona neveřejná — veřejné jsou typologie, výroční zprávy a seznam povinností, které z AML plynou pro firmy. Rumunský úřad je samostatný a vede i evidenci AML povinných osob",official,open,none,reference,,,,https://www.onpcsb.ro/,ro-onpcsb,2026-08-28
Firmy a due diligence,Regulace a licencované subjekty,regulators,Slovensko,SK,NBS — dohľad nad finančným trhom,nbs.sk,"Národní banka Slovenska jako jednotný dohled — rozhodnutí, sankce, metodika a upozornění na subjekty působící bez povolení. Slovensko má dohled nad bankami, pojišťovnami i kapitálovým trhem sloučený pod jednu instituci",official,open,download,reference,,,,https://nbs.sk/dohlad-nad-financnym-trhom/,sk-nbs-dohlad,2026-08-28
Firmy a due diligence,Regulace a licencované subjekty,regulators,Slovensko,SK,NBS — registre dohliadaných subjektov,subjekty.nbs.sk,"Vyhledávání v registrech subjektů pod dohledem NBS — banky, pojišťovny, investiční a penzijní společnosti, platební instituce, finanční zprostředkovatelé a agenti, s rozsahem oprávnění a historií. Ověří licenci protistrany",official,open,search,reference,,,,https://subjekty.nbs.sk/sk/,sk-nbs-subjekty,2026-08-28
Firmy a due diligence,Regulace a licencované subjekty,regulators,Slovensko,SK,Finančná správa SR,financnasprava.sk,"Národní daňová správa. Pro due diligence je podstatné, že vede veřejné ověření plátce DPH a zveřejňuje seznamy nespolehlivých či dlužících subjektů. Slovenská finanční správa zveřejňuje **seznamy daňových dlužníků, platitelů DPH a subjektů s vymazanou registrací** — všechny jako otevřené datové sady",official,open,bulk,reference,,,,https://www.financnasprava.sk/,sk-financnasprava,2026-08-28
Firmy a due diligence,Regulace a licencované subjekty,regulators,Slovensko,SK,ÚRSO,urso.gov.sk,"Národní energetický regulátor. Schvaluje síťové tarify, vede **registr licencí pro obchod s elektřinou a plynem** a řeší spory se zákazníky. Slovenský úřad reguluje energetiku i vodárenství a zveřejňuje cenová rozhodnutí pro jednotlivé provozovatele",official,open,search,reference,,,,https://www.urso.gov.sk/,sk-urso,2026-08-28
Firmy a due diligence,Regulace a licencované subjekty,regulators,Slovensko,SK,Úrad pre reguláciu elektronických komunikácií a poštových služieb,teleoff.gov.sk,"Národní telekomunikační regulátor. Vede **rejstřík poskytovatelů elektronických komunikací** a přiděluje kmitočty a čísla, takže se z něj dá ověřit, kdo smí provozovat síť nebo službu. Slovenský úřad vede registry operátorů, přidělených kmitočtů a poštovních podniků",official,open,search,reference,,,,https://www.teleoff.gov.sk/,sk-teleoff,2026-08-28
Firmy a due diligence,Regulace a licencované subjekty,regulators,Slovensko,SK,ŠÚKL,sukl.sk,"Národní léková agentura. Vede **registr registrovaných léčiv** a povolení k výrobě a distribuci, takže se z ní ověří, jestli firma smí s léky obchodovat a jaké přípravky má schválené. Slovenský ŠÚKL vede registr léčiv, povolení a zveřejňuje hlášení o nežádoucích účincích",official,open,search,reference,,,,https://www.sukl.sk/,sk-sukl,2026-08-28
Firmy a due diligence,Regulace a licencované subjekty,regulators,Slovensko,SK,Úrad na ochranu osobných údajov SR,dataprotection.gov.sk,"Dozorový úřad pro ochranu osobních údajů podle GDPR. Zveřejňuje **rozhodnutí a pokuty**, což je u prověřování protistrany konkrétní doklad o tom, jak zachází s daty — a zároveň mez, kterou musí respektovat i rešerše vedená z tohoto katalogu. Slovenský úřad publikuje rozhodnutí, metodiky a přehled uložených pokut",official,open,search,reference,,,,https://dataprotection.gov.sk/,sk-uoou,2026-08-28
Firmy a due diligence,Regulace a licencované subjekty,regulators,Slovensko,SK,Protimonopolný úrad SR,antimon.gov.sk,"Národní soutěžní úřad. Zveřejňuje **rozhodnutí o kartelech, zneužití dominance a povolených fúzích** — u prověřování protistrany je to doklad o sankcích a zároveň mapa toho, kdo koho v odvětví koupil. Slovenský PMÚ publikuje rozhodnutí i přehled koncentrací a rozhoduje o kartelech ve veřejných zakázkách",official,open,search,reference,,,,https://www.antimon.gov.sk/,sk-antimon,2026-08-28
Firmy a due diligence,Regulace a licencované subjekty,regulators,Slovinsko,SI,Banka Slovenije,bsi.si,"Slovinská centrální banka — registr licencovaných bank a platebních institucí, statistiky úvěrů a platební bilance, zprávy o finanční stabilitě. Kapitálový trh dohlíží ATVP, pojišťovnictví AZN",official,open,api,reference,,,,https://www.bsi.si/,si-bsi,2026-08-28
Firmy a due diligence,Regulace a licencované subjekty,regulators,Slovinsko,SI,ATVP — dohled nad kapitálovým trhem,a-tvp.si,"Slovinská agentura pro trh cenných papírů — registry investičních společností, fondů a poradců, schválené prospekty a varování před nelicencovanými nabídkami. Na automat vrací 403, v prohlížeči funguje",official,open,search,reference,,,,https://www.a-tvp.si/,si-atvp,2026-08-28
Firmy a due diligence,Regulace a licencované subjekty,regulators,Slovinsko,SI,FURS — Finančna uprava,fu.gov.si,"Národní daňová správa. Pro due diligence je podstatné, že vede veřejné ověření plátce DPH a zveřejňuje seznamy nespolehlivých či dlužících subjektů. Slovinská finanční správa zveřejňuje seznamy daňových dlužníků a neplatičů odvodů jako otevřená data",official,open,bulk,reference,,,,https://www.fu.gov.si/,si-fu,2026-08-28
Firmy a due diligence,Regulace a licencované subjekty,regulators,Slovinsko,SI,AGEN-RS — Agencija za energijo,agen-rs.si,"Národní energetický regulátor. Schvaluje síťové tarify, vede **registr licencí pro obchod s elektřinou a plynem** a řeší spory se zákazníky. Slovinská agentura zveřejňuje licence, tarify a roční zprávu o stavu energetiky jako otevřená data",official,open,none,reference,,,,https://www.agen-rs.si/,si-agen,2026-08-28
Firmy a due diligence,Regulace a licencované subjekty,regulators,Slovinsko,SI,AKOS,akos-rs.si,"Národní telekomunikační regulátor. Vede **rejstřík poskytovatelů elektronických komunikací** a přiděluje kmitočty a čísla, takže se z něj dá ověřit, kdo smí provozovat síť nebo službu. Slovinský AKOS reguluje telekomunikace, poštu, média i železnici a vede registry poskytovatelů všech těchto odvětví",official,open,search,reference,,,,https://www.akos-rs.si/,si-akos,2026-08-28
Firmy a due diligence,Regulace a licencované subjekty,regulators,Slovinsko,SI,JAZMP,jazmp.si,"Národní léková agentura. Vede **registr registrovaných léčiv** a povolení k výrobě a distribuci, takže se z ní ověří, jestli firma smí s léky obchodovat a jaké přípravky má schválené. Slovinská agentura reguluje léčiva i zdravotnické prostředky a vede centrální databázi cen",official,open,search,reference,,,,https://www.jazmp.si/,si-jazmp,2026-08-28
Firmy a due diligence,Regulace a licencované subjekty,regulators,Slovinsko,SI,Informacijski pooblaščenec,ip-rs.si,"Dozorový úřad pro ochranu osobních údajů podle GDPR. Zveřejňuje **rozhodnutí a pokuty**, což je u prověřování protistrany konkrétní doklad o tom, jak zachází s daty — a zároveň mez, kterou musí respektovat i rešerše vedená z tohoto katalogu. Slovinský pooblaščenec spojuje dozor nad ochranou údajů s rozhodováním o přístupu k informacím. Na automat vrací 403, v prohlížeči funguje",official,open,search,reference,,,,https://www.ip-rs.si/,si-iprs,2026-08-28
Firmy a due diligence,Regulace a licencované subjekty,regulators,Slovinsko,SI,AVK — Javna agencija za varstvo konkurence,varstvo-konkurence.si,"Národní soutěžní úřad. Zveřejňuje **rozhodnutí o kartelech, zneužití dominance a povolených fúzích** — u prověřování protistrany je to doklad o sankcích a zároveň mapa toho, kdo koho v odvětví koupil. Slovinská AVK publikuje rozhodnutí a přehled oznámených koncentrací",official,open,search,reference,,,,https://www.varstvo-konkurence.si/,si-avk,2026-08-28
Firmy a due diligence,Regulace a licencované subjekty,regulators,Slovinsko,SI,Urad za preprečevanje pranja denarja,gov.si,"Finanční zpravodajská jednotka (FIU) podle směrnic proti praní peněz. Přijímá **hlášení podezřelých obchodů** od bank, notářů a dalších povinných osob. Jednotlivá hlášení jsou ze zákona neveřejná — veřejné jsou typologie, výroční zprávy a seznam povinností, které z AML plynou pro firmy. Slovinský úřad spadá pod ministerstvo financí a publikuje seznam indikátorů podezřelých transakcí po odvětvích",official,open,none,reference,,,,https://www.gov.si/drzavni-organi/organi-v-sestavi/urad-za-preprecevanje-pranja-denarja/,si-uppd,2026-08-28
Firmy a due diligence,Regulace a licencované subjekty,regulators,Španělsko,ES,CNMV,cnmv.es,"Španělský dohled nad kapitálovým trhem — registry investičních firem, fondů a poradců, významné podíly v kótovaných společnostech, prospekty a veřejná varování před nelicencovanými subjekty (chiringuitos financieros). Data ke stažení",official,open,bulk,reference,,,,https://www.cnmv.es/portal/home,es-cnmv,2026-08-28
Firmy a due diligence,Regulace a licencované subjekty,regulators,Španělsko,ES,Banco de España,bde.es,"Španělská centrální banka — registr licencovaných bank, platebních institucí a směnáren, statistická databáze a Central de Balances s agregovanými firemními financemi. Doplňuje CNMV o bankovní sektor",official,open,api,reference,,,,https://www.bde.es/,es-bde,2026-08-28
Firmy a due diligence,Regulace a licencované subjekty,regulators,Španělsko,ES,Agencia Tributaria — sede electrónica,sede.agenciatributaria.gob.es,"Národní daňová správa. Pro due diligence je podstatné, že vede veřejné ověření plátce DPH a zveřejňuje seznamy nespolehlivých či dlužících subjektů. Španělská AEAT zveřejňuje seznam významných daňových dlužníků a umožňuje ověření NIF; elektronické podání běží tady",official,open,search,reference,,,,https://sede.agenciatributaria.gob.es/,es-aeat,2026-08-28
Firmy a due diligence,Regulace a licencované subjekty,regulators,Španělsko,ES,CNMC,cnmc.es,"Národní energetický regulátor. Schvaluje síťové tarify, vede **registr licencí pro obchod s elektřinou a plynem** a řeší spory se zákazníky. Španělská CNMC spojuje regulaci energetiky, telekomunikací, dopravy a ochranu soutěže; rozhodnutí i data publikuje otevřeně",official,open,bulk,reference,,,,https://www.cnmc.es/,es-cnmc,2026-08-28
Firmy a due diligence,Regulace a licencované subjekty,regulators,Španělsko,ES,AEMPS,aemps.gob.es,"Národní léková agentura. Vede **registr registrovaných léčiv** a povolení k výrobě a distribuci, takže se z ní ověří, jestli firma smí s léky obchodovat a jaké přípravky má schválené. Španělská AEMPS provozuje CIMA — databázi léčiv s příbalovými letáky, cenami a stavem registrace, s veřejným API",official,open,api,reference,,,,https://www.aemps.gob.es/,es-aemps,2026-08-28
Firmy a due diligence,Regulace a licencované subjekty,regulators,Španělsko,ES,AEPD,aepd.es,"Dozorový úřad pro ochranu osobních údajů podle GDPR. Zveřejňuje **rozhodnutí a pokuty**, což je u prověřování protistrany konkrétní doklad o tom, jak zachází s daty — a zároveň mez, kterou musí respektovat i rešerše vedená z tohoto katalogu. Španělská AEPD patří k nejaktivnějším v EU; publikuje plné znění rozhodnutí a rozsáhlou databázi precedentů",official,open,bulk,reference,,,,https://www.aepd.es/,es-aepd,2026-08-28
Firmy a due diligence,Regulace a licencované subjekty,regulators,Španělsko,ES,SEPBLAC,sepblac.es,"Finanční zpravodajská jednotka (FIU) podle směrnic proti praní peněz. Přijímá **hlášení podezřelých obchodů** od bank, notářů a dalších povinných osob. Jednotlivá hlášení jsou ze zákona neveřejná — veřejné jsou typologie, výroční zprávy a seznam povinností, které z AML plynou pro firmy. Španělský SEPBLAC je zároveň dozorem nad plněním AML povinností a publikuje sektorové pokyny",official,open,none,reference,,,,https://www.sepblac.es/,es-sepblac,2026-08-28
Firmy a due diligence,Regulace a licencované subjekty,regulators,Švédsko,SE,Finansinspektionen,fi.se,"Švédský jednotný finanční dohled — **registr licencovaných bank, pojišťoven, fondů a platebních institucí ke stažení**, insider transakce v kótovaných společnostech, sankce a varování. Registr insider obchodů je veřejný a je to cenný DD zdroj",official,open,bulk,reference,,,,https://www.fi.se/,se-fi,2026-08-28
Firmy a due diligence,Regulace a licencované subjekty,regulators,Švédsko,SE,Sveriges Riksbank,riksbank.se,"Švédská centrální banka — statistiky sazeb, kurzů a platebního styku s datovým rozhraním a zprávy o finanční stabilitě. Dohled vykonává Finansinspektionen",official,open,api,reference,,,,https://www.riksbank.se/,se-riksbank,2026-08-28
Firmy a due diligence,Regulace a licencované subjekty,regulators,Švédsko,SE,Konkurrensverket,konkurrensverket.se,"Švédský soutěžní úřad — rozhodnutí o kartelech, zneužití dominance a spojování podniků, a zároveň **dohled nad veřejnými zakázkami** se sankcemi za nezákonné přímé zadání",official,open,search,reference,,,,https://www.konkurrensverket.se/,se-konkurrensverket,2026-08-28
Firmy a due diligence,Regulace a licencované subjekty,regulators,Švédsko,SE,Skatteverket,skatteverket.se,"Národní daňová správa. Pro due diligence je podstatné, že vede veřejné ověření plátce DPH a zveřejňuje seznamy nespolehlivých či dlužících subjektů. Švédská daňová správa vede navíc **registr obyvatel** — ve Švédsku je matriční agenda daňová, ne obecní, což z ní dělá klíčový identitní registr",official,open,search,reference,,,,https://www.skatteverket.se/,se-skatteverket,2026-08-28
Firmy a due diligence,Regulace a licencované subjekty,regulators,Švédsko,SE,Ei — Energimarknadsinspektionen,ei.se,"Národní energetický regulátor. Schvaluje síťové tarify, vede **registr licencí pro obchod s elektřinou a plynem** a řeší spory se zákazníky. Švédská inspekce dohlíží na síťové tarify a vede statistiky o dodavatelích a cenách",official,open,none,reference,,,,https://www.ei.se/,se-ei,2026-08-28
Firmy a due diligence,Regulace a licencované subjekty,regulators,Švédsko,SE,PTS — Post- och telestyrelsen,pts.se,"Národní telekomunikační regulátor. Vede **rejstřík poskytovatelů elektronických komunikací** a přiděluje kmitočty a čísla, takže se z něj dá ověřit, kdo smí provozovat síť nebo službu. Švédský PTS reguluje telekomunikace i poštu a vydává roční mapování širokopásmového pokrytí jako otevřená data",official,open,bulk,reference,,,,https://www.pts.se/,se-pts,2026-08-28
Firmy a due diligence,Regulace a licencované subjekty,regulators,Švédsko,SE,Läkemedelsverket,lakemedelsverket.se,"Národní léková agentura. Vede **registr registrovaných léčiv** a povolení k výrobě a distribuci, takže se z ní ověří, jestli firma smí s léky obchodovat a jaké přípravky má schválené. Švédská agentura vede registr léčiv a zveřejňuje statistiky spotřeby přes Socialstyrelsen jako otevřená data",official,open,search,reference,,,,https://www.lakemedelsverket.se/,se-lakemedelsverket,2026-08-28
Firmy a due diligence,Regulace a licencované subjekty,regulators,Švédsko,SE,IMY — Integritetsskyddsmyndigheten,imy.se,"Dozorový úřad pro ochranu osobních údajů podle GDPR. Zveřejňuje **rozhodnutí a pokuty**, což je u prověřování protistrany konkrétní doklad o tom, jak zachází s daty — a zároveň mez, kterou musí respektovat i rešerše vedená z tohoto katalogu. Švédský IMY publikuje rozhodnutí a dohlíží i na registry úvěrových informací a kamerové systémy",official,open,search,reference,,,,https://www.imy.se/,se-imy,2026-08-28
Firmy a due diligence,Regulace a licencované subjekty,regulators,Švédsko,SE,Finanspolisen,polisen.se,"Finanční zpravodajská jednotka (FIU) podle směrnic proti praní peněz. Přijímá **hlášení podezřelých obchodů** od bank, notářů a dalších povinných osob. Jednotlivá hlášení jsou ze zákona neveřejná — veřejné jsou typologie, výroční zprávy a seznam povinností, které z AML plynou pro firmy. Švédská finanční policie publikuje výroční zprávy s typologiemi a statistikami hlášení",official,open,none,reference,,,,https://polisen.se/om-polisen/polisens-arbete/finanspolisen/,se-finanspolisen,2026-08-28
Firmy a due diligence,Nemovitosti a trh,property,Rakousko,AT,Ediktsdatei — nucené dražby nemovitostí,edikte.justiz.gv.at,"Exekuční dražby nemovitostí v Rakousku — dražební vyhlášky s katastrálním označením, znaleckým odhadem, vyvolávací cenou a termínem. Jediný veřejný a bezplatný pohled na oceněné rakouské nemovitosti, když je pozemková kniha zpoplatněná",official,open,search,reference,,,,https://edikte.justiz.gv.at/edikte/ex/exedi3.nsf/suchedi,at-ediktsdatei-exekutionen,2026-08-28
Firmy a due diligence,Nemovitosti a trh,property,Belgie,BE,Statbel — index cen nemovitostí,statbel.fgov.be,"Belgický statistický úřad publikuje index cen bydlení a **mediánové ceny podle obcí** z daňových přiznání k převodu nemovitosti. Jednotlivé transakce veřejné nejsou, obecní mediány ano",official,open,bulk,reference,,,,https://statbel.fgov.be/en/themes/housing/house-price-index,be-statbel-vastgoed,2026-08-28
Firmy a due diligence,Nemovitosti a trh,property,Chorvatsko,HR,DZS — Indeksi cijena stambenih nekretnina,podaci.dzs.hr,"Chorvatský index cen bydlení podle metodiky Eurostatu, čtvrtletně a odděleně pro Záhřeb, jadranské pobřeží a zbytek země. Řada sahá k roku 2002 a jde stáhnout jako XLSX nebo si ji vybrat v databázi PX-Web, takže se dá počítat, ne jen číst.",official,open,download,reference,,,,https://podaci.dzs.hr/en/statistics/prices/house-price-indices/,hr-dzs-cijene-nekretnina,2026-08-30
Firmy a due diligence,Nemovitosti a trh,property,Kypr,CY,Central Bank of Cyprus — Residential Property Price Index,centralbank.cy,"Kyperský index cen rezidenčních nemovitostí, který centrální banka počítá z odhadů nezávislých znalců sbíraných přes úvěrové instituce od roku 2006, zvlášť pro Nikósii, Limassol, Larnaku, Pafos a Famagustu. Vychází čtvrtletně, ale **výhradně jako PDF zprávy** — strojově čitelnou řadu tady nenajdeš.",official,open,none,reference,,,,https://www.centralbank.cy/en/publications/residential-property-price-indices,cy-cbc-rppi,2026-08-30
Firmy a due diligence,Nemovitosti a trh,property,Česko,CZ,Nabídka majetku státu (ÚZSVM),nabidkamajetku.gov.cz,"Katalog ÚZSVM s nabídkami státního majetku — prodeje, elektronické dražby a pronájmy nemovitostí, filtrovatelné podle kraje a obce",official,open,search,reference,,,,https://nabidkamajetku.gov.cz/,cz-nabidka-majetku-statu-uzsvm,2026-08-28
Firmy a due diligence,Nemovitosti a trh,property,Česko,CZ,Sreality,sreality.cz,"Největší český inzertní portál nemovitostí — nabídkové (ne realizované) ceny bytů, domů a pozemků s lokalizací; nedokumentované JSON API za webem se běžně používá k rešerši trhu",commercial,open,api,history,5,3,2026-06-16,https://www.sreality.cz/,cz-sreality,2026-08-28
Firmy a due diligence,Nemovitosti a trh,property,Česko,CZ,Flat Zone,flatzone.cz,Vyhledávač novostaveb a developerských projektů v ČR — odhad ceny a datová platforma; B2B větev běží na b2b.flatzone.cz (dataligence.cz tam dnes redirectuje),commercial,paid,none,history,5,4,2026-08-14,https://www.flatzone.cz/,cz-flat-zone,2026-08-28
Firmy a due diligence,Nemovitosti a trh,property,Česko,CZ,ČSÚ — Ceny nemovitostí,csu.gov.cz,Ceny nemovitostí 2022-2024 podle území — v historii máš přesně tuhle stránku,official,open,download,reference,,,,https://csu.gov.cz/produkty/ceny-nemovitosti,cz-csu-ceny-nemovitosti,2026-08-28
Firmy a due diligence,Nemovitosti a trh,property,Česko,CZ,CBRE,cbre.cz,Komerční realitní analytika a market reporty,commercial,open,none,history,1,1,2026-06-16,https://www.cbre.cz/,cz-cbre,2026-08-28
Firmy a due diligence,Nemovitosti a trh,property,Česko,CZ,Bezrealitky,bezrealitky.cz,"CZ inzerce prodeje a pronájmu bez provize — velký podíl přímých majitelů, mutace SK a EN",commercial,open,none,reference,,,,https://www.bezrealitky.cz/,cz-bezrealitky,2026-08-28
Firmy a due diligence,Nemovitosti a trh,property,Česko,CZ,Valuo,valuo.cz,"Odhady cen nemovitostí v ČR — mapa realizovaných prodejů z katastru a inzerce a cenový index; mapa a odhad zdarma, PROFI a API za 5 000–10 000 Kč/rok bez DPH",commercial,mixed,none,reference,,,,https://www.valuo.cz/,cz-valuo,2026-08-28
Firmy a due diligence,Nemovitosti a trh,property,Česko,CZ,Portál územního plánování (ÚÚR),portal.uur.cz,"Rozcestník územního plánování — evidence územně plánovací činnosti obcí a krajů, územní studie, limity využití území a metodiky. Odsud se zjistí, jestli má obec platný územní plán a kde se dá najít, což o využitelnosti pozemku rozhoduje víc než katastr",official,open,none,reference,,,,https://portal.uur.cz/,cz-uur-portal,2026-08-28
Firmy a due diligence,Nemovitosti a trh,property,Dánsko,DK,BBR — Bygnings- og Boligregistret,bbr.dk,"Dánský registr budov a bytů — **pro každou budovu rok výstavby, plocha, materiál, vytápění a využití**, veřejně a zdarma podle adresy. Nejpodrobnější veřejná evidence stavebního fondu v EU vedle nizozemského BAG",official,open,api,reference,,,,https://bbr.dk/,dk-bbr,2026-08-28
Firmy a due diligence,Nemovitosti a trh,property,Dánsko,DK,OIS — Den Offentlige Informationsserver,ois.dk,"Veřejný informační server o dánských nemovitostech — spojuje BBR, katastr, ocenění, územní plánování a **realizované prodejní ceny** na jednu adresu. Praktický vstup, když je potřeba všechno o jedné dánské nemovitosti",official,open,search,reference,,,,https://www.ois.dk/,dk-ois,2026-08-28
Firmy a due diligence,Nemovitosti a trh,property,Estonsko,EE,Maa- ja Ruumiamet,maaruum.ee,"Estonský pozemkový a prostorový úřad, nástupce Maa-amet. Provozuje **databázi realizovaných transakcí** s cenami, plochami a typy nemovitostí po obcích — Estonsko patří k mála zemím EU, kde jsou kupní ceny plošně veřejné",official,open,search,reference,,,,https://maaruum.ee/,ee-maaruum,2026-08-28
Firmy a due diligence,Nemovitosti a trh,property,Finsko,FI,Asuntojen hinnat (Tilastokeskus),stat.fi,"Finská statistika cen bytů — čtvrtletní ceny podle obcí, čtvrtí a stáří domu, s API do databáze PxWeb. Jednotlivé transakce vede pozemkový úřad a veřejné nejsou",official,open,api,reference,,,,https://stat.fi/fi/tilasto/ashi,fi-ashi,2026-08-28
Firmy a due diligence,Nemovitosti a trh,property,Francie,FR,DVF — Demandes de valeurs foncières,app.dvf.etalab.gouv.fr,"**Realizované ceny nemovitostních transakcí** ve Francii — každý prodej za posledních pět let s cenou, plochou, typem a parcelou, na mapě i ke stažení. Jedna z mála zemí EU, kde jsou skutečné kupní ceny veřejné a plošné, ne jen nabídkové",official,open,bulk,reference,,,,https://app.dvf.etalab.gouv.fr/,fr-dvf,2026-08-28
Firmy a due diligence,Nemovitosti a trh,property,Německo,DE,BORIS-D — Bodenrichtwerte,bodenrichtwerte-boris.de,"Celoněmecká mapa úředních směrných hodnot pozemků (Bodenrichtwerte) sestavovaná znaleckými komisemi — hodnota za m² podle lokality a využití, srovnatelná napříč zeměmi. Jediný národní pohled na německé ceny pozemků; realizované ceny transakcí veřejné nejsou",official,open,ogc,reference,,,,https://www.bodenrichtwerte-boris.de/boris-d/,de-boris-d,2026-08-28
Firmy a due diligence,Nemovitosti a trh,property,Řecko,GR,Bank of Greece — indexy cen nemovitostí,bankofgreece.gr,"Řecké indexy cen bydlení i komerčních nemovitostí, které centrální banka počítá z ocenění hlášených všemi úvěrovými institucemi. Historická řada je ke stažení jako XLS, vedle ní stojí dílčí indexy podle stáří bytu a podle geografické oblasti. Server odmítá automatické klienty s 403; v prohlížeči se otevře normálně.",official,open,download,reference,,,,https://www.bankofgreece.gr/en/statistics/real-estate-market/residential-and-commercial-property-price-indices-and-other-short-term-indices,gr-bog-deiktes-akiniton,2026-08-30
Firmy a due diligence,Nemovitosti a trh,property,Maďarsko,HU,E-építés,e-epites.hu,"Maďarský portál stavebního řízení — evidence stavebních povolení, územních plánů obcí a stavební dokumentace. U maďarské nemovitosti odpoví, co se na pozemku smí. Server má vadný řetěz certifikátů, obsah je dostupný",official,open,search,reference,,,,https://e-epites.hu/,hu-e-epites,2026-08-28
Firmy a due diligence,Nemovitosti a trh,property,Irsko,IE,Residential Property Price Register,propertypriceregister.ie,"**Realizované ceny všech prodejů rezidenčních nemovitostí v Irsku od roku 2010** — adresa, datum, cena, nová nebo starší stavba, ke stažení jako CSV. Vedle Francie je Irsko jediná země EU s takto plošně veřejnými kupními cenami",official,open,bulk,reference,,,,https://www.propertypriceregister.ie/,ie-propertypriceregister,2026-08-28
Firmy a due diligence,Nemovitosti a trh,property,Itálie,IT,OMI — Osservatorio del Mercato Immobiliare,agenziaentrate.gov.it,"Italská observatoř trhu s nemovitostmi při daňové správě. Publikuje **rozpětí cen za metr čtvereční pro každou zónu každé obce**, pololetně a ke stažení — základ pro odhady i pro daňové kontroly podhodnocených kupních cen",official,open,bulk,reference,,,,https://www.agenziaentrate.gov.it/portale/web/guest/schede/fabbricatiterreni/omi,it-omi,2026-08-28
Firmy a due diligence,Nemovitosti a trh,property,Lotyšsko,LV,VZD — otevřená data trhu nemovitostí,vzd.gov.lv,"Databáze převodů nemovitostí Státní pozemkové služby jako otevřená data v CSV a XLSX, měsíčně aktualizovaná a sahající do roku 2012. Údaje přicházejí z pozemkových knih, takže nejde o inzerci, ale o skutečně zapsané kupní transakce",official,open,bulk,reference,,,,https://www.vzd.gov.lv/lv/pakalpojumi/NITISad2,lv-vzd-nitis-atvertie-dati,2026-08-29
Firmy a due diligence,Nemovitosti a trh,property,Litva,LT,Registrų centras — statistika trhu s nemovitostmi,registrucentras.lt,"Litevský registr publikuje **statistiku realizovaných transakcí** — počty, průměrné ceny a plochy po obcích a typech nemovitostí. Jednotlivé kupní ceny jsou dostupné jen za poplatek",official,open,download,reference,,,,https://www.registrucentras.lt/p/1090,lt-rc-turgus,2026-08-28
Firmy a due diligence,Nemovitosti a trh,property,Lucembursko,LU,Observatoire de l'Habitat,logement.public.lu,"Lucemburská observatoř bydlení. Publikuje **ceny prodaných bytů a domů po obcích** i ceny stavebních pozemků a nájmů, čtvrtletně a s otevřenými daty",official,open,bulk,reference,,,,https://logement.public.lu/fr/observatoire-habitat.html,lu-observatoire-habitat,2026-08-28
Firmy a due diligence,Nemovitosti a trh,property,Malta,MT,Planning Authority Malta,pa.org.mt,"Maltský územně plánovací úřad — **mapová aplikace se stavebními povoleními, územními plány a ochrannými zónami**, a rejstřík všech žádostí o povolení. Na Maltě je to hlavní veřejný zdroj o tom, co se kde smí a co se kde staví. Na automat vrací 403, v prohlížeči funguje",official,open,ogc,reference,,,,https://www.pa.org.mt/,mt-pa,2026-08-28
Firmy a due diligence,Nemovitosti a trh,property,Nizozemsko,NL,CBS — ceny existujících bytů a domů,cbs.nl,"Cenový index a průměrné prodejní ceny existujícího bydlení od roku 1995, počty transakcí i celková hodnota prodejů. Staví se na úplné evidenci převodů z Kadastru, ne na inzerci; dataset 85773NED jde odebírat i strojově přes StatLine OData",official,open,api,reference,,,,https://www.cbs.nl/nl-nl/cijfers/detail/85773NED,nl-cbs-koopwoningen-prijsindex,2026-08-29
Firmy a due diligence,Nemovitosti a trh,property,Polsko,PL,Rejestr Cen Nieruchomości (RCN),geoportal.gov.pl,"Registr cen z realitních transakcí, který vede 385 okresních úřadů. Novelou geodetického zákona z 26. 9. 2025 se poskytuje bezplatně a od února 2026 je v geoportálu jako WMS/WFS vrstva s cenou i parametry transakce",official,open,ogc,reference,,,,https://www.geoportal.gov.pl/pl/dane/rejestr-cen-nieruchomosci-rcn/,pl-rejestr-cen-nieruchomosci-rcn,2026-08-28
Firmy a due diligence,Nemovitosti a trh,property,Portugalsko,PT,Portal da Habitação,portaldahabitacao.pt,Portugalský portál bydlení spravovaný IHRU. Vedle podpor a programů zpřístupňuje statistiky trhu a evidenci nájemních smluv; ceny transakcí publikuje statistický úřad po obcích,official,open,none,reference,,,,https://www.portaldahabitacao.pt/,pt-habitacao,2026-08-28
Firmy a due diligence,Nemovitosti a trh,property,Slovensko,SK,NBS — ceny nehnuteľností na bývanie,nbs.sk,"Slovenská národní banka publikuje **čtvrtletní ceny bydlení za metr čtvereční** po krajích a typech nemovitostí, včetně dlouhých časových řad ke stažení",official,open,bulk,reference,,,,https://www.nbs.sk/statisticke-udaje/vybrane-makroekonomicke-ukazovatele/ceny-nehnutelnosti-na-byvanie/,sk-nbs-ceny,2026-08-28
Firmy a due diligence,Nemovitosti a trh,property,Slovinsko,SI,Prostorski informacijski sistem (PIS),ipi.eprostor.gov.si,"Slovinský prostorový informační systém — územní plány obcí a státu, stavební povolení, chráněná území a omezení využití pozemku na jednom místě. U slovinské nemovitosti odpoví, co se na pozemku smí",official,open,ogc,reference,,,,https://ipi.eprostor.gov.si/,si-ipi,2026-08-28
Firmy a due diligence,Nemovitosti a trh,property,Španělsko,ES,MIVAU — Ministerio de Vivienda y Agenda Urbana,mivau.gob.es,"Španělské ministerstvo bydlení publikuje **statistiky cen bydlení, transakcí a odhadů** po provinciích a obcích, včetně řad zpět do 90. let. Agendu převzalo v roce 2023 od ministerstva dopravy, jehož adresa už nefunguje",official,open,bulk,reference,,,,https://www.mivau.gob.es/,es-mivau,2026-08-28
Firmy a due diligence,Nemovitosti a trh,property,Švédsko,SE,Fastighetsprisregistret (Lantmäteriet),lantmateriet.se,"Registr převodů nemovitostí od roku 1965 s kupní cenou, datem, kupujícím i prodávajícím a identifikací pozemku. Pokrývá celou zemi a je podkladem oficiální cenové statistiky SCB, ale veřejně se v něm nehledá — data se objednávají jako placený výdej",official,paid,bulk,reference,,,,https://www.lantmateriet.se/sv/fastighet-och-mark/information-om-fastigheter/Fastighetsprisregistret/,se-lantmateriet-fastighetsprisregistret,2026-08-29
Rizika a OSINT,Sankce a compliance,sanctions,Evropská unie,EU,EU Sanctions Map,sanctionsmap.eu,"Přehled všech sankčních režimů EU po zemích a tématech — jaká opatření platí, na základě kterého právního aktu a od kdy, s odkazem na příslušné nařízení. Vysvětluje kontext, který samotný seznam jmen nedává",intl,open,search,reference,,,,https://www.sanctionsmap.eu/,eu-sanctions-map,2026-08-28
Rizika a OSINT,Sankce a compliance,sanctions,Evropská unie,EU,Sankce EU — konsolidovaný seznam,finance.ec.europa.eu,"Rozcestník Komise k sankčnímu seznamu EU — právní základ, konsolidovaný seznam osob a subjektů pod finančními sankcemi a služba Financial Sanctions Files (FSF) se strojovým výstupem v XML a CSV. Stažení z FSF vyžaduje token od Komise; volně přístupnou obdobu téhož seznamu vydává OpenSanctions",intl,restricted,bulk,reference,,,,https://finance.ec.europa.eu/eu-and-world/sanctions-restrictive-measures/overview-sanctions-and-related-resources_en,eu-fsf,2026-08-28
Rizika a OSINT,Sankce a compliance,sanctions,Celosvětové,GLOBAL,OpenSanctions,opensanctions.org,"Sankční seznamy, PEP a watchlisty z ~460 zdrojů (přes 1,9 mil. entit) — bulk data ve FollowTheMoney i screening API; zdarma pro nekomerční užití, komerčně za licenci",ngo,mixed,bulk,reference,,,,https://www.opensanctions.org/,global-opensanctions,2026-08-28
Rizika a OSINT,"Kriminalita, IZS, bezpečnost",security,Evropská unie,EU,Copernicus EMS,emergency.copernicus.eu,"Emergency Management Service — On-Demand Mapping satelitních map škod pro aktivované mimořádné události, povodně EFAS/GloFAS, sucho EDO/GDO a lesní požáry na forest-fire.emergency.copernicus.eu",intl,open,download,reference,,,,https://emergency.copernicus.eu/,eu-copernicus-ems,2026-08-28
Rizika a OSINT,"Kriminalita, IZS, bezpečnost",security,Celosvětové,GLOBAL,ACLED,acleddata.com,Armed Conflict Location & Event Data — georeferencované konflikty a protesty,ngo,registration,api,reference,,,,https://acleddata.com/,global-acled,2026-08-28
Rizika a OSINT,"Kriminalita, IZS, bezpečnost",security,Celosvětové,GLOBAL,GDELT,gdeltproject.org,"Globální event database z médií s geokódováním, BigQuery dataset",research,open,api,reference,,,,https://www.gdeltproject.org/,global-gdelt,2026-08-28
Rizika a OSINT,"Kriminalita, IZS, bezpečnost",security,Celosvětové,GLOBAL,GDACS,gdacs.org,"Globální upozornění na katastrofy (EC-JRC a OSN) — zemětřesení, cyklóny, povodně a sopky s geodaty a odhadem zasažené populace",intl,open,api,reference,,,,https://www.gdacs.org/,global-gdacs,2026-08-28
Rizika a OSINT,"Kriminalita, IZS, bezpečnost",security,Celosvětové,GLOBAL,UCDP,ucdp.uu.se,"Uppsala Conflict Data Program — georeferencovaná databáze událostí ozbrojených konfliktů (GED) od roku 1989, delší časová řada a jiná metodika kódování než ACLED",research,open,bulk,reference,,,,https://ucdp.uu.se/,global-ucdp,2026-08-28
Rizika a OSINT,"Kriminalita, IZS, bezpečnost",security,Rakousko,AT,Bundeskriminalamt — kriminální statistika,bundeskriminalamt.at,"Rakouská policejní kriminální statistika — evidované a objasněné skutky po druzích, spolkových zemích a okresech, s ročními zprávami ke stažení a analýzami trendů. Nejpodrobnější veřejná kriminální data pro Rakousko",official,open,download,reference,,,,https://www.bundeskriminalamt.at/501/start.html,at-bundeskriminalamt,2026-08-28
Rizika a OSINT,"Kriminalita, IZS, bezpečnost",security,Belgie,BE,Statistiques policières de criminalité,stat.policefederale.be,"Kriminální statistiky belgické federální policie — evidované skutky po druzích, policejních zónách a obcích, s dlouhými řadami a tabulkami ke stažení. Na automat vrací 403, v prohlížeči funguje",official,open,download,reference,,,,https://www.stat.policefederale.be/,be-police-stats,2026-08-28
Rizika a OSINT,"Kriminalita, IZS, bezpečnost",security,Bulharsko,BG,МВР — Министерство на вътрешните работи,mvr.bg,"Bulharské ministerstvo vnitra — statistiky kriminality a dopravních nehod, registry zbraní a bezpečnostních služeb, výroční zprávy ke stažení",official,open,download,reference,,,,https://www.mvr.bg/,bg-mvr,2026-08-28
Rizika a OSINT,"Kriminalita, IZS, bezpečnost",security,Chorvatsko,HR,MUP — Ministarstvo unutarnjih poslova,mup.gov.hr,"Chorvatské ministerstvo vnitra — **statistiky kriminality a dopravních nehod po župách, výroční bezpečnostní zprávy** a registry zbraní a bezpečnostních služeb",official,open,download,reference,,,,https://mup.gov.hr/,hr-mup,2026-08-28
Rizika a OSINT,"Kriminalita, IZS, bezpečnost",security,Kypr,CY,Cyprus Police,police.gov.cy,"Kyperská policie — statistiky kriminality po okresech a druzích činů, dopravní nehody a výroční zprávy ke stažení",official,open,download,reference,,,,https://www.police.gov.cy/,cy-police,2026-08-28
Rizika a OSINT,"Kriminalita, IZS, bezpečnost",security,Česko,CZ,Portál krizového řízení Stč. kraje,pkr.kr-stredocesky.cz,Zásahy jednotek požární ochrany — mapa a feed událostí IZS,regional,open,none,history,16,12,2026-08-24,https://pkr.kr-stredocesky.cz/,cz-portal-krizoveho-rizeni-stc-kraje,2026-08-28
Rizika a OSINT,"Kriminalita, IZS, bezpečnost",security,Česko,CZ,HZS Královéhradecký — Události,udalostikhk.hzscr.cz,"Veřejný výpis zásahů HZS Královéhradeckého kraje — typ události, obec a čas ohlášení, průběžně doplňovaný; nejbližší veřejný zdroj o operační činnosti IZS na krajské úrovni",regional,open,none,history,5,3,2026-08-24,https://udalostikhk.hzscr.cz/,cz-hzs-kralovehradecky-udalosti,2026-08-28
Rizika a OSINT,"Kriminalita, IZS, bezpečnost",security,Česko,CZ,HZS Vysočina — Webohled,webohled.hasici-vysocina.cz,"Veřejný portál událostí hasičů kraje Vysočina — pozor, TLS certifikát vypršel v srpnu 2020 a je vystavený na jiný název",regional,open,none,history,9,5,2026-08-24,https://webohled.hasici-vysocina.cz/,cz-hzs-vysocina-webohled,2026-08-28
Rizika a OSINT,"Kriminalita, IZS, bezpečnost",security,Česko,CZ,Mapa kriminality (Policie ČR),kriminalita.policie.gov.cz,Oficiální mapa kriminality Policie ČR — evidované a objasněné skutky podle druhu trestné činnosti a územních obvodů policie; aplikace vyžaduje JavaScript,official,open,download,reference,,,,https://kriminalita.policie.gov.cz/,cz-mapa-kriminality-policie-cr,2026-08-28
Rizika a OSINT,"Kriminalita, IZS, bezpečnost",security,Česko,CZ,Situační radar (HzsRadar),situacni-radar.fly.dev,"Vlastní agregace hlášení IZS v Phoenixu — sbírá krajské výpisy zásahů do jednoho proudu s časovou osou a mapou; ukázka toho, co jde z veřejných krajských zdrojů složit",ngo,open,none,history,41,9,2026-08-27,https://situacni-radar.fly.dev/,cz-situacni-radar-hzsradar,2026-08-28
Rizika a OSINT,"Kriminalita, IZS, bezpečnost",security,Dánsko,DK,Danmarks Statistik — kriminalita,statbank.dk,"Dánská kriminální statistika ve Statistikbanken — **evidované trestné činy, obvinění a odsouzení po druzích, obcích a letech**, s API. Web policie politi.dk automatickým klientům neodpovídá; oficiální čísla vydává statistický úřad",official,open,api,reference,,,,https://www.statbank.dk/statbank5a/SelectVarVal/Define.asp?Maintable=STRAF11,dk-politi-statistik,2026-08-28
Rizika a OSINT,"Kriminalita, IZS, bezpečnost",security,Estonsko,EE,Politsei- ja Piirivalveamet,politsei.ee,"Estonská policie a pohraniční stráž — statistiky kriminality po krajích a druzích činů, dopravní nehody a výroční přehledy",official,open,download,reference,,,,https://www.politsei.ee/,ee-politsei,2026-08-28
Rizika a OSINT,"Kriminalita, IZS, bezpečnost",security,Finsko,FI,Poliisi,poliisi.fi,"Finská policie — statistiky trestné činnosti a dopravních nehod, výroční přehledy. Podrobná kriminální data vydává statistický úřad Tilastokeskus",official,open,download,reference,,,,https://poliisi.fi/,fi-poliisi,2026-08-28
Rizika a OSINT,"Kriminalita, IZS, bezpečnost",security,Francie,FR,Ministère de l'Intérieur — data o kriminalitě,interieur.gouv.fr,"Francouzské ministerstvo vnitra — statistiky kriminality po departementech a obcích, data o dopravních nehodách a volební výsledky, vydávané jako otevřená data přes data.gouv.fr. Na automat vrací 403, v prohlížeči funguje",official,open,bulk,reference,,,,https://www.interieur.gouv.fr/,fr-interieur,2026-08-28
Rizika a OSINT,"Kriminalita, IZS, bezpečnost",security,Německo,DE,BKA — Polizeiliche Kriminalstatistik,bka.de,"Spolkový kriminální úřad — policejní kriminální statistika po druzích činů, zemích a okresech s dlouhými řadami, situační zprávy k organizovanému zločinu, kyberkriminalitě a praní peněz. Zprávy o organizovaném zločinu jsou pro rizikovou analýzu použitelný podklad",official,open,download,reference,,,,https://www.bka.de/DE/Home/home_node.html,de-bka,2026-08-28
Rizika a OSINT,"Kriminalita, IZS, bezpečnost",security,Řecko,GR,Ελληνική Αστυνομία,astynomia.gr,"Řecká policie — statistiky kriminality po regionech a druzích činů, výroční přehledy a data o dopravních nehodách. Na automat vrací 403, v prohlížeči funguje",official,open,download,reference,,,,https://www.astynomia.gr/,gr-astynomia,2026-08-28
Rizika a OSINT,"Kriminalita, IZS, bezpečnost",security,Maďarsko,HU,Police.hu — kriminální statistika,police.hu,"Maďarská policie — statistiky kriminality, pátrání a informace o mimořádných událostech. Podrobná data o trestné činnosti vydává systém BSR",official,open,search,reference,,,,https://www.police.hu/,hu-police,2026-08-28
Rizika a OSINT,"Kriminalita, IZS, bezpečnost",security,Maďarsko,HU,BSR — statistika kriminality,bsr.bm.hu,"Maďarský systém statistiky trestné činnosti — evidované skutky po druzích, župách a obcích s vlastním výběrem období, včetně mapového zobrazení. Nejpodrobnější veřejná kriminální data pro Maďarsko",official,open,search,reference,,,,https://bsr.bm.hu/,hu-bsr,2026-08-28
Rizika a OSINT,"Kriminalita, IZS, bezpečnost",security,Irsko,IE,An Garda Síochána,garda.ie,"Irská policie — statistiky kriminality po divizích a druzích činů, výroční zprávy a dopravní nehody. Podrobná kriminální data vydává CSO jako oficiální statistiku",official,open,download,reference,,,,https://www.garda.ie/,ie-garda,2026-08-28
Rizika a OSINT,"Kriminalita, IZS, bezpečnost",security,Itálie,IT,Protezione Civile,protezionecivile.gov.it,"Italská civilní ochrana — denní výstrahy pro hydrogeologické a meteorologické riziko po zónách, mapy rizik a otevřená data o mimořádných událostech. Podklad pro posouzení rizika lokality",official,open,bulk,reference,,,,https://www.protezionecivile.gov.it/,it-protezionecivile,2026-08-28
Rizika a OSINT,"Kriminalita, IZS, bezpečnost",security,Lotyšsko,LV,Valsts policija,vp.gov.lv,"Lotyšská státní policie — statistiky evidované trestné činnosti po regionech a druzích činů, dopravní nehody a výroční přehledy ke stažení",official,open,download,reference,,,,https://vp.gov.lv/,lv-vp,2026-08-28
Rizika a OSINT,"Kriminalita, IZS, bezpečnost",security,Litva,LT,Lietuvos policija,policija.lrv.lt,"Litevská policie — **statistiky evidované trestné činnosti po obcích a druzích činů**, dopravní nehody a výroční zprávy. Na automat vrací 403, v prohlížeči funguje",official,open,download,reference,,,,https://policija.lrv.lt/,lt-policija,2026-08-28
Rizika a OSINT,"Kriminalita, IZS, bezpečnost",security,Lucembursko,LU,Police Grand-Ducale,police.public.lu,"Lucemburská policie — **výroční statistiky kriminality podle druhů a obcí**, dopravní nehody a bezpečnostní zprávy ke stažení",official,open,download,reference,,,,https://police.public.lu/,lu-police,2026-08-28
Rizika a OSINT,"Kriminalita, IZS, bezpečnost",security,Malta,MT,Malta Police Force,pulizija.gov.mt,"Maltská policie — bezpečnostní informace a přehledy; podrobnou kriminální statistiku po lokalitách a druzích činů vydává statistický úřad NSO. Na automat vrací 403, v prohlížeči funguje",official,open,none,reference,,,,https://pulizija.gov.mt/,mt-pulizija,2026-08-28
Rizika a OSINT,"Kriminalita, IZS, bezpečnost",security,Nizozemsko,NL,Politie Open Data,data.politie.nl,"Otevřená data nizozemské policie — evidované trestné činy po druzích, obcích a čtvrtích v měsíčním kroku, s objasněností, přes stejné StatLine rozhraní jako CBS. Web politie.nl vrací automatu 403, tohle je datová cesta",official,open,api,reference,,,,https://data.politie.nl/,nl-data-politie,2026-08-28
Rizika a OSINT,"Kriminalita, IZS, bezpečnost",security,Polsko,PL,Statystyka Policji,statystyka.policja.pl,"Statistiky polské policie — zjištěné a objasněné trestné činy po kategoriích, vojvodstvích a okresech, dopravní nehody a údaje o obětech, v řadách několik desítek let zpět. Tabulky ke stažení; nejpodrobnější veřejná kriminální statistika v Polsku",official,open,download,reference,,,,https://statystyka.policja.pl/,pl-statystyka-policja,2026-08-28
Rizika a OSINT,"Kriminalita, IZS, bezpečnost",security,Polsko,PL,Rządowe Centrum Bezpieczeństwa,gov.pl,"Vládní centrum bezpečnosti — krizová varování rozesílaná jako SMS na ohrožená území, denní zprávy o hrozbách a plány krizového řízení. Zdroj pro to, co se v Polsku právě považuje za mimořádnou situaci",official,open,none,reference,,,,https://www.gov.pl/web/rcb,pl-rcb,2026-08-28
Rizika a OSINT,"Kriminalita, IZS, bezpečnost",security,Portugalsko,PT,SGMAI — vnitřní bezpečnost,sg.mai.gov.pt,Generální sekretariát portugalského ministerstva vnitra — **výroční zprávy o vnitřní bezpečnosti (RASI) se statistikami kriminality po okresech** a data o dopravních nehodách,official,open,download,reference,,,,https://www.sg.mai.gov.pt/,pt-sgmai,2026-08-28
Rizika a OSINT,"Kriminalita, IZS, bezpečnost",security,Rumunsko,RO,IGSU — záchranný sbor,igsu.ro,"Rumunský generální inspektorát pro mimořádné situace — zásahy, varování, statistiky požárů a nehod a krizové informace",official,open,none,reference,,,,https://igsu.ro/,ro-igsu,2026-08-28
Rizika a OSINT,"Kriminalita, IZS, bezpečnost",security,Rumunsko,RO,Poliția Română,politiaromana.ro,"Rumunská policie — statistiky kriminality, výroční zprávy a pátrání. Data po župách a druzích činů ve výročních přehledech ke stažení",official,open,download,reference,,,,https://politiaromana.ro/,ro-politiaromana,2026-08-28
Rizika a OSINT,"Kriminalita, IZS, bezpečnost",security,Slovensko,SK,MV SR — štatistiky kriminality,minv.sk,"Slovenské ministerstvo vnitra — **statistiky kriminality po krajích a okresech, dopravní nehody a výroční zprávy**, plus registry zbraní a bezpečnostních služeb",official,open,download,reference,,,,https://www.minv.sk/,sk-minv-statistiky,2026-08-28
Rizika a OSINT,"Kriminalita, IZS, bezpečnost",security,Slovinsko,SI,Policija — statistika,policija.si,"Slovinská policie — statistiky kriminality po policejních obvodech a druzích činů, roční zprávy a data o dopravních nehodách, ke stažení",official,open,download,reference,,,,https://www.policija.si/,si-policija,2026-08-28
Rizika a OSINT,"Kriminalita, IZS, bezpečnost",security,Španělsko,ES,Ministerio del Interior — kriminální statistiky,interior.gob.es,"Španělské ministerstvo vnitra — čtvrtletní a roční statistiky kriminality po provinciích a obcích nad 20 tisíc obyvatel, včetně kybernetické kriminality. Na automat vrací 403, v prohlížeči funguje",official,open,download,reference,,,,https://www.interior.gob.es/,es-interior,2026-08-28
Rizika a OSINT,"Kriminalita, IZS, bezpečnost",security,Švédsko,SE,Brå — Brottsförebyggande rådet,bra.se,"Švédská rada pro prevenci kriminality — **oficiální kriminální statistika po druzích činů, krajích a obcích s dlouhými řadami**, výzkumné zprávy a databáze s API. Nejlépe zpracovaná kriminální statistika v EU",official,open,api,reference,,,,https://bra.se/,se-bra,2026-08-28
Rizika a OSINT,"Kriminalita, IZS, bezpečnost",security,Spojené království,GB,data.police.uk,data.police.uk,"UK street-level crime + outcomes API, měsíční CSV s lat/lon a force area",official,open,api,reference,,,,https://data.police.uk/,gb-data-police-uk,2026-08-28
Rizika a OSINT,"Kriminalita, IZS, bezpečnost",security,Spojené státy,US,SFPD Crime Dashboard,sanfranciscopolice.org,Incident-level crime data SF s prostorovou složkou — referenční vzor crime dashboardu,regional,open,api,history,1,1,2026-08-27,https://www.sanfranciscopolice.org/stay-safe/crime-data/crime-dashboard,us-sfpd-crime-dashboard,2026-08-28
Rizika a OSINT,Kyberbezpečnost a CERT,cyber,Evropská unie,EU,CERT-EU,cert.europa.eu,"Bezpečnostní tým institucí EU — veřejná bezpečnostní doporučení k aktivně zneužívaným zranitelnostem, přehledy hrozeb a čtvrtletní zprávy o kampaních proti evropským cílům. Doporučení nesou konkrétní verze produktů a doporučená opatření",intl,open,download,reference,,,,https://cert.europa.eu/,eu-cert-eu,2026-08-28
Rizika a OSINT,Kyberbezpečnost a CERT,cyber,Evropská unie,EU,EUVD — evropská databáze zranitelností,euvd.enisa.europa.eu,"Databáze zranitelností provozovaná agenturou ENISA podle směrnice NIS2 — záznamy s hodnocením závažnosti, odkazy na opravy a příznakem aktivního zneužívání, s vlastním API. Evropský protějšek americké NVD, užitečný když je potřeba zdroj nezávislý na jedné jurisdikci",intl,open,api,reference,,,,https://euvd.enisa.europa.eu/,eu-euvd,2026-08-28
Rizika a OSINT,Kyberbezpečnost a CERT,cyber,Evropská unie,EU,CSIRTs Network,csirtsnetwork.eu,"Síť národních bezpečnostních týmů členských států — kontakty a odkazy na CSIRT každé země. Rozcestník, ze kterého se dohledá národní tým a jeho veřejná varování, když je potřeba informace ke konkrétní jurisdikci",intl,open,none,reference,,,,https://csirtsnetwork.eu/,eu-csirts-network,2026-08-28
Rizika a OSINT,Kyberbezpečnost a CERT,cyber,Rakousko,AT,CERT.at,cert.at,"Rakouský národní bezpečnostní tým provozovaný nic.at — varování ke zneužívaným zranitelnostem, denní přehledy hrozeb a výroční zprávy o incidentech v rakouské části internetu. Vedle něj působí vládní GovCERT pro státní správu",ngo,open,none,reference,,,,https://www.cert.at/de/,at-cert-at,2026-08-28
Rizika a OSINT,Kyberbezpečnost a CERT,cyber,Belgie,BE,CCB / CERT.be,ccb.belgium.be,"Centrum pro kybernetickou bezpečnost Belgie a jeho tým CERT.be — bezpečnostní varování, doporučení a výroční přehledy incidentů. Doména cert.be dnes vede sem. Na automat vrací 403, v prohlížeči funguje",official,open,none,reference,,,,https://ccb.belgium.be/,be-ccb,2026-08-28
Rizika a OSINT,Kyberbezpečnost a CERT,cyber,Bulharsko,BG,CERT Bulgaria (GovCERT),govcert.bg,"Bulharský národní bezpečnostní tým — varování ke zranitelnostem, upozornění na kampaně a doporučení pro provozovatele základních služeb",official,open,none,reference,,,,https://www.govcert.bg/,bg-govcert,2026-08-28
Rizika a OSINT,Kyberbezpečnost a CERT,cyber,Chorvatsko,HR,CERT.hr,cert.hr,"Chorvatský národní bezpečnostní tým provozovaný CARNET — varování ke zranitelnostem, upozornění na phishingové kampaně a roční zprávy o incidentech",official,open,none,reference,,,,https://www.cert.hr/,hr-cert,2026-08-28
Rizika a OSINT,Kyberbezpečnost a CERT,cyber,Česko,CZ,NÚKIB,nukib.gov.cz,"Národní úřad pro kybernetickou a informační bezpečnost — varování a reaktivní opatření závazná pro správce kritické infrastruktury, metodiky k NIS2 a zprávy o stavu kybernetické bezpečnosti v ČR. Vydaná varování mají přímý dopad na to, čí technologii smí stát používat",official,open,none,reference,,,,https://nukib.gov.cz/cs/,cz-nukib,2026-08-28
Rizika a OSINT,Kyberbezpečnost a CERT,cyber,Česko,CZ,CSIRT.CZ,csirt.cz,"Národní bezpečnostní tým provozovaný sdružením CZ.NIC — řeší incidenty v české části internetu mimo státní správu, vydává varování a provozuje projekty jako honeypoty a Turris Sentinel. Doplněk k NÚKIB pro soukromý sektor",ngo,open,none,reference,,,,https://csirt.cz/cs/,cz-csirt-cz,2026-08-28
Rizika a OSINT,Kyberbezpečnost a CERT,cyber,Dánsko,DK,Center for Cybersikkerhed (samsik.dk),cfcs.dk,"Dánské centrum kybernetické bezpečnosti — hodnocení kybernetické hrozby pro Dánsko, varování a doporučení pro kritickou infrastrukturu. Doména cfcs.dk vede na nový web samsik.dk",official,open,none,reference,,,,https://www.cfcs.dk/,dk-samsik,2026-08-28
Rizika a OSINT,Kyberbezpečnost a CERT,cyber,Estonsko,EE,RIA / CERT-EE,ria.ee,"Estonský úřad informačního systému a jeho tým CERT-EE — varování ke zranitelnostem, **čtvrtletní a roční přehledy kybernetických incidentů** a doporučení. Estonsko má po útocích z roku 2007 jednu z nejrozvinutějších praxí v EU",official,open,none,reference,,,,https://www.ria.ee/,ee-ria,2026-08-28
Rizika a OSINT,Kyberbezpečnost a CERT,cyber,Finsko,FI,Kyberturvallisuuskeskus (NCSC-FI),kyberturvallisuuskeskus.fi,"Finské národní centrum kybernetické bezpečnosti — varování ke zranitelnostem, **týdenní přehledy incidentů a strojový odběr**, a informace o stavu finských sítí. Součást dopravní a komunikační agentury Traficom",official,open,api,reference,,,,https://www.kyberturvallisuuskeskus.fi/,fi-kyberturvallisuuskeskus,2026-08-28
Rizika a OSINT,Kyberbezpečnost a CERT,cyber,Francie,FR,CERT-FR (ANSSI),cert.ssi.gouv.fr,"Vládní bezpečnostní tým ANSSI — varování a bulletiny ke zranitelnostem s hodnocením rizika, analýzy útočných kampaní a doporučení. Publikuje i strojově odebíratelné indikátory kompromitace",official,open,api,reference,,,,https://www.cert.ssi.gouv.fr/,fr-cert-fr,2026-08-28
Rizika a OSINT,Kyberbezpečnost a CERT,cyber,Francie,FR,Cybermalveillance.gouv.fr,cybermalveillance.gouv.fr,"Francouzská platforma pomoci obětem kybernetických incidentů — roční přehledy typů útoků podle cíle a odvětví, varování a metodiky. Statistiky jsou použitelný obrázek toho, co reálně dopadá na francouzské firmy",official,open,download,reference,,,,https://www.cybermalveillance.gouv.fr/,fr-cybermalveillance,2026-08-28
Rizika a OSINT,Kyberbezpečnost a CERT,cyber,Německo,DE,BSI — Bundesamt für Sicherheit in der Informationstechnik,bsi.bund.de,"Německý úřad pro kybernetickou bezpečnost — situační zprávy o stavu IT bezpečnosti, technické směrnice, standardy IT-Grundschutz a doporučení pro provozovatele kritické infrastruktury. Jeho standardy se běžně vyžadují i mimo Německo",official,open,none,reference,,,,https://www.bsi.bund.de/DE/Home/home_node.html,de-bsi,2026-08-28
Rizika a OSINT,Kyberbezpečnost a CERT,cyber,Německo,DE,CERT-Bund Warn- und Informationsdienst,wid.cert-bund.de,"Varovná služba německého vládního CERTu — zranitelnosti s hodnocením rizika, dotčenými produkty a doporučeným postupem, průběžně aktualizované. Má i strojový odběr; praktičtější než čekat na výroční zprávu BSI",official,open,api,reference,,,,https://wid.cert-bund.de/,de-cert-bund-wid,2026-08-28
Rizika a OSINT,Kyberbezpečnost a CERT,cyber,Maďarsko,HU,NKI — Nemzeti Kibervédelmi Intézet,nki.gov.hu,"Maďarský národní institut kybernetické obrany a jeho CERT — varování ke zranitelnostem, upozornění na kampaně a doporučení pro provozovatele základních služeb",official,open,none,reference,,,,https://nki.gov.hu/,hu-nki,2026-08-28
Rizika a OSINT,Kyberbezpečnost a CERT,cyber,Irsko,IE,NCSC Ireland,ncsc.gov.ie,"Irské národní centrum kybernetické bezpečnosti — bezpečnostní upozornění, doporučení a zprávy o hrozbách pro kritickou infrastrukturu a veřejnou správu",official,open,none,reference,,,,https://www.ncsc.gov.ie/,ie-ncsc,2026-08-28
Rizika a OSINT,Kyberbezpečnost a CERT,cyber,Itálie,IT,CSIRT Italia (ACN),acn.gov.it,"Italský národní bezpečnostní tým pod Agenturou pro národní kybernetickou bezpečnost — varování ke zranitelnostem, upozornění na kampaně a strojový odběr indikátorů. Doména csirt.gov.it sem vede",official,open,api,reference,,,,https://www.acn.gov.it/portale/csirt-italia/,it-acn-csirt,2026-08-28
Rizika a OSINT,Kyberbezpečnost a CERT,cyber,Lotyšsko,LV,CERT.LV,cert.lv,"Lotyšský národní bezpečnostní tým — varování ke zranitelnostem, **měsíční a čtvrtletní přehledy incidentů** a doporučení. Lotyšsko zveřejňuje statistiky incidentů podrobněji než většina států",official,open,none,reference,,,,https://www.cert.lv/,lv-cert,2026-08-28
Rizika a OSINT,Kyberbezpečnost a CERT,cyber,Litva,LT,NKSC — Nacionalinis kibernetinio saugumo centras,nksc.lt,"Litevské národní centrum kybernetické bezpečnosti — varování ke zranitelnostem, **analýzy incidentů a bezpečnostní posouzení zařízení a aplikací**. Na automat vrací 403, v prohlížeči funguje",official,open,none,reference,,,,https://www.nksc.lt/,lt-nksc,2026-08-28
Rizika a OSINT,Kyberbezpečnost a CERT,cyber,Lucembursko,LU,CIRCL,circl.lu,"Lucemburský bezpečnostní tým pro soukromý sektor — varování, analýzy incidentů a hlavně **provoz platformy MISP pro sdílení indikátorů kompromitace**, kterou používají CERTy po celém světě. Nástroje i data jsou otevřené",official,open,api,reference,,,,https://www.circl.lu/,lu-circl,2026-08-28
Rizika a OSINT,Kyberbezpečnost a CERT,cyber,Nizozemsko,NL,NCSC-NL,ncsc.nl,"Nizozemské národní centrum kybernetické bezpečnosti — bezpečnostní doporučení ke zranitelnostem s hodnocením rizika a strojovým odběrem, situační zprávy a analýzy hrozeb pro kritickou infrastrukturu",official,open,api,reference,,,,https://www.ncsc.nl/,nl-ncsc,2026-08-28
Rizika a OSINT,Kyberbezpečnost a CERT,cyber,Polsko,PL,CERT Polska,cert.pl,"Národní bezpečnostní tým provozovaný institutem NASK — analýzy kampaní, výroční zprávy o incidentech v polské části internetu a veřejné seznamy jako varovný list phishingových domén, který polští operátoři blokují. Část výstupů má strojové rozhraní",official,open,api,reference,,,,https://cert.pl/,pl-cert-pl,2026-08-28
Rizika a OSINT,Kyberbezpečnost a CERT,cyber,Polsko,PL,CSIRT GOV,csirt.gov.pl,"Vládní bezpečnostní tým provozovaný agenturou ABW — chrání státní správu a kritickou infrastrukturu, vydává varování ke zranitelnostem a doporučení. Doplněk k CERT Polska, který pokrývá zbytek sítě",official,open,none,reference,,,,https://csirt.gov.pl/,pl-csirt-gov,2026-08-28
Rizika a OSINT,Kyberbezpečnost a CERT,cyber,Portugalsko,PT,CERT.PT / RCTS CERT,cert.rcts.pt,"Bezpečnostní tým portugalské akademické a výzkumné sítě, který plní i roli národního CERTu — varování ke zranitelnostem, upozornění na kampaně a statistiky incidentů",official,open,none,reference,,,,https://www.cert.rcts.pt/,pt-cert-rcts,2026-08-28
Rizika a OSINT,Kyberbezpečnost a CERT,cyber,Rumunsko,RO,DNSC — Directoratul Național de Securitate Cibernetică,dnsc.ro,"Rumunský národní direktorát kybernetické bezpečnosti — varování ke zranitelnostem, upozornění na phishingové kampaně a výroční zprávy. Nástupce CERT-RO. Na automat vrací 403, v prohlížeči funguje",official,open,none,reference,,,,https://dnsc.ro/,ro-dnsc,2026-08-28
Rizika a OSINT,Kyberbezpečnost a CERT,cyber,Slovensko,SK,SK-CERT,sk-cert.sk,"Národní bezpečnostní tým pod Národným bezpečnostným úradom — varování ke zranitelnostem s hodnocením závažnosti, bezpečnostní upozornění a výroční zprávy o incidentech na Slovensku",official,open,none,reference,,,,https://www.sk-cert.sk/sk/aktuality/index.html,sk-sk-cert,2026-08-28
Rizika a OSINT,Kyberbezpečnost a CERT,cyber,Slovinsko,SI,SI-CERT,cert.si,"Slovinský národní bezpečnostní tým — varování ke zranitelnostem, upozornění na phishingové kampaně a **výroční zprávy o incidentech ve slovinské části internetu**. Doména si-cert.si automatickým klientům neodpovídá, cert.si ano",official,open,none,reference,,,,https://www.cert.si/,si-cert,2026-08-28
Rizika a OSINT,Kyberbezpečnost a CERT,cyber,Španělsko,ES,INCIBE-CERT,incibe.es,"Španělský národní bezpečnostní tým pro firmy a kritickou infrastrukturu — varování ke zranitelnostem, výstrahy k průmyslovým systémům a analýzy kampaní, se strojovým odběrem. Vládní sektor pokrývá CCN-CERT",official,open,api,reference,,,,https://www.incibe.es/incibe-cert,es-incibe,2026-08-28
Rizika a OSINT,Kyberbezpečnost a CERT,cyber,Španělsko,ES,CCN-CERT,ccn-cert.cni.es,"Bezpečnostní tým španělské zpravodajské služby pro veřejnou správu — bezpečnostní doporučení, zprávy o hrozbách a schéma národního bezpečnostního rámce ENS. Na automat vrací 403, v prohlížeči funguje",official,open,none,reference,,,,https://www.ccn-cert.cni.es/,es-ccn-cert,2026-08-28
Rizika a OSINT,Kyberbezpečnost a CERT,cyber,Švédsko,SE,CERT-SE,cert.se,"Švédský národní bezpečnostní tým pod agenturou MSB — varování ke zranitelnostem s hodnocením a **strojovým odběrem přes RSS a API**, upozornění na kampaně",official,open,api,reference,,,,https://www.cert.se/,se-cert,2026-08-28
Rizika a OSINT,Počasí a klima,weather,Evropská unie,EU,Copernicus Climate Data Store,cds.climate.copernicus.eu,"ERA5 reanalýza, klimatické projekce, API",intl,registration,api,reference,,,,https://cds.climate.copernicus.eu/,eu-copernicus-climate-data-store,2026-08-28
Rizika a OSINT,Počasí a klima,weather,Evropská unie,EU,Copernicus Atmosphere Data Store,ads.atmosphere.copernicus.eu,"CAMS analýzy a předpovědi kvality ovzduší, aerosolů a složení atmosféry — stejné katalogové rozhraní, API i earthkit jako Climate Data Store",intl,registration,api,reference,,,,https://ads.atmosphere.copernicus.eu/,eu-copernicus-atmosphere-data-store,2026-08-28
Rizika a OSINT,Počasí a klima,weather,Celosvětové,GLOBAL,Open-Meteo,open-meteo.com,"Free weather API bez klíče, historická i předpovědní data po souřadnicích",ngo,open,api,reference,,,,https://open-meteo.com/,global-open-meteo,2026-08-28
Rizika a OSINT,Počasí a klima,weather,Celosvětové,GLOBAL,WorldClim,worldclim.org,"Globální klimatické rastry — měsíční srážky a teploty a 19 bioklimatických proměnných v rozlišení 30 s až 10 min, historie i budoucí scénáře",research,open,bulk,reference,,,,https://worldclim.org/,global-worldclim,2026-08-28
Rizika a OSINT,Počasí a klima,weather,Celosvětové,GLOBAL,ECMWF Open Data,ecmwf.int,"Otevřená část předpovědí ECMWF (IFS a AIFS) v GRIB2 pod CC BY 4.0 — datový endpoint data.ecmwf.int agresivně rate-limituje, přes klienta ecmwf-opendata to jde lépe než ručně",intl,open,bulk,reference,,,,https://www.ecmwf.int/en/forecasts/datasets/open-data,global-ecmwf-open-data,2026-08-28
Rizika a OSINT,Počasí a klima,weather,Rakousko,AT,GeoSphere Data Hub,data.hub.geosphere.at,"Otevřená data rakouské meteorologické a geofyzikální služby — měření stanic, radarové a modelové srážky, klimatické řady a seismika, s REST API a stahováním po datasetech. Nástupce dat ZAMG po sloučení do GeoSphere Austria",official,open,api,reference,,,,https://data.hub.geosphere.at/,at-geosphere-hub,2026-08-28
Rizika a OSINT,Počasí a klima,weather,Belgie,BE,Open Data KMI/IRM,opendata.meteo.be,"Otevřená data belgického meteorologického ústavu — měření stanic, radarové srážky a klimatické řady, přes OGC služby i stahování. Doplněk k webu meteo.be, který nese jen předpovědi",official,open,api,reference,,,,https://opendata.meteo.be/,be-opendata-meteo,2026-08-28
Rizika a OSINT,Počasí a klima,weather,Bulharsko,BG,НИМХ — meteo.bg,meteo.bg,"Bulharský hydrometeorologický institut — předpovědi, výstrahy, měření stanic a hydrologické stavy. Otevřený strojový výdej institut nemá",official,open,none,reference,,,,https://www.meteo.bg/,bg-meteo,2026-08-28
Rizika a OSINT,Počasí a klima,weather,Chorvatsko,HR,DHMZ — meteo.hr,meteo.hr,"Chorvatský hydrometeorologický ústav — předpovědi, výstrahy, měření stanic, radar a hydrologické stavy, s XML výdejem. Doména dhmz.hr neodpovídá, funkční je meteo.hr",official,open,api,reference,,,,https://meteo.hr/,hr-meteo,2026-08-28
Rizika a OSINT,Počasí a klima,weather,Kypr,CY,Department of Meteorology — klimatologie,dom.org.cy,"Klimatologická sekce kyperské meteorologické služby — denní teploty a srážky, index SPI pro sucho, měsíční meteorologický bulletin a sezonní výhledy. Čte se na webu; hromadný export ani API služba nenabízí, na strojový odběr je potřeba sáhnout jinam",official,open,search,reference,,,,https://www.dom.org.cy/CLIMATOLOGY/English/,cy-dom-klimatologie,2026-08-29
Rizika a OSINT,Počasí a klima,weather,Česko,CZ,ČHMÚ,chmi.cz,"Předpovědi, radar, srážky, hydrologie; otevřená data na opendata.chmi.cz",official,open,api,reference,,,,https://www.chmi.cz/,cz-chmu,2026-08-28
Rizika a OSINT,Počasí a klima,weather,Česko,CZ,Meteoradar.cz,meteoradar.cz,"Srážkový radar ČR a střední Evropy v krátkém kroku s animací a předpovědí pohybu bouří — rychlejší pohled na aktuální situaci než výstupy ČHMÚ, ale bez dat ke stažení",commercial,open,none,history,2,2,2026-06-26,https://www.meteoradar.cz/,cz-meteoradar-cz,2026-08-28
Rizika a OSINT,Počasí a klima,weather,Česko,CZ,In-počasí,in-pocasi.cz,"Předpovědi, radar a síť vlastních i partnerských stanic s historií měření po lokalitách — hustší staniční pokrytí než oficiální síť, data jen v prohlížeči",commercial,open,none,history,1,1,2026-08-17,https://www.in-pocasi.cz/,cz-in-pocasi,2026-08-28
Rizika a OSINT,Počasí a klima,weather,Česko,CZ,Klimatická změna (CzechGlobe),klimatickazmena.cz,"Klimatický portál Ústavu výzkumu globální změny AV ČR — mapy, grafy a infografiky ke klimatu ČR: pozorované změny, scénáře a dopady na lesnictví, zemědělství a vodní prostředí",research,open,none,reference,,,,https://www.klimatickazmena.cz/,cz-klimaticka-zmena-czechglobe,2026-08-28
Rizika a OSINT,Počasí a klima,weather,Dánsko,DK,DMI Open Data,dmi.dk,"Dánský meteorologický institut — **měření stanic, radar, modely a klimatické řady jako otevřená data přes API**, klíč zdarma. Jeden z prvních evropských ústavů, který data plně otevřel",official,registration,api,reference,,,,https://www.dmi.dk/,dk-dmi,2026-08-28
Rizika a OSINT,Počasí a klima,weather,Estonsko,EE,Riigi Ilmateenistus,ilmateenistus.ee,"Estonská meteorologická služba — předpovědi, výstrahy, měření stanic a radar, s otevřeným XML výdejem zdarma",official,open,api,reference,,,,https://www.ilmateenistus.ee/,ee-ilmateenistus,2026-08-28
Rizika a OSINT,Počasí a klima,weather,Finsko,FI,Ilmatieteen laitos — avoin data,ilmatieteenlaitos.fi,"Finský meteorologický institut — **měření stanic, radar, modely a klimatické řady jako otevřená data přes WFS a OGC služby**, zdarma. Jeden z prvních evropských ústavů, který data plně otevřel",official,open,api,reference,,,,https://www.ilmatieteenlaitos.fi/,fi-ilmatieteenlaitos,2026-08-28
Rizika a OSINT,Počasí a klima,weather,Francie,FR,Données publiques Météo-France,donneespubliques.meteofrance.fr,"Otevřená data francouzské meteorologické služby — pozorování stanic, radar, modely AROME a ARPEGE a klimatické řady. Katalog je veřejný, stahování po bezplatné registraci",official,registration,api,reference,,,,https://donneespubliques.meteofrance.fr/,fr-meteofrance-donnees,2026-08-28
Rizika a OSINT,Počasí a klima,weather,Německo,DE,DWD Open Data,opendata.dwd.de,"Otevřený server německé meteorologické služby — měření stanic, radar RADOLAN, modely ICON, klimatické normály a dlouhé řady, všechno volně ke stažení bez registrace. Jeden z nejštědřejších meteorologických archivů v Evropě, hojně používaný i mimo Německo",official,open,bulk,reference,,,,https://opendata.dwd.de/,de-dwd-opendata,2026-08-28
Rizika a OSINT,Počasí a klima,weather,Řecko,GR,ΕΜΥ — Εθνική Μετεωρολογική Υπηρεσία,emy.gr,"Řecká národní meteorologická služba — předpovědi, výstrahy, měření stanic a klimatologie. Doména hnms.gr sem přesměrovává",official,open,none,reference,,,,https://www.emy.gr/,gr-emy,2026-08-28
Rizika a OSINT,Počasí a klima,weather,Maďarsko,HU,HungaroMet Open Data,odp.met.hu,"Otevřená data maďarské meteorologické služby — měření stanic, srážky, radar a klimatické řady ke stažení. Předpovědi a výstrahy jsou na met.hu",official,open,bulk,reference,,,,https://odp.met.hu/,hu-odp-met,2026-08-28
Rizika a OSINT,Počasí a klima,weather,Maďarsko,HU,HungaroMet,met.hu,"Maďarská meteorologická služba — předpovědi, výstrahy a radar. Data ke stažení vydává na samostatném otevřeném portálu odp.met.hu",official,open,none,reference,,,,https://www.met.hu/,hu-met,2026-08-28
Rizika a OSINT,Počasí a klima,weather,Irsko,IE,Met Éireann,met.ie,"Irská meteorologická služba — předpovědi, výstrahy, měření stanic a **historická klimatická data zdarma ke stažení**, plus otevřené API pro předpovědní model",official,open,api,reference,,,,https://www.met.ie/,ie-met,2026-08-28
Rizika a OSINT,Počasí a klima,weather,Itálie,IT,Servizio Meteorologico (Aeronautica Militare),meteoam.it,"Italská národní meteorologická služba provozovaná vojenským letectvem — předpovědi, měření stanic, radar a klimatologie, s otevřeným API. Itálie nemá civilní meteorologickou službu; regionální data vedou agentury ARPA",official,open,api,reference,,,,https://www.meteoam.it/,it-meteoam,2026-08-28
Rizika a OSINT,Počasí a klima,weather,Lotyšsko,LV,LVĢMC — meteorologie,videscentrs.lvgmc.lv,"Meteorologická sekce lotyšského střediska LVĢMC — předpovědi, výstrahy, měření stanic a klimatické řady. Environmentální a hydrologická data téhož střediska jsou ve vlastní sekci",official,open,download,reference,,,,https://videscentrs.lvgmc.lv/lapas/meteorologija,lv-lvgmc,2026-08-28
Rizika a OSINT,Počasí a klima,weather,Litva,LT,LHMT — meteo.lt,meteo.lt,"Litevská hydrometeorologická služba — předpovědi, výstrahy, měření stanic a hydrologie, s otevřeným API zdarma",official,open,api,reference,,,,https://www.meteo.lt/,lt-meteo,2026-08-28
Rizika a OSINT,Počasí a klima,weather,Lucembursko,LU,MeteoLux,meteolux.lu,"Lucemburská meteorologická služba — předpovědi, výstrahy a měření stanic. Otevřený strojový výdej služba nemá; klimatická data jsou v datech na data.public.lu",official,open,none,reference,,,,https://www.meteolux.lu/,lu-meteolux,2026-08-28
Rizika a OSINT,Počasí a klima,weather,Malta,MT,Malta Meteorological Office,maltametoffice.com,"Maltská meteorologická služba, kterou provozuje **letiště Malta International Airport** — předpovědi, výstrahy, měření a klimatické přehledy. Malta nemá samostatný státní meteorologický ústav",official,open,none,reference,,,,https://maltametoffice.com/,mt-metoffice,2026-08-28
Rizika a OSINT,Počasí a klima,weather,Nizozemsko,NL,KNMI Data Platform,dataplatform.knmi.nl,"Datová platforma nizozemského meteorologického ústavu — měření stanic, radar, modely a klimatické řady přes REST API, klíč zdarma po registraci. Web knmi.nl vrací automatu 403, tohle je datová cesta",official,registration,api,reference,,,,https://dataplatform.knmi.nl/,nl-knmi-dataplatform,2026-08-28
Rizika a OSINT,Počasí a klima,weather,Polsko,PL,IMGW — Dane publiczne,danepubliczne.imgw.pl,"Otevřená data polského hydrometeorologického ústavu — aktuální i archivní meteorologická a hydrologická měření, výstrahy a REST API; historické řady jako soubory ke stažení",official,open,api,reference,,,,https://danepubliczne.imgw.pl/,pl-imgw-dane-publiczne,2026-08-28
Rizika a OSINT,Počasí a klima,weather,Portugalsko,PT,IPMA — API,api.ipma.pt,"Otevřené rozhraní portugalského meteorologického a oceánografického ústavu — předpovědi, výstrahy, měření stanic, seismika a **index rizika lesních požárů**, bez klíče. Požární index je v Portugalsku sledovaný ukazatel",official,open,api,reference,,,,https://api.ipma.pt/,pt-ipma,2026-08-28
Rizika a OSINT,Počasí a klima,weather,Rumunsko,RO,ANM — Meteo România,meteoromania.ro,"Rumunská meteorologická správa — předpovědi, výstrahy, radar a klimatologie. Otevřený datový výdej ANM nemá; data se poskytují na žádost",official,open,none,reference,,,,https://www.meteoromania.ro/,ro-meteoromania,2026-08-28
Rizika a OSINT,Počasí a klima,weather,Slovensko,SK,SHMÚ,shmu.sk,"Slovenský hydrometeorologický ústav — výstrahy, radar, měření stanic, hydrologická data o vodních stavech a průtocích a kvalita ovzduší. Část výstupů má otevřené rozhraní; povodňové výstrahy jdou i jako strojový odběr",official,open,api,reference,,,,https://www.shmu.sk/sk/?page=1,sk-shmu,2026-08-28
Rizika a OSINT,Počasí a klima,weather,Slovinsko,SI,ARSO Meteo,meteo.arso.gov.si,"Meteorologická služba ARSO — měření stanic, radar, výstrahy a hydrologické stavy, s XML a RSS výdejem zdarma. Data o průtocích jsou v reálném čase",official,open,api,reference,,,,https://meteo.arso.gov.si/,si-meteo-arso,2026-08-28
Rizika a OSINT,Počasí a klima,weather,Španělsko,ES,AEMET OpenData,opendata.aemet.es,"Otevřená data španělské meteorologické agentury — měření stanic, předpovědi, radar, výstrahy a klimatické řady přes REST API. Klíč zdarma po registraci e-mailem",official,registration,api,reference,,,,https://opendata.aemet.es/,es-aemet-opendata,2026-08-28
Rizika a OSINT,Počasí a klima,weather,Švédsko,SE,SMHI Öppna data,opendata-download-metobs.smhi.se,"Otevřená data švédského meteorologického a hydrologického institutu — měření stanic, srážky, hydrologie a modely, **přes REST API bez klíče a bez registrace**",official,open,api,reference,,,,https://opendata-download-metobs.smhi.se/api,se-smhi,2026-08-28
Rizika a OSINT,Počasí a klima,weather,Spojené státy,US,NOAA NOMADS,nomads.ncep.noaa.gov,"Operativní modely NCEP (GFS, GEFS, HRRR) v GRIB2 a přes OPeNDAP — včetně částečného stahování polí přes filtry",official,open,bulk,reference,,,,https://nomads.ncep.noaa.gov/,us-noaa-nomads,2026-08-28
Rizika a OSINT,"Transparentnost, volby, lobbing",transparency,Evropská unie,EU,Rejstřík transparentnosti EU,transparency-register.europa.eu,"Povinný rejstřík lobbistů u Komise, Parlamentu a Rady — kdo koho zastupuje, s jakým rozpočtem, kolika lidmi a k jakým spisům, plus schůzky s vysokými úředníky. Kompletní data ke stažení; ukáže zájmové vazby, které nikde jinde veřejné nejsou",intl,open,bulk,reference,,,,https://transparency-register.europa.eu/index_en,eu-transparency-register,2026-08-28
Rizika a OSINT,"Transparentnost, volby, lobbing",transparency,Evropská unie,EU,Otevřená data Evropského parlamentu,data.europarl.europa.eu,"Poslanci, jejich funkce a příslušnost, hlasování po jménech, dokumenty a plenární rozpravy jako propojená data s REST API. Odsud se dá zrekonstruovat, jak konkrétní poslanec hlasoval a kdo s ním v dané věci držel. Na automat vrací 403",intl,open,api,reference,,,,https://data.europarl.europa.eu/en/home,eu-europarl-opendata,2026-08-28
Rizika a OSINT,"Transparentnost, volby, lobbing",transparency,Evropská unie,EU,Rejstřík dokumentů Rady EU,data.consilium.europa.eu,"Veřejný rejstřík dokumentů Rady — pracovní materiály, mandáty a zápisy z jednání, včetně těch, které nejsou v Úředním věstníku, s metadaty a plnými texty. Ukazuje, jak se v Radě formoval postoj států dřív, než se předpis přijal",intl,open,api,reference,,,,https://data.consilium.europa.eu/,eu-consilium-register,2026-08-28
Rizika a OSINT,"Transparentnost, volby, lobbing",transparency,Rakousko,AT,Parlament Österreich,parlament.gv.at,"Rakouský parlament — poslanci a jejich hlášené vedlejší příjmy a funkce, návrhy zákonů s celým legislativním během, stenografické protokoly a otevřená data k tomu všemu. Hlášené funkce poslanců jsou pro mapování zájmových vazeb konkrétní stopa",official,open,api,reference,,,,https://www.parlament.gv.at/,at-parlament,2026-08-28
Rizika a OSINT,"Transparentnost, volby, lobbing",transparency,Rakousko,AT,Lobbying- und Interessenvertretungs-Register,lobbyreg.justiz.gv.at,"Rakouský registr lobbistů vedený ministerstvem spravedlnosti — lobbistické podniky, jejich zaměstnanci a zastupované zájmy, plus samosprávné a zájmové organizace. Veřejná část je zdarma. Server má vadný TLS certifikát na variantě s www",official,open,search,reference,,,,https://lobbyreg.justiz.gv.at/,at-lobbyreg,2026-08-28
Rizika a OSINT,"Transparentnost, volby, lobbing",transparency,Belgie,BE,La Chambre / De Kamer,dekamer.be,"Belgická sněmovna reprezentantů — poslanci a jejich mandáty, parlamentní dokumenty, písemné otázky a zápisy. Přiznání majetku a mandátů poslanců vede Účetní dvůr a vychází v Moniteur belge",official,open,search,reference,,,,https://www.dekamer.be/kvvcr/index.cfm,be-dekamer,2026-08-28
Rizika a OSINT,"Transparentnost, volby, lobbing",transparency,Belgie,BE,Elections / Verkiezingen,elections.fgov.be,"Oficiální výsledky belgických federálních, regionálních a evropských voleb až na úroveň obcí, s kandidátními listinami a daty ke stažení. Belgie volí povinně, takže účast není indikátor a čísla se čtou jinak",official,open,bulk,reference,,,,https://elections.fgov.be/,be-elections,2026-08-28
Rizika a OSINT,"Transparentnost, volby, lobbing",transparency,Bulharsko,BG,ЦИК — Централна избирателна комисия,cik.bg,"Bulharská ústřední volební komise — oficiální výsledky voleb až na úroveň okrsků, kandidátní listiny a finanční zprávy stran. Výsledková aplikace results.cik.bg. Na automat vrací 403, v prohlížeči funguje",official,open,bulk,reference,,,,https://www.cik.bg/,bg-cik,2026-08-28
Rizika a OSINT,"Transparentnost, volby, lobbing",transparency,Chorvatsko,HR,Izbori — DIP,izbori.hr,"Chorvatská volební komise — oficiální výsledky voleb a referend až na úroveň volebních míst, kandidátní listiny a **finanční zprávy stran a kampaní**. Data ke stažení",official,open,bulk,reference,,,,https://www.izbori.hr/,hr-izbori,2026-08-28
Rizika a OSINT,"Transparentnost, volby, lobbing",transparency,Kypr,CY,Βουλή των Αντιπροσώπων,parliament.cy,"Kyperská sněmovna reprezentantů — poslanci, legislativní proces, zápisy z jednání a majetková přiznání. Na automat vrací 403, v prohlížeči funguje",official,open,search,reference,,,,https://www.parliament.cy/,cy-parliament,2026-08-28
Rizika a OSINT,"Transparentnost, volby, lobbing",transparency,Česko,CZ,Hlídač státu,hlidacstatu.cz,"Smlouvy, dotace, zakázky, politici — API V2. Máš registrovaný účet",ngo,open,api,history,23,11,2026-08-20,https://www.hlidacstatu.cz/,cz-hlidac-statu,2026-08-28
Rizika a OSINT,"Transparentnost, volby, lobbing",transparency,Česko,CZ,Volby.cz (ČSÚ),volby.gov.cz,"Kompletní výsledky všech voleb v ČR od roku 1990 až na úroveň jednotlivých okrsků, včetně kandidátních listin a preferenčních hlasů. Data ke stažení v otevřených formátech; podklad pro jakoukoli analýzu volebního chování i pro dohledání, kdo kde kandidoval",official,open,bulk,reference,,,,https://volby.gov.cz/,cz-volby,2026-08-28
Rizika a OSINT,"Transparentnost, volby, lobbing",transparency,Česko,CZ,Úřad pro dohled nad hospodařením politických stran,udh.gov.cz,"Výroční finanční zprávy stran a hnutí a zprávy o financování volebních kampaní — dary, dárci nad zákonným limitem, výdaje a transparentní účty. Odsud se dohledává, kdo která politická uskupení financuje",official,open,download,reference,,,,https://udh.gov.cz/,cz-udhpsh,2026-08-28
Rizika a OSINT,"Transparentnost, volby, lobbing",transparency,Dánsko,DK,Folketinget,folketinget.dk,"Dánský parlament — poslanci a jejich **hlášené vedlejší funkce a příjmy**, legislativní proces, hlasování a zápisy, s otevřeným datovým rozhraním (oda.ft.dk). Na automat vrací 403, v prohlížeči funguje",official,open,api,reference,,,,https://www.folketinget.dk/,dk-folketinget,2026-08-28
Rizika a OSINT,"Transparentnost, volby, lobbing",transparency,Estonsko,EE,Valimised,valimised.ee,"Estonská volební komise — výsledky voleb až na úroveň okrsků a **statistiky elektronického hlasování**, které Estonsko používá od roku 2005. Data ke stažení",official,open,bulk,reference,,,,https://www.valimised.ee/,ee-valimised,2026-08-28
Rizika a OSINT,"Transparentnost, volby, lobbing",transparency,Finsko,FI,Eduskunta,eduskunta.fi,"Finský parlament — poslanci a jejich **majetková a zájmová přiznání**, legislativní proces, hlasování a zápisy, s otevřenými daty. Finsko vede i samostatný registr lobbistů od roku 2024. Na automat vrací 403, v prohlížeči funguje",official,open,api,reference,,,,https://www.eduskunta.fi/,fi-eduskunta,2026-08-28
Rizika a OSINT,"Transparentnost, volby, lobbing",transparency,Francie,FR,HATVP,hatvp.fr,"Vysoký úřad pro transparentnost veřejného života — **majetková a zájmová přiznání** politiků a vysokých úředníků a francouzský registr lobbistů s jejich klienty, rozpočty a cíli. Data ke stažení; jeden z nejotevřenějších transparenčních režimů v EU",official,open,bulk,reference,,,,https://www.hatvp.fr/,fr-hatvp,2026-08-28
Rizika a OSINT,"Transparentnost, volby, lobbing",transparency,Německo,DE,Lobbyregister des Bundestages,lobbyregister.bundestag.de,"Povinný registr lobbistů u Spolkového sněmu a spolkové vlády — kdo koho zastupuje, s jakým rozpočtem, kolika lidmi a k jakým předpisům, včetně stanovisek. Data ke stažení; od roku 2024 s rozšířenou povinností uvádět konkrétní projekty",official,open,bulk,reference,,,,https://www.lobbyregister.bundestag.de/startseite,de-lobbyregister,2026-08-28
Rizika a OSINT,"Transparentnost, volby, lobbing",transparency,Německo,DE,Deutscher Bundestag,bundestag.de,"Spolkový sněm — poslanci a jejich zveřejněné vedlejší příjmy, tisky a protokoly z celého legislativního procesu, jmenovitá hlasování a otevřená data k tomu. Vedlejší příjmy poslanců jsou konkrétní stopa pro mapování zájmových vazeb",official,open,api,reference,,,,https://www.bundestag.de/,de-bundestag,2026-08-28
Rizika a OSINT,"Transparentnost, volby, lobbing",transparency,Německo,DE,Die Bundeswahlleiterin,bundeswahlleiterin.de,"Oficiální výsledky německých spolkových a evropských voleb až na úroveň volebních okrsků, se strukturální statistikou obvodů a daty ke stažení. Vede také registr politických stran a jejich stanov",official,open,bulk,reference,,,,https://www.bundeswahlleiterin.de/,de-bundeswahlleiterin,2026-08-28
Rizika a OSINT,"Transparentnost, volby, lobbing",transparency,Řecko,GR,Διαύγεια (Diavgeia),diavgeia.gov.gr,"**Každé rozhodnutí řecké veřejné správy s výdajovým dopadem musí být zveřejněno tady, jinak není platné** — jmenování, zakázky, dotace, platby. Má otevřené API. Nejsilnější nástroj transparentnosti v EU co do právního účinku zveřejnění",official,open,api,reference,,,,https://diavgeia.gov.gr/,gr-diavgeia,2026-08-28
Rizika a OSINT,"Transparentnost, volby, lobbing",transparency,Řecko,GR,Βουλή των Ελλήνων,hellenicparliament.gr,"Řecký parlament — poslanci a jejich **majetková přiznání (πόθεν έσχες)**, legislativní proces, hlasování a zápisy. Majetková přiznání jsou v Řecku povinná a veřejná. Na automat vrací 403",official,open,search,reference,,,,https://www.hellenicparliament.gr/,gr-hellenicparliament,2026-08-28
Rizika a OSINT,"Transparentnost, volby, lobbing",transparency,Maďarsko,HU,Választás — výsledky voleb,valasztas.hu,"Maďarská volební kancelář — oficiální výsledky voleb a referend až na úroveň okrsků, kandidátní listiny a data ke stažení",official,open,bulk,reference,,,,https://www.valasztas.hu/,hu-valasztas,2026-08-28
Rizika a OSINT,"Transparentnost, volby, lobbing",transparency,Irsko,IE,Lobbying.ie,lobbying.ie,"Irský registr lobbistů — **kdo koho lobboval, u koho a v jaké věci, ve čtvrtletních hlášeních**, s daty ke stažení. Irský model hlásí konkrétní kontakty s konkrétními úředníky, ne jen roční rozpočet jako většina registrů v EU",official,open,bulk,reference,,,,https://www.lobbying.ie/,ie-lobbying,2026-08-28
Rizika a OSINT,"Transparentnost, volby, lobbing",transparency,Itálie,IT,Eligendo — výsledky voleb,elezioni.interno.gov.it,"Oficiální archiv italských voleb od roku 1948 — výsledky parlamentních, regionálních i obecních voleb až na úroveň obcí, s daty ke stažení. Vede ministerstvo vnitra",official,open,bulk,reference,,,,https://elezioni.interno.gov.it/,it-elezioni,2026-08-28
Rizika a OSINT,"Transparentnost, volby, lobbing",transparency,Itálie,IT,"DAIT — ministerstvo vnitra, územní správa",dait.interno.gov.it,"Odbor pro územní a správní záležitosti — finanční data obcí, jejich rozpočty a stav hospodaření, seznamy zvolených zastupitelů a rozpuštěné obecní rady. Rozpuštění obce pro mafiánskou infiltraci je tu dohledatelné",official,open,download,reference,,,,https://dait.interno.gov.it/,it-dait,2026-08-28
Rizika a OSINT,"Transparentnost, volby, lobbing",transparency,Itálie,IT,Camera dei Deputati,camera.it,"Italská poslanecká sněmovna — poslanci a jejich majetková přiznání, legislativní proces, hlasování a zápisy, s otevřenými daty v RDF. Majetková přiznání jsou u italských politiků povinná a veřejná",official,open,api,reference,,,,https://www.camera.it/,it-camera,2026-08-28
Rizika a OSINT,"Transparentnost, volby, lobbing",transparency,Lotyšsko,LV,CVK — Centrālā vēlēšanu komisija,cvk.lv,"Lotyšská ústřední volební komise — oficiální výsledky voleb a referend až na úroveň okrsků, kandidátní listiny a data ke stažení",official,open,bulk,reference,,,,https://www.cvk.lv/,lv-cvk,2026-08-28
Rizika a OSINT,"Transparentnost, volby, lobbing",transparency,Litva,LT,VRK — Vyriausioji rinkimų komisija,vrk.lt,"Litevská ústřední volební komise — výsledky voleb až na úroveň okrsků a **kontrola financování politických kampaní se zveřejňovanými zprávami**. Na automat vrací 403, v prohlížeči funguje",official,open,bulk,reference,,,,https://www.vrk.lt/,lt-vrk,2026-08-28
Rizika a OSINT,"Transparentnost, volby, lobbing",transparency,Lucembursko,LU,Chambre des Députés,chd.lu,"Lucemburská poslanecká sněmovna — poslanci a jejich **prohlášení o zájmech**, legislativní proces, otázky a zápisy z jednání",official,open,search,reference,,,,https://www.chd.lu/,lu-chd,2026-08-28
Rizika a OSINT,"Transparentnost, volby, lobbing",transparency,Malta,MT,Electoral Commission Malta,electoral.gov.mt,"Maltská volební komise — oficiální výsledky voleb až na úroveň volebních okrsků, kandidátní listiny a pravidla financování kampaní. Na automat vrací 403",official,open,download,reference,,,,https://electoral.gov.mt/,mt-electoral,2026-08-28
Rizika a OSINT,"Transparentnost, volby, lobbing",transparency,Nizozemsko,NL,Open Data Tweede Kamer,opendata.tweedekamer.nl,"Otevřená data nizozemské sněmovny — poslanci, jejich vedlejší funkce a příjmy, všechny dokumenty, hlasování a jednání, přes OData API. Jeden z nejúplnějších parlamentních datasetů v EU",official,open,api,reference,,,,https://opendata.tweedekamer.nl/,nl-tweedekamer-opendata,2026-08-28
Rizika a OSINT,"Transparentnost, volby, lobbing",transparency,Nizozemsko,NL,Kiesraad,kiesraad.nl,"Nizozemská volební rada — oficiální výsledky voleb až na úroveň volebních místností ve strojově čitelném EML formátu, registr politických stran a pravidla financování kampaní. Data po okrscích jsou ke stažení",official,open,bulk,reference,,,,https://www.kiesraad.nl/,nl-kiesraad,2026-08-28
Rizika a OSINT,"Transparentnost, volby, lobbing",transparency,Polsko,PL,PKW — Państwowa Komisja Wyborcza,pkw.gov.pl,"Volební komise — kromě organizace voleb zveřejňuje finanční zprávy politických stran a volebních výborů, tedy dary, dárce a výdaje kampaní. Odsud se dohledává financování polské politiky",official,open,download,reference,,,,https://pkw.gov.pl/,pl-pkw,2026-08-28
Rizika a OSINT,"Transparentnost, volby, lobbing",transparency,Polsko,PL,Wybory.gov.pl,wybory.gov.pl,"Oficiální výsledky polských voleb až na úroveň jednotlivých volebních okrsků, s kandidátními listinami a účastí. Data ke stažení v otevřených formátech; podklad pro územní analýzu volebního chování",official,open,bulk,reference,,,,https://wybory.gov.pl/index/,pl-wybory,2026-08-28
Rizika a OSINT,"Transparentnost, volby, lobbing",transparency,Portugalsko,PT,Eleições — výsledky voleb,eleicoes.mai.gov.pt,"Oficiální výsledky portugalských voleb až na úroveň obcí a částí, s kandidátními listinami a daty ke stažení. Financování stran a kampaní kontroluje Ústavní soud",official,open,bulk,reference,,,,https://www.eleicoes.mai.gov.pt/,pt-eleicoes,2026-08-28
Rizika a OSINT,"Transparentnost, volby, lobbing",transparency,Portugalsko,PT,Assembleia da República,parlamento.pt,"Portugalský parlament — poslanci a jejich **registr zájmů a majetkových přiznání**, návrhy zákonů, hlasování a zápisy, s otevřenými daty. Na automat vrací 403, v prohlížeči funguje",official,open,bulk,reference,,,,https://www.parlamento.pt/,pt-parlamento,2026-08-28
Rizika a OSINT,"Transparentnost, volby, lobbing",transparency,Rumunsko,RO,AEP — Autoritatea Electorală Permanentă,roaep.ro,"Rumunský stálý volební úřad — organizace voleb, registr politických stran a hlavně **kontrola financování stran a volebních kampaní** se zveřejňovanými zprávami o příjmech a výdajích",official,open,download,reference,,,,https://www.roaep.ro/,ro-aep,2026-08-28
Rizika a OSINT,"Transparentnost, volby, lobbing",transparency,Slovensko,SK,Volby (ŠÚ SR),volby.statistics.sk,"Oficiální výsledky slovenských voleb a referend až na úroveň okrsků, s kandidátními listinami a preferenčními hlasy, od roku 1994. Data ke stažení v otevřených formátech",official,open,bulk,reference,,,,https://volby.statistics.sk/,sk-volby,2026-08-28
Rizika a OSINT,"Transparentnost, volby, lobbing",transparency,Slovinsko,SI,DVK — volební komise,dvk-rs.si,"Slovinská volební komise — oficiální výsledky voleb a referend až na úroveň volebních okrsků a financování kampaní. Výsledková aplikace volitve.dvk-rs.si vrací automatu 403, v prohlížeči funguje",official,open,bulk,reference,,,,https://www.dvk-rs.si/,si-dvk,2026-08-28
Rizika a OSINT,"Transparentnost, volby, lobbing",transparency,Španělsko,ES,Portal de Transparencia,transparencia.gob.es,"Španělský transparenční portál — smlouvy, dotace, majetková přiznání vysokých úředníků, organizační struktura a vyřízené žádosti o informace. Podávání žádostí je součástí portálu, odpovědi se zveřejňují",official,open,search,reference,,,,https://transparencia.gob.es/,es-transparencia,2026-08-28
Rizika a OSINT,"Transparentnost, volby, lobbing",transparency,Švédsko,SE,Valmyndigheten,val.se,"Švédská volební komise — oficiální výsledky voleb až na úroveň volebních okrsků, kandidátní listiny a data ke stažení",official,open,bulk,reference,,,,https://www.val.se/,se-val,2026-08-28
Rizika a OSINT,OSINT a investigace,osint,Celosvětové,GLOBAL,Maltego,maltego.com,Link-analysis platforma pro OSINT vyšetřování,commercial,mixed,sw,history,2,2,2026-08-05,https://www.maltego.com/,global-maltego,2026-08-28
Rizika a OSINT,OSINT a investigace,osint,Celosvětové,GLOBAL,OpenAlex,openalex.org,Otevřený katalog vědeckých prací s afiliacemi institucí (geokódovatelné),ngo,open,api,history,9,6,2026-08-11,https://openalex.org/,global-openalex,2026-08-28
Rizika a OSINT,OSINT a investigace,osint,Celosvětové,GLOBAL,Common Crawl,commoncrawl.org,"Otevřený korpus procházeného webu — měsíční snímky v řádu miliard stránek jako WARC, WAT a WET na S3, plus indexy URL; podklad pro plošné hledání zmínek napříč doménami",ngo,open,bulk,bookmarks+history,0,1,2026-08-27,https://commoncrawl.org/,global-common-crawl,2026-08-28
Rizika a OSINT,OSINT a investigace,osint,Celosvětové,GLOBAL,ICIJ Offshore Leaks Database,offshoreleaks.icij.org,"Přes 810 tisíc offshore entit z Pandora, Paradise, Panama Papers, Bahamas Leaks a Offshore Leaks — ke stažení pod ODbL i přes REST API",ngo,open,bulk,reference,,,,https://offshoreleaks.icij.org/,global-icij-offshore-leaks-database,2026-08-28
Rizika a OSINT,OSINT a investigace,osint,Celosvětové,GLOBAL,Bellingcat,bellingcat.com,Investigace z otevřených zdrojů — metodický toolkit pro geolokaci a verifikaci snímků a videí,ngo,open,none,reference,,,,https://www.bellingcat.com/,global-bellingcat,2026-08-28
Rizika a OSINT,OSINT a investigace,osint,Celosvětové,GLOBAL,ADS-B Exchange,adsbexchange.com,"Nefiltrované sledování letadel z komunitní sítě 25 tis. přijímačů — veřejná mapa zdarma, historická data, API, gRPC stream a S3 jen za placené předplatné",commercial,mixed,api,reference,,,,https://www.adsbexchange.com/,global-ads-b-exchange,2026-08-28
Rizika a OSINT,OSINT a investigace,osint,Celosvětové,GLOBAL,Global Fishing Watch,globalfishingwatch.org,"Pohyb plavidel z AIS a satelitní detekce — mapa, Vessel Viewer a datasety; API zdarma, ale až po registraci a vydání tokenu",ngo,registration,api,reference,,,,https://globalfishingwatch.org/,global-global-fishing-watch,2026-08-28
Rizika a OSINT,OSINT a investigace,osint,Česko,CZ,Progresus OSINT,osint.cloud.progresus.cz,"Tvoje platforma pro due diligence z veřejných zdrojů — zdroje, laboratoř, architektura",commercial,mixed,none,history,72,21,2026-08-23,https://osint.cloud.progresus.cz/,cz-progresus-osint,2026-08-28
Rizika a OSINT,OSINT a investigace,osint,Česko,CZ,vomaste.cz,vomaste.cz,"Tvůj projekt — Registr tvrzení / zdrojů / kauz, dossiery, Globální mapa",ngo,open,none,history,1407,402,2026-08-15,https://vomaste.cz/,cz-vomaste-cz,2026-08-28
Rizika a OSINT,OSINT a investigace,osint,Česko,CZ,Investigace.cz,investigace.cz,České centrum investigativní žurnalistiky (OCCRP),ngo,open,none,bookmarks+history,0,1,2026-08-27,https://www.investigace.cz/,cz-investigace-cz,2026-08-28
Rizika a OSINT,Archivy a historické zdroje,archives,Celosvětové,GLOBAL,World Factbook Archive,worldfactbookarchive.org,"Nezávislý archiv všech ročníků CIA World Factbooku 1990-2025 (284 entit, přes milion polí) — vyhledávání, otevřené JSON API a export do CSV; po zrušení originálu v únoru 2026 jediná cesta k těmto datům",ngo,open,api,history,6,3,2026-08-27,https://worldfactbookarchive.org/,global-world-factbook-archive,2026-08-28
Rizika a OSINT,Archivy a historické zdroje,archives,Celosvětové,GLOBAL,Old Maps Online,oldmapsonline.org,Meta-vyhledávač historických map podle místa a času,ngo,open,search,reference,,,,https://www.oldmapsonline.org/,global-old-maps-online,2026-08-28
Rizika a OSINT,Archivy a historické zdroje,archives,Celosvětové,GLOBAL,Mapire (Arcanum Maps),maps.arcanum.com,Habsburská vojenská mapování (I.-III.) georeferencovaná — ideální pro ČR,commercial,mixed,none,reference,,,,https://maps.arcanum.com/en/,global-mapire-arcanum-maps,2026-08-28
Rizika a OSINT,Archivy a historické zdroje,archives,Celosvětové,GLOBAL,Allmaps,allmaps.org,"Georeferencování IIIF map přímo v prohlížeči — editor, viewer a tile server, který z Georeference Annotation udělá XYZ vrstvu pro QGIS, MapLibre, OpenLayers i Leaflet bez vytváření GeoTIFFů",ngo,open,api,reference,,,,https://allmaps.org/,global-allmaps,2026-08-28
Rizika a OSINT,Archivy a historické zdroje,archives,Rakousko,AT,Österreichisches Staatsarchiv,oesta.gv.at,"Rakouský státní archiv. Drží spisy habsburské monarchie, takže se v něm hledají pozemkové a firemní záznamy pro celou střední Evropu do roku 1918 — často jediné místo, kde je dohledatelný původ nemovitosti z té doby",official,open,search,reference,,,,https://www.oesta.gv.at/,at-oesta,2026-08-28
Rizika a OSINT,Archivy a historické zdroje,archives,Rakousko,AT,Österreichische Nationalbibliothek,onb.ac.at,"Národní knihovna s **povinným výtiskem** — dostane výtisk každé publikace vydané v zemi, takže její katalog je nejúplnějším seznamem toho, co kdy kde vyšlo. Rakouská ÖNB digitalizovala historické noviny v ANNO a mapovou sbírku; obojí je volně přístupné",official,open,bulk,reference,,,,https://www.onb.ac.at/,at-onb,2026-08-28
Rizika a OSINT,Archivy a historické zdroje,archives,Belgie,BE,Rijksarchief / Archives de l'État,arch.be,"Belgický státní archiv se sítí depozitářů v provinciích. Digitalizované matriky, notářské spisy a katastrální mapy jsou přístupné online po bezplatné registraci",official,registration,search,reference,,,,https://www.arch.be/,be-arch,2026-08-28
Rizika a OSINT,Archivy a historické zdroje,archives,Belgie,BE,KBR — Koninklijke Bibliotheek van België,kbr.be,"Národní knihovna s **povinným výtiskem** — dostane výtisk každé publikace vydané v zemi, takže její katalog je nejúplnějším seznamem toho, co kdy kde vyšlo. Belgická KBR provozuje BelgicaPress s digitalizovanými novinami a otevřená data svého katalogu",official,open,bulk,reference,,,,https://www.kbr.be/,be-kbr,2026-08-28
Rizika a OSINT,Archivy a historické zdroje,archives,Bulharsko,BG,Държавна агенция „Архиви“,archives.government.bg,Bulharská státní archivní agentura. Vede ústřední i regionální archivy a postupně zpřístupňuje inventáře a digitalizované fondy přes vlastní informační systém,official,open,search,reference,,,,https://www.archives.government.bg/,bg-archives,2026-08-28
Rizika a OSINT,Archivy a historické zdroje,archives,Bulharsko,BG,Национална библиотека „Св. св. Кирил и Методий“,nationallibrary.bg,"Národní knihovna s **povinným výtiskem** — dostane výtisk každé publikace vydané v zemi, takže její katalog je nejúplnějším seznamem toho, co kdy kde vyšlo. Bulharská národní knihovna digitalizuje periodika a rukopisy a vede národní bibliografii",official,open,search,reference,,,,https://www.nationallibrary.bg/,bg-nationallibrary,2026-08-28
Rizika a OSINT,Archivy a historické zdroje,archives,Chorvatsko,HR,Hrvatski državni arhiv,arhiv.hr,Chorvatský státní archiv. Vede ústřední fondy a koordinuje síť župních archivů; digitalizované matriky a katastrální mapy jsou přístupné přes portál ARHiNET,official,open,search,reference,,,,https://www.arhiv.hr/,hr-arhiv,2026-08-28
Rizika a OSINT,Archivy a historické zdroje,archives,Chorvatsko,HR,Nacionalna i sveučilišna knjižnica,nsk.hr,"Národní knihovna s **povinným výtiskem** — dostane výtisk každé publikace vydané v zemi, takže její katalog je nejúplnějším seznamem toho, co kdy kde vyšlo. Chorvatská NSK archivuje chorvatský web a provozuje digitalizovanou sbírku novin a starých tisků",official,open,search,reference,,,,https://www.nsk.hr/,hr-nsk,2026-08-28
Rizika a OSINT,Archivy a historické zdroje,archives,Kypr,CY,Státní archiv — datové sady,data.gov.cy,"Datové sady kyperského Státního archivu na národním portálu otevřených dat. Archiv drží fondy z britského koloniálního období 1878–1960 včetně archivů guvernérů a sekretariátu; vlastní web archivu pod mjpo.gov.cy dnes neodpovídá, tohle je dostupná cesta",official,open,search,reference,,,,https://www.data.gov.cy/en/group/26,cy-state-archives-opendata,2026-08-29
Rizika a OSINT,Archivy a historické zdroje,archives,Česko,CZ,Archivní mapy ČÚZK,ags.cuzk.gov.cz,"Archivní mapy ČÚZK — císařské otisky a indikační skici stabilního katastru, stará státní mapová díla a archiv leteckých měřických snímků od roku 1936",official,open,download,reference,,,,https://ags.cuzk.gov.cz/archiv/,cz-archivni-mapy-cuzk,2026-08-28
Rizika a OSINT,Archivy a historické zdroje,archives,Česko,CZ,Chartae Antiquae,chartae-antiquae.cz,Virtuální mapová sbírka historických map ČR,research,open,search,reference,,,,https://www.chartae-antiquae.cz/cs/,cz-chartae-antiquae,2026-08-28
Rizika a OSINT,Archivy a historické zdroje,archives,Česko,CZ,Národní archiv,nacr.cz,"Ústřední archiv České republiky. Odsud vede cesta k digitálním archivům jednotlivých oblastí — matriky, pozemkové knihy a spisy podniků jsou volně prohlížitelné a u starších nemovitostních sporů bývají rozhodující",official,open,search,reference,,,,https://www.nacr.cz/,cz-nacr,2026-08-28
Rizika a OSINT,Archivy a historické zdroje,archives,Česko,CZ,Národní knihovna ČR,nkp.cz,"Národní knihovna s **povinným výtiskem** — dostane výtisk každé publikace vydané v zemi, takže její katalog je nejúplnějším seznamem toho, co kdy kde vyšlo. Česká NK provozuje **Kramerius s digitalizovanými novinami a časopisy** a katalog vydává jako otevřená data",official,open,bulk,reference,,,,https://www.nkp.cz/,cz-nkp,2026-08-28
Rizika a OSINT,Archivy a historické zdroje,archives,Dánsko,DK,Rigsarkivet,rigsarkivet.dk,Dánský státní archiv. Portál Daisy umožňuje objednat i prohledávat fondy; velká část matrik a sčítání lidu je digitalizovaná a volně dostupná,official,open,search,reference,,,,https://www.rigsarkivet.dk/,dk-rigsarkivet,2026-08-28
Rizika a OSINT,Archivy a historické zdroje,archives,Dánsko,DK,Det Kgl. Bibliotek,kb.dk,"Národní knihovna s **povinným výtiskem** — dostane výtisk každé publikace vydané v zemi, takže její katalog je nejúplnějším seznamem toho, co kdy kde vyšlo. Dánská královská knihovna digitalizovala noviny v Mediestream a nabízí rozhraní k datům sbírek",official,open,api,reference,,,,https://www.kb.dk/,dk-kb,2026-08-28
Rizika a OSINT,Archivy a historické zdroje,archives,Estonsko,EE,Rahvusarhiiv,ra.ee,"Estonský národní archiv. Portál Saaga a AIS mají digitalizované matriky, pozemkové knihy a mapy; estonský archiv patří k nejlépe digitalizovaným v EU",official,open,search,reference,,,,https://www.ra.ee/,ee-ra,2026-08-28
Rizika a OSINT,Archivy a historické zdroje,archives,Estonsko,EE,Rahvusraamatukogu,rara.ee,"Národní knihovna s **povinným výtiskem** — dostane výtisk každé publikace vydané v zemi, takže její katalog je nejúplnějším seznamem toho, co kdy kde vyšlo. Estonská národní knihovna provozuje DIGAR s digitalizovanými novinami a knihami a archivuje estonský web",official,open,search,reference,,,,https://www.rara.ee/,ee-rara,2026-08-28
Rizika a OSINT,Archivy a historické zdroje,archives,Finsko,FI,Kansallisarkisto,kansallisarkisto.fi,"Finský národní archiv. Služba Astia zpřístupňuje fondy online; matriky, katastr a soudní spisy jsou z velké části digitalizované",official,open,search,reference,,,,https://kansallisarkisto.fi/etusivu,fi-kansallisarkisto,2026-08-28
Rizika a OSINT,Archivy a historické zdroje,archives,Finsko,FI,Kansalliskirjasto,kansalliskirjasto.fi,"Národní knihovna s **povinným výtiskem** — dostane výtisk každé publikace vydané v zemi, takže její katalog je nejúplnějším seznamem toho, co kdy kde vyšlo. Finská národní knihovna má v digi.kansalliskirjasto.fi digitalizované noviny od roku 1771. Na automat vrací 403, v prohlížeči funguje",official,open,search,reference,,,,https://www.kansalliskirjasto.fi/,fi-kansalliskirjasto,2026-08-28
Rizika a OSINT,Archivy a historické zdroje,archives,Francie,FR,Archives nationales,archives-nationales.culture.gouv.fr,"Francouzský národní archiv. Vedle vlastních fondů odsud vede cesta k departementálním archivům, kde jsou digitalizované matriky, notářské spisy a katastr",official,open,search,reference,,,,https://www.archives-nationales.culture.gouv.fr/,fr-archives-nationales,2026-08-28
Rizika a OSINT,Archivy a historické zdroje,archives,Francie,FR,BnF — Bibliothèque nationale de France,bnf.fr,"Národní knihovna s **povinným výtiskem** — dostane výtisk každé publikace vydané v zemi, takže její katalog je nejúplnějším seznamem toho, co kdy kde vyšlo. Francouzská BnF provozuje **Gallicu** — jednu z největších digitálních knihoven v Evropě s miliony stran novin, map a rukopisů, s otevřeným API",official,open,api,reference,,,,https://www.bnf.fr/,fr-bnf,2026-08-28
Rizika a OSINT,Archivy a historické zdroje,archives,Německo,DE,Bundesarchiv,bundesarchiv.de,Německý spolkový archiv. Databáze Invenio zpřístupňuje inventáře i digitalizáty; vedle spisů spolkových úřadů drží i fondy NDR a firemní archivy zestátněných podniků,official,open,search,reference,,,,https://www.bundesarchiv.de/,de-bundesarchiv,2026-08-28
Rizika a OSINT,Archivy a historické zdroje,archives,Německo,DE,Deutsche Nationalbibliothek,dnb.de,"Národní knihovna s **povinným výtiskem** — dostane výtisk každé publikace vydané v zemi, takže její katalog je nejúplnějším seznamem toho, co kdy kde vyšlo. Německá DNB vydává celý katalog jako **propojená otevřená data** včetně normovaného rejstříku osob a organizací GND — užitečné při ověřování identit",official,open,bulk,reference,,,,https://www.dnb.de/,de-dnb,2026-08-28
Rizika a OSINT,Archivy a historické zdroje,archives,Řecko,GR,ΓΑΚ — Γενικά Αρχεία του Κράτους,portal.gak.gr,Řecký státní archiv. Portál zpřístupňuje inventáře ústředního i prefekturních archivů a rostoucí objem digitalizovaných fondů,official,open,search,reference,,,,https://portal.gak.gr/,gr-gak,2026-08-28
Rizika a OSINT,Archivy a historické zdroje,archives,Řecko,GR,Εθνική Βιβλιοθήκη της Ελλάδος,nlg.gr,"Národní knihovna s **povinným výtiskem** — dostane výtisk každé publikace vydané v zemi, takže její katalog je nejúplnějším seznamem toho, co kdy kde vyšlo. Řecká národní knihovna zpřístupňuje digitalizované rukopisy a periodika",official,open,search,reference,,,,https://www.nlg.gr/,gr-nlg,2026-08-28
Rizika a OSINT,Archivy a historické zdroje,archives,Maďarsko,HU,Magyar Nemzeti Levéltár,mnl.gov.hu,"Maďarský národní archiv. Databáze Hungaricana zpřístupňuje digitalizované mapy, urbáře a katastrální operáty pro celé území historických Uher",official,open,search,reference,,,,https://mnl.gov.hu/,hu-mnl,2026-08-28
Rizika a OSINT,Archivy a historické zdroje,archives,Maďarsko,HU,Országos Széchényi Könyvtár,oszk.hu,"Národní knihovna s **povinným výtiskem** — dostane výtisk každé publikace vydané v zemi, takže její katalog je nejúplnějším seznamem toho, co kdy kde vyšlo. Maďarská OSZK stojí za portálem Hungaricana a digitalizovanými novinami v Arcanum, které pokrývají celé Uhry",official,open,bulk,reference,,,,https://www.oszk.hu/,hu-oszk,2026-08-28
Rizika a OSINT,Archivy a historické zdroje,archives,Irsko,IE,National Archives of Ireland,nationalarchives.ie,"Irský národní archiv. Sčítání lidu z let 1901 a 1911 je online zdarma, stejně jako závěti a soudní spisy; velká část starších fondů shořela v roce 1922",official,open,search,reference,,,,https://www.nationalarchives.ie/,ie-nai,2026-08-28
Rizika a OSINT,Archivy a historické zdroje,archives,Irsko,IE,National Library of Ireland,nli.ie,"Národní knihovna s **povinným výtiskem** — dostane výtisk každé publikace vydané v zemi, takže její katalog je nejúplnějším seznamem toho, co kdy kde vyšlo. Irská NLI digitalizovala matriky katolických farností a rozsáhlou fotografickou sbírku, obojí volně",official,open,search,reference,,,,https://www.nli.ie/,ie-nli,2026-08-28
Rizika a OSINT,Archivy a historické zdroje,archives,Itálie,IT,Biblioteca Nazionale Centrale di Firenze,bncf.cultura.gov.it,"Národní knihovna s **povinným výtiskem** — dostane výtisk každé publikace vydané v zemi, takže její katalog je nejúplnějším seznamem toho, co kdy kde vyšlo. Itálie má dvě centrální národní knihovny, ve Florencii a v Římě; florentská vede národní bibliografii BNI",official,open,search,reference,,,,https://bncf.cultura.gov.it/,it-bncf,2026-08-28
Rizika a OSINT,Archivy a historické zdroje,archives,Lotyšsko,LV,Latvijas Nacionālais arhīvs,arhivi.gov.lv,Lotyšský národní archiv. Portál Raduraksti má digitalizované matriky a revizní seznamy; novější fondy včetně podnikových se objednávají online,official,open,search,reference,,,,https://www.arhivi.gov.lv/,lv-arhivi,2026-08-28
Rizika a OSINT,Archivy a historické zdroje,archives,Lotyšsko,LV,Latvijas Nacionālā bibliotēka,lnb.gov.lv,"Národní knihovna s **povinným výtiskem** — dostane výtisk každé publikace vydané v zemi, takže její katalog je nejúplnějším seznamem toho, co kdy kde vyšlo. Lotyšská LNB provozuje periodika.lv s digitalizovaným tiskem a archivuje lotyšský web",official,open,search,reference,,,,https://lnb.gov.lv/,lv-lnb,2026-08-28
Rizika a OSINT,Archivy a historické zdroje,archives,Litva,LT,Lietuvos archyvai,archyvai.lt,"Litevský archivní portál. Systém EAIS zpřístupňuje inventáře i digitalizované matriky. Na automat vrací 403, v prohlížeči funguje",official,open,search,reference,,,,https://www.archyvai.lt/,lt-archyvai,2026-08-28
Rizika a OSINT,Archivy a historické zdroje,archives,Litva,LT,Lietuvos nacionalinė Martyno Mažvydo biblioteka,lnb.lt,"Národní knihovna s **povinným výtiskem** — dostane výtisk každé publikace vydané v zemi, takže její katalog je nejúplnějším seznamem toho, co kdy kde vyšlo. Litevská národní knihovna provozuje epaveldas.lt s digitalizovaným kulturním dědictvím",official,open,search,reference,,,,https://www.lnb.lt/,lt-lnb,2026-08-28
Rizika a OSINT,Archivy a historické zdroje,archives,Lucembursko,LU,Archives nationales de Luxembourg,anlux.public.lu,Lucemburský národní archiv. Fondy jdou prohledávat online a část notářských a katastrálních spisů je digitalizovaná,official,open,search,reference,,,,https://anlux.public.lu/,lu-anlux,2026-08-28
Rizika a OSINT,Archivy a historické zdroje,archives,Lucembursko,LU,Bibliothèque nationale du Luxembourg,bnl.public.lu,"Národní knihovna s **povinným výtiskem** — dostane výtisk každé publikace vydané v zemi, takže její katalog je nejúplnějším seznamem toho, co kdy kde vyšlo. Lucemburská BnL digitalizovala celý historický lucemburský tisk a zpřístupňuje ho jako otevřená data",official,open,bulk,reference,,,,https://bnl.public.lu/,lu-bnl,2026-08-28
Rizika a OSINT,Archivy a historické zdroje,archives,Malta,MT,National Archives of Malta,nationalarchives.gov.mt,"Maltský národní archiv v Rabatu. Drží soudní, notářské a koloniální fondy. Na automat vrací 403, v prohlížeči funguje",official,open,search,reference,,,,https://nationalarchives.gov.mt/,mt-nam,2026-08-28
Rizika a OSINT,Archivy a historické zdroje,archives,Malta,MT,Malta Libraries,maltalibraries.gov.mt,"Národní knihovna s **povinným výtiskem** — dostane výtisk každé publikace vydané v zemi, takže její katalog je nejúplnějším seznamem toho, co kdy kde vyšlo. Maltská národní knihovna ve Vallettě drží archiv Řádu maltézských rytířů a digitalizovaný historický tisk",official,open,search,reference,,,,https://maltalibraries.gov.mt/,mt-libraries,2026-08-28
Rizika a OSINT,Archivy a historické zdroje,archives,Nizozemsko,NL,Nationaal Archief,nationaalarchief.nl,"Nizozemský národní archiv. Velká část fondů je digitalizovaná a dostupná pod otevřenou licencí, včetně map a spisů Východoindické společnosti",official,open,bulk,reference,,,,https://www.nationaalarchief.nl/,nl-nationaalarchief,2026-08-28
Rizika a OSINT,Archivy a historické zdroje,archives,Nizozemsko,NL,Koninklijke Bibliotheek,kb.nl,"Národní knihovna s **povinným výtiskem** — dostane výtisk každé publikace vydané v zemi, takže její katalog je nejúplnějším seznamem toho, co kdy kde vyšlo. Nizozemská KB provozuje **Delpher** s digitalizovanými novinami, časopisy a knihami a nabízí k nim otevřená API",official,open,api,reference,,,,https://www.kb.nl/,nl-kb,2026-08-28
Rizika a OSINT,Archivy a historické zdroje,archives,Polsko,PL,Naczelna Dyrekcja Archiwów Państwowych,archiwa.gov.pl,"Polská archivní správa. Portál szukajwarchiwach.gov.pl zpřístupňuje desítky milionů naskenovaných stran — matriky, pozemkové knihy i spisy meziválečných firem",official,open,search,reference,,,,https://www.archiwa.gov.pl/,pl-archiwa,2026-08-28
Rizika a OSINT,Archivy a historické zdroje,archives,Polsko,PL,Biblioteka Narodowa,bn.org.pl,"Národní knihovna s **povinným výtiskem** — dostane výtisk každé publikace vydané v zemi, takže její katalog je nejúplnějším seznamem toho, co kdy kde vyšlo. Polská BN stojí za portálem Polona s miliony digitalizovaných objektů a vydává katalog jako otevřená data",official,open,bulk,reference,,,,https://www.bn.org.pl/,pl-bn,2026-08-28
Rizika a OSINT,Archivy a historické zdroje,archives,Portugalsko,PT,DigitArq — Arquivo Nacional Torre do Tombo,digitarq.arquivos.pt,Portugalský národní archiv Torre do Tombo. Katalog DigitArq má miliony digitalizovaných obrazů včetně notářských knih a inkvizičních procesů,official,open,search,reference,,,,https://digitarq.arquivos.pt/,pt-digitarq,2026-08-28
Rizika a OSINT,Archivy a historické zdroje,archives,Portugalsko,PT,Biblioteca Nacional de Portugal,bnportugal.gov.pt,"Národní knihovna s **povinným výtiskem** — dostane výtisk každé publikace vydané v zemi, takže její katalog je nejúplnějším seznamem toho, co kdy kde vyšlo. Portugalská BNP provozuje Biblioteca Nacional Digital s digitalizovanými tisky a periodiky",official,open,search,reference,,,,https://www.bnportugal.gov.pt/,pt-bnp,2026-08-28
Rizika a OSINT,Archivy a historické zdroje,archives,Rumunsko,RO,Biblioteca Naţională a României,bibnat.ro,"Národní knihovna s **povinným výtiskem** — dostane výtisk každé publikace vydané v zemi, takže její katalog je nejúplnějším seznamem toho, co kdy kde vyšlo. Rumunská národní knihovna vede národní bibliografii a digitalizuje historický tisk",official,open,search,reference,,,,https://www.bibnat.ro/,ro-bibnat,2026-08-28
Rizika a OSINT,Archivy a historické zdroje,archives,Slovensko,SK,Štátne archívy SR,minv.sk,Slovenské státní archivy pod ministerstvem vnitra. Portál slovakiana a digitálny archív zpřístupňují matriky a mapy; pozemkové knihy jsou k dispozici v regionálních pracovištích,official,open,search,reference,,,,https://www.minv.sk/?archivy,sk-archivy,2026-08-28
Rizika a OSINT,Archivy a historické zdroje,archives,Slovensko,SK,Slovenská národná knižnica,snk.sk,"Národní knihovna s **povinným výtiskem** — dostane výtisk každé publikace vydané v zemi, takže její katalog je nejúplnějším seznamem toho, co kdy kde vyšlo. Slovenská SNK digitalizuje tisk a knihy a provozuje portál Slovakiana s kulturním dědictvím",official,open,search,reference,,,,https://www.snk.sk/,sk-snk,2026-08-28
Rizika a OSINT,Archivy a historické zdroje,archives,Slovinsko,SI,Arhiv Republike Slovenije,gov.si,Slovinský státní archiv. Systém SIRAnet zpřístupňuje inventáře ústředního i regionálních archivů a rostoucí objem digitalizátů,official,open,none,reference,,,,https://www.gov.si/drzavni-organi/organi-v-sestavi/arhiv-republike-slovenije/,si-arhiv,2026-08-28
Rizika a OSINT,Archivy a historické zdroje,archives,Slovinsko,SI,Narodna in univerzitetna knjižnica,nuk.uni-lj.si,"Národní knihovna s **povinným výtiskem** — dostane výtisk každé publikace vydané v zemi, takže její katalog je nejúplnějším seznamem toho, co kdy kde vyšlo. Slovinská NUK provozuje dLib.si s digitalizovanými periodiky a rukopisy",official,open,search,reference,,,,https://www.nuk.uni-lj.si/,si-nuk,2026-08-28
Rizika a OSINT,Archivy a historické zdroje,archives,Španělsko,ES,PARES — Portal de Archivos Españoles,pares.cultura.gob.es,"Společný portál španělských státních archivů. Prohledává fondy Archivo Histórico Nacional, Archivo de Indias i dalších najednou a velká část je digitalizovaná",official,open,search,reference,,,,https://pares.cultura.gob.es/,es-pares,2026-08-28
Rizika a OSINT,Archivy a historické zdroje,archives,Španělsko,ES,Biblioteca Nacional de España,bne.es,"Národní knihovna s **povinným výtiskem** — dostane výtisk každé publikace vydané v zemi, takže její katalog je nejúplnějším seznamem toho, co kdy kde vyšlo. Španělská BNE provozuje Hemeroteca Digital s historickým tiskem a vydává katalog jako otevřená data. Na automat vrací 403, v prohlížeči funguje",official,open,bulk,reference,,,,https://www.bne.es/,es-bne,2026-08-28
Rizika a OSINT,Archivy a historické zdroje,archives,Švédsko,SE,Riksarkivet,riksarkivet.se,"Švédský národní archiv. Digitala forskarsalen zpřístupňuje matriky, sčítání a pozemkové knihy; velká část je volně dostupná bez registrace",official,open,search,reference,,,,https://riksarkivet.se/,se-riksarkivet,2026-08-28
Rizika a OSINT,Archivy a historické zdroje,archives,Švédsko,SE,Kungliga biblioteket,kb.se,"Národní knihovna s **povinným výtiskem** — dostane výtisk každé publikace vydané v zemi, takže její katalog je nejúplnějším seznamem toho, co kdy kde vyšlo. Švédská KB archivuje švédský web, digitalizuje noviny a vydává katalog Libris jako propojená otevřená data",official,open,bulk,reference,,,,https://www.kb.se/,se-kb,2026-08-28
Rizika a OSINT,Archivy a historické zdroje,archives,Spojené království,GB,National Library of Scotland — Map Images,maps.nls.uk,"Zoomovatelné mapy Britských ostrovů 16.–20. století, velká část georeferencovaná — side-by-side a spyglass prohlížeč, vrstvy použitelné jako XYZ v QGIS přes Historic Maps API",research,open,download,reference,,,,https://maps.nls.uk/,gb-national-library-of-scotland-map-images,2026-08-28
Rizika a OSINT,Archivy a historické zdroje,archives,Spojené státy,US,David Rumsey Map Collection,davidrumsey.com,Přes 150 000 naskenovaných map a atlasů online s IIIF — georeferencovaná přes Georeferencer je jen část sbírky,ngo,open,download,reference,,,,https://www.davidrumsey.com/,us-david-rumsey-map-collection,2026-08-28
Rizika a OSINT,Archivy a historické zdroje,archives,Spojené státy,US,USGS topoView,ngmdb.usgs.gov,"Přes 178 000 historických topografických map USGS z let 1884–2006 — zdarma ke stažení jako GeoTIFF, GeoPDF, KMZ nebo JPEG",official,open,download,reference,,,,https://ngmdb.usgs.gov/topoview/,us-usgs-topoview,2026-08-28
Rizika a OSINT,Archivy a historické zdroje,archives,Spojené státy,US,Library of Congress — Maps,loc.gov,"Mapová sbírka Geography & Map Division včetně požárních plánů Sanborn — velká část public domain, ke stažení až v plném TIFF",official,open,download,reference,,,,https://www.loc.gov/maps/,us-library-of-congress-maps,2026-08-28
Nástroje,Gazetteery a geokódování,geocoding,Celosvětové,GLOBAL,Nominatim,nominatim.org,"OSM geocoder — forward/reverse, self-hosted i veřejný. Import, admin, maintenance docs máš v záložkách Geo & Maps",ngo,open,api,bookmarks+history,0,4,2026-08-27,https://nominatim.org/,global-nominatim,2026-08-28
Nástroje,Gazetteery a geokódování,geocoding,Celosvětové,GLOBAL,GeoNames,geonames.org,"Globální gazetteer pod CC-BY 4.0 — 12M unikátních objektů a 25M jmen (z toho 4,8M sídel a 16M alternate names), admin hierarchie ADM1-4 a populace; dumpy zdarma (allCountries.zip)",ngo,open,bulk,history,1,1,2026-08-27,https://www.geonames.org/,global-geonames,2026-08-28
Nástroje,Gazetteery a geokódování,geocoding,Celosvětové,GLOBAL,Pelias,pelias.io,"Modulární OSS geocoder (OSM + WOF + OpenAddresses + Geonames), Elasticsearch backend",ngo,open,sw,reference,,,,https://pelias.io/,global-pelias,2026-08-28
Nástroje,Gazetteery a geokódování,geocoding,Celosvětové,GLOBAL,Who's on First,whosonfirst.org,"Gazetteer admin i POI entit se stabilními ID a hierarchií, podklad Pelias",ngo,open,bulk,reference,,,,https://whosonfirst.org/,global-who-s-on-first,2026-08-28
Nástroje,Gazetteery a geokódování,geocoding,Celosvětové,GLOBAL,Photon,photon.komoot.io,"Rychlý OSM geocoder s type-ahead, snadný self-hosting",ngo,open,api,reference,,,,https://photon.komoot.io/,global-photon,2026-08-28
Nástroje,Gazetteery a geokódování,geocoding,Celosvětové,GLOBAL,OpenCage Geocoding API,opencagedata.com,"Hostované geokódovací API nad OSM a dalšími otevřenými geokodéry — forward i reverse, u výsledku časová zóna, Wikidata ID, NUTS a FIPS kódy, výsledky lze ukládat; free trial 2 500 dotazů/den, dál placené tarify",commercial,mixed,api,reference,,,,https://opencagedata.com/,global-opencage-geocoding-api,2026-08-28
Nástroje,Gazetteery a geokódování,geocoding,Celosvětové,GLOBAL,Wikidata,wikidata.org,"Otevřená znalostní báze — místa nesou souřadnici (P625), stabilní QID a křížové odkazy na GeoNames a OSM, rekonciliace toponym přes SPARQL endpoint",ngo,open,api,reference,,,,https://www.wikidata.org/,global-wikidata,2026-08-28
Nástroje,Gazetteery a geokódování,geocoding,Celosvětové,GLOBAL,World Historical Gazetteer,whgazetteer.org,"Historický gazetteer (v3.2, University of Pittsburgh) — přes 2,2 mil. míst propojených napříč epochami a jazyky, rekonciliace proti GeoNames a Wikidata, API i stahování datasetů",research,open,api,reference,,,,https://whgazetteer.org/,global-world-historical-gazetteer,2026-08-28
Nástroje,Gazetteery a geokódování,geocoding,Česko,CZ,Mapy.com REST API,developer.mapy.com,"CZ geokódování, suggest, routing, dlaždice. Máš tam aktivní projekt s consumption trackingem",commercial,mixed,api,bookmarks+history,0,1,2026-08-27,https://developer.mapy.com/,cz-mapy-com-rest-api,2026-08-28
Nástroje,Gazetteery a geokódování,geocoding,Spojené státy,US,NGA GEOnet Names Server (GNS),geonames.nga.mil,"Gazetteer NGA a US Board on Geographic Names pro toponyma mimo USA — schválené tvary jmen, varianty, historické i nelatinkové zápisy, souřadnice a admin zařazení; country files ke stažení bez licenčních omezení",official,open,bulk,reference,,,,https://geonames.nga.mil/,us-nga-geonet-names-server-gns,2026-08-28
Nástroje,Mapové knihovny a basemapy,maplibs,Celosvětové,GLOBAL,MapLibre GL JS,maplibre.org,"OSS fork Mapbox GL — vektorové dlaždice, WebGL, style spec",ngo,open,sw,history,1,1,2026-08-26,https://maplibre.org/,global-maplibre-gl-js,2026-08-28
Nástroje,Mapové knihovny a basemapy,maplibs,Celosvětové,GLOBAL,Leaflet,leafletjs.com,"Lehká JS mapová knihovna, de facto standard pro rychlé mapy",ngo,open,sw,history,1,1,2026-08-26,https://leafletjs.com/,global-leaflet,2026-08-28
Nástroje,Mapové knihovny a basemapy,maplibs,Celosvětové,GLOBAL,deck.gl,deck.gl,"WebGL vrstvy pro miliony bodů, integrace s MapLibre a Kepler",ngo,open,sw,history,2,2,2026-08-26,https://deck.gl/,global-deck-gl,2026-08-28
Nástroje,Mapové knihovny a basemapy,maplibs,Celosvětové,GLOBAL,OpenLayers,openlayers.org,Plnotučná knihovna s WMS/WFS/WMTS a projekcemi,ngo,open,sw,reference,,,,https://openlayers.org/,global-openlayers,2026-08-28
Nástroje,Mapové knihovny a basemapy,maplibs,Celosvětové,GLOBAL,sigma.js + @sigma/layer-maplibre,sigmajs.org,Graf rendering nad mapou — kombinace síťové a prostorové analýzy. Hodně jsi to procházel,ngo,open,sw,history,129,66,2026-08-01,https://www.sigmajs.org/,global-sigma-js-sigma-layer-maplibre,2026-08-28
Nástroje,Mapové knihovny a basemapy,maplibs,Celosvětové,GLOBAL,Protomaps / PMTiles,protomaps.com,"Jednosouborové dlaždice bez serveru, hostovatelné na S3/CDN",ngo,open,sw,reference,,,,https://protomaps.com/,global-protomaps-pmtiles,2026-08-28
Nástroje,Mapové knihovny a basemapy,maplibs,Celosvětové,GLOBAL,MapTiler,maptiler.com,"Hostované vektorové basemapy, styly, self-hosted server",commercial,mixed,api,reference,,,,https://www.maptiler.com/,global-maptiler,2026-08-28
Nástroje,Mapové knihovny a basemapy,maplibs,Celosvětové,GLOBAL,OpenFreeMap,openfreemap.org,Zdarma hostované OSM vektorové dlaždice bez API klíče,ngo,open,api,reference,,,,https://openfreemap.org/,global-openfreemap,2026-08-28
Nástroje,Mapové knihovny a basemapy,maplibs,Celosvětové,GLOBAL,Stadia Maps,stadiamaps.com,"Basemapy, geokódování a routing s férovým free tierem",commercial,mixed,api,reference,,,,https://stadiamaps.com/,global-stadia-maps,2026-08-28
Nástroje,Mapové knihovny a basemapy,maplibs,Celosvětové,GLOBAL,Turf.js,turfjs.org,"Geoprostorová analýza v JS — buffer, intersect, nearest, clusters",ngo,open,sw,reference,,,,https://turfjs.org/,global-turf-js,2026-08-28
Nástroje,Mapové knihovny a basemapy,maplibs,Celosvětové,GLOBAL,CesiumJS,cesium.com,"3D glóbus a mapy ve WebGL — 3D Tiles, globální terén, glTF modely a časová osa; knihovna pod Apache 2.0, hostované služby ion placené",ngo,open,sw,reference,,,,https://cesium.com/platform/cesiumjs/,global-cesiumjs,2026-08-28
Nástroje,Mapové knihovny a basemapy,maplibs,Celosvětové,GLOBAL,MapProxy,mapproxy.org,"Proxy a dlaždicová cache nad WMS — z pomalé WMS udělá rychlé WMTS/XYZ dlaždice, umí reprojekci, slučování vrstev a offline seeding",ngo,open,sw,reference,,,,https://mapproxy.org/,global-mapproxy,2026-08-28
Nástroje,Mapové knihovny a basemapy,maplibs,Celosvětové,GLOBAL,OpenMapTiles,openmaptiles.org,"Otevřené schéma vektorových dlaždic z OSM a Natural Earth — nástroje na generování vlastních dlaždic a self-hosting, BSD/CC-BY s povinnou atribucí",ngo,mixed,sw,reference,,,,https://openmaptiles.org/,global-openmaptiles,2026-08-28
Nástroje,Mapové knihovny a basemapy,maplibs,Celosvětové,GLOBAL,Mapbox,mapbox.com,"Komerční mapová platforma — hostované vektorové a satelitní basemapy, Studio pro tvorbu stylů a Mapbox GL JS (od v2 proprietární licence); free tier s měsíčním limitem",commercial,mixed,api,reference,,,,https://www.mapbox.com/,global-mapbox,2026-08-28
Nástroje,Mapové knihovny a basemapy,maplibs,Celosvětové,GLOBAL,OpenTopoMap,opentopomap.org,"Topografická rastrová basemapa z OSM a SRTM ve stylu německých topo map — vrstevnice a stínovaný reliéf, dlaždice bez API klíče pod CC-BY-SA 3.0",ngo,open,api,reference,,,,https://opentopomap.org/,global-opentopomap,2026-08-28
Nástroje,Spatial DB a analytika,spatialdb,Celosvětové,GLOBAL,PostGIS,postgis.net,"Prostorové rozšíření PostgreSQL — typy geometry a geography a GiST indexy; rastr a topologie se instalují jako samostatné extenze (postgis_raster, postgis_topology), pgRouting je samostatný projekt",ngo,open,sw,reference,,,,https://postgis.net/,global-postgis,2026-08-28
Nástroje,Spatial DB a analytika,spatialdb,Celosvětové,GLOBAL,PostgreSQL,postgresql.org,"Hostitelská databáze pro PostGIS a pgRouting — bez ní žádná z prostorových nadstaveb neběží; dokumentace k indexům, plánovači a rozšířením, na kterých stojí výkon prostorových dotazů",ngo,open,sw,bookmarks+history,1,2,2026-08-27,https://www.postgresql.org/,global-postgresql,2026-08-28
Nástroje,Spatial DB a analytika,spatialdb,Celosvětové,GLOBAL,GDAL / OGR,gdal.org,"Univerzální konverze a transformace — ogr2ogr, gdalwarp, gdal_translate",ngo,open,sw,reference,,,,https://gdal.org/,global-gdal-ogr,2026-08-28
Nástroje,Spatial DB a analytika,spatialdb,Celosvětové,GLOBAL,QGIS,qgis.org,"Desktopové GIS — vizualizace, editace, Processing toolbox, modely",ngo,open,sw,reference,,,,https://qgis.org/,global-qgis,2026-08-28
Nástroje,Spatial DB a analytika,spatialdb,Celosvětové,GLOBAL,GeoPandas,geopandas.org,Pandas s geometrií (Shapely + pyproj + pyogrio) — základ Python geo analytiky,ngo,open,sw,reference,,,,https://geopandas.org/,global-geopandas,2026-08-28
Nástroje,Spatial DB a analytika,spatialdb,Celosvětové,GLOBAL,Shapely,shapely.readthedocs.io,Planární geometrické operace v Pythonu nad GEOS,ngo,open,sw,reference,,,,https://shapely.readthedocs.io/,global-shapely,2026-08-28
Nástroje,Spatial DB a analytika,spatialdb,Celosvětové,GLOBAL,Rasterio,rasterio.readthedocs.io,"Pythonní čtení a zápis rastrů nad GDAL — okna, masky, reprojekce a přístup k pásmům jako k NumPy polím; standardní vstupní bod do rastrových dat mimo GIS aplikaci",ngo,open,sw,reference,,,,https://rasterio.readthedocs.io/,global-rasterio,2026-08-28
Nástroje,Spatial DB a analytika,spatialdb,Celosvětové,GLOBAL,rioxarray,corteva.github.io,Multidimenzionální rastr a časové řady pro EO analytiku,ngo,open,sw,reference,,,,https://corteva.github.io/rioxarray/,global-rioxarray,2026-08-28
Nástroje,Spatial DB a analytika,spatialdb,Celosvětové,GLOBAL,DuckDB spatial,duckdb.org,"In-process SQL analytika s prostorovým rozšířením, čte GeoParquet i přímo z S3",ngo,open,sw,reference,,,,https://duckdb.org/docs/current/core_extensions/spatial/overview,global-duckdb-spatial,2026-08-28
Nástroje,Spatial DB a analytika,spatialdb,Celosvětové,GLOBAL,Apache Sedona,sedona.apache.org,Distribuovaná prostorová analytika nad Sparkem/Flinkem,ngo,open,sw,reference,,,,https://sedona.apache.org/,global-apache-sedona,2026-08-28
Nástroje,Spatial DB a analytika,spatialdb,Celosvětové,GLOBAL,H3,h3geo.org,"Hierarchický index nad hexagonální sítí (na každé úrovni 12 pětiúhelníků) — agregace bodů, sousedství, gridDisk",ngo,open,sw,reference,,,,https://h3geo.org/,global-h3,2026-08-28
Nástroje,Spatial DB a analytika,spatialdb,Celosvětové,GLOBAL,S2 Geometry,s2geometry.io,"Sférická geometrie a indexování buňkami, alternativa k H3",ngo,open,sw,reference,,,,https://s2geometry.io/,global-s2-geometry,2026-08-28
Nástroje,Spatial DB a analytika,spatialdb,Celosvětové,GLOBAL,PySAL,pysal.org,"Prostorová statistika — autokorelace, Moran's I, LISA, regionalizace",ngo,open,sw,reference,,,,https://pysal.org/,global-pysal,2026-08-28
Nástroje,Spatial DB a analytika,spatialdb,Celosvětové,GLOBAL,MovingPandas,movingpandas.org,Analýza trajektorií a pohybu nad GeoPandas,ngo,open,sw,reference,,,,https://movingpandas.org/,global-movingpandas,2026-08-28
Nástroje,Spatial DB a analytika,spatialdb,Celosvětové,GLOBAL,Lonboard,developmentseed.org,Rychlá vizualizace velkých GeoDataFrames v notebooku přes deck.gl,ngo,open,sw,reference,,,,https://developmentseed.org/lonboard/,global-lonboard,2026-08-28
Nástroje,Spatial DB a analytika,spatialdb,Celosvětové,GLOBAL,Kepler.gl,kepler.gl,Geo-analytické UI nad deck.gl pro rychlý průzkum velkých datasetů,ngo,open,sw,reference,,,,https://kepler.gl/,global-kepler-gl,2026-08-28
Nástroje,Spatial DB a analytika,spatialdb,Celosvětové,GLOBAL,CARTO,carto.com,Cloud location intelligence nad Snowflake/BigQuery/Databricks,commercial,mixed,sw,history,2,2,2026-08-26,https://carto.com/,global-carto,2026-08-28
Nástroje,Spatial DB a analytika,spatialdb,Celosvětové,GLOBAL,Felt,felt.com,"Kolaborativní webové mapy, rychlé sdílení analýz",commercial,mixed,sw,reference,,,,https://felt.com/,global-felt,2026-08-28
Nástroje,Spatial DB a analytika,spatialdb,Celosvětové,GLOBAL,GRASS GIS,grass.osgeo.org,"Rastrová, terénní a hydrologická analytika s vlastní datovou strukturou (moduly r.*, v.*) — sklony, povodí, viewshed a časové řady, volatelné i z QGIS Processingu",ngo,open,sw,reference,,,,https://grass.osgeo.org/,global-grass-gis,2026-08-28
Nástroje,Spatial DB a analytika,spatialdb,Celosvětové,GLOBAL,sf (Simple Features for R),r-spatial.github.io,"Simple features pro R — geometrie jako sloupec v data.frame, operace přes GEOS, čtení a zápis přes GDAL, transformace přes PROJ, sférická geometrie přes s2",ngo,open,sw,reference,,,,https://r-spatial.github.io/sf/,global-sf-simple-features-for-r,2026-08-28
Nástroje,Spatial DB a analytika,spatialdb,Celosvětové,GLOBAL,PDAL,pdal.org,"Pipeline pro zpracování mračen bodů — čtení LAS/LAZ/COPC, filtrace a klasifikace, výřezy a převod na rastr, deklarativně v JSON",ngo,open,sw,reference,,,,https://pdal.org/,global-pdal,2026-08-28
Nástroje,Spatial DB a analytika,spatialdb,Celosvětové,GLOBAL,GEOS,libgeos.org,"C/C++ knihovna geometrických predikátů a operací (intersects, buffer, overlay, validace) — jádro, na kterém stojí PostGIS, QGIS, GDAL, Shapely i R sf",ngo,open,sw,reference,,,,https://libgeos.org/,global-geos,2026-08-28
Nástroje,Spatial DB a analytika,spatialdb,Celosvětové,GLOBAL,xarray,xarray.dev,"Pojmenovaná N-rozměrná pole s indexy a líným výpočtem přes Dask — datový model pro EO časové řady a datové kostky, čte NetCDF, HDF, Zarr i GRIB",ngo,open,sw,reference,,,,https://xarray.dev/,global-xarray,2026-08-28
Nástroje,Routing a síťová analýza,routing,Celosvětové,GLOBAL,OSRM,project-osrm.org,"Rychlý routing nad OSM — table (matrix), match, trip",ngo,open,sw,reference,,,,https://project-osrm.org/,global-osrm,2026-08-28
Nástroje,Routing a síťová analýza,routing,Celosvětové,GLOBAL,Valhalla,valhalla.github.io,"Tile-based routing, isochrony, map-matching, multimodal",ngo,open,sw,reference,,,,https://valhalla.github.io/valhalla/,global-valhalla,2026-08-28
Nástroje,Routing a síťová analýza,routing,Celosvětové,GLOBAL,GraphHopper,graphhopper.com,"Routing engine + isochrony, dobrá Java knihovna i API",commercial,mixed,api,reference,,,,https://www.graphhopper.com/,global-graphhopper,2026-08-28
Nástroje,Routing a síťová analýza,routing,Celosvětové,GLOBAL,pgRouting,pgrouting.org,"Routing přímo v PostGIS — Dijkstra, TSP, driving distance",ngo,open,sw,reference,,,,https://pgrouting.org/,global-pgrouting,2026-08-28
Nástroje,Routing a síťová analýza,routing,Celosvětové,GLOBAL,OSMnx,osmnx.readthedocs.io,Stažení a analýza uličních sítí z OSM v Pythonu (NetworkX),ngo,open,sw,reference,,,,https://osmnx.readthedocs.io/,global-osmnx,2026-08-28
Nástroje,Routing a síťová analýza,routing,Celosvětové,GLOBAL,R5 / Conveyal,conveyal.com,Multimodální dostupnostní analýza nad GTFS + OSM,commercial,mixed,sw,reference,,,,https://conveyal.com/,global-r5-conveyal,2026-08-28
Nástroje,Routing a síťová analýza,routing,Celosvětové,GLOBAL,OpenTripPlanner,opentripplanner.org,Multimodální plánovač spojení nad GTFS a OSM — itineráře MHD s přestupy a dostupnostní analýzy přes GraphQL API (GTFS i Transmodel),ngo,open,sw,reference,,,,https://www.opentripplanner.org/,global-opentripplanner,2026-08-28
Nástroje,Routing a síťová analýza,routing,Celosvětové,GLOBAL,openrouteservice,openrouteservice.org,"Hostované routovací API nad OSM od HeiGIT — trasy, matice vzdáleností, isochrony, výškové profily a optimalizace rozvozu, s bezplatnou vrstvou po registraci klíče i možností self-hostingu",research,mixed,api,reference,,,,https://openrouteservice.org/,global-openrouteservice,2026-08-28
Nástroje,Routing a síťová analýza,routing,Celosvětové,GLOBAL,NetworkX,networkx.org,"Grafové algoritmy v Pythonu — nejkratší cesty, centrality, komponenty a toky; datová struktura, ve které OSMnx vrací uliční síť",ngo,open,sw,reference,,,,https://networkx.org/documentation/stable/,global-networkx,2026-08-28
Nástroje,Routing a síťová analýza,routing,Celosvětové,GLOBAL,Google OR-Tools,developers.google.com,"Solver na okružní a rozvozní úlohy — TSP a VRP s časovými okny, kapacitami a více vozidly, typicky nad maticí jízdních dob z OSRM nebo Valhally",commercial,open,sw,reference,,,,https://developers.google.com/optimization,global-google-or-tools,2026-08-28
Nástroje,Routing a síťová analýza,routing,Celosvětové,GLOBAL,Pandana,udst.github.io,"Výpočet dostupnosti v síti přes contraction hierarchies — agregace POI a vah do vzdálenostních pásem kolem každého uzlu, řádově rychleji než obyčejný Dijkstra",ngo,open,sw,reference,,,,https://udst.github.io/pandana/,global-pandana,2026-08-28
Nástroje,"Formáty, projekce, standardy",formats,Celosvětové,GLOBAL,EPSG.io,epsg.io,"Vyhledávání souřadnicových systémů, WKT/proj4 definice (S-JTSK = 5514)",ngo,open,api,reference,,,,https://epsg.io/,global-epsg-io,2026-08-28
Nástroje,"Formáty, projekce, standardy",formats,Celosvětové,GLOBAL,PROJ,proj.org,Knihovna transformací souřadnicových systémů,ngo,open,sw,reference,,,,https://proj.org/,global-proj,2026-08-28
Nástroje,"Formáty, projekce, standardy",formats,Celosvětové,GLOBAL,GeoJSON (RFC 7946),geojson.org,Specifikace nejběžnějšího výměnného formátu,ngo,open,none,reference,,,,https://geojson.org/,global-geojson-rfc-7946,2026-08-28
Nástroje,"Formáty, projekce, standardy",formats,Celosvětové,GLOBAL,GeoParquet,geoparquet.org,"Sloupcový formát pro velké geodatové sady, čitelný DuckDB i Sedonou",ngo,open,none,reference,,,,https://geoparquet.org/,global-geoparquet,2026-08-28
Nástroje,"Formáty, projekce, standardy",formats,Celosvětové,GLOBAL,Cloud Optimized GeoTIFF,cogeo.org,COG — rastr čitelný po částech přímo z HTTP/S3,ngo,open,none,reference,,,,https://www.cogeo.org/,global-cloud-optimized-geotiff,2026-08-28
Nástroje,"Formáty, projekce, standardy",formats,Celosvětové,GLOBAL,FlatGeobuf,flatgeobuf.org,Binární streamovatelný vektorový formát s prostorovým indexem,ngo,open,none,reference,,,,https://flatgeobuf.org/,global-flatgeobuf,2026-08-28
Nástroje,"Formáty, projekce, standardy",formats,Celosvětové,GLOBAL,OGC API,ogcapi.ogc.org,"Moderní REST nástupci WMS/WFS — Features, Tiles, Processes",ngo,open,none,reference,,,,https://ogcapi.ogc.org/,global-ogc-api,2026-08-28
Nástroje,"Formáty, projekce, standardy",formats,Celosvětové,GLOBAL,STAC,stacspec.org,SpatioTemporal Asset Catalog — standard pro katalogizaci EO dat,ngo,open,none,reference,,,,https://stacspec.org/,global-stac,2026-08-28
Nástroje,"Formáty, projekce, standardy",formats,Celosvětové,GLOBAL,GeoPackage,geopackage.org,"OGC standard (adoptovaná verze 1.4.0) — jeden SQLite soubor s vektory, dlaždicemi i atributy, výchozí výstupní formát QGIS a náhrada za Shapefile",ngo,open,none,reference,,,,https://www.geopackage.org/,global-geopackage,2026-08-28
Nástroje,"Formáty, projekce, standardy",formats,Celosvětové,GLOBAL,EPSG Registry (IOGP),epsg.org,"Oficiální registr EPSG Geodetic Parameter Dataset od IOGP (v13.102) — primární zdroj, ze kterého žijí epsg.io i PROJ; online vyhledávání zdarma, offline export datasetu, datový model dle ISO 19111:2019",ngo,open,api,reference,,,,https://epsg.org/,global-epsg-registry-iogp,2026-08-28
Nástroje,"Formáty, projekce, standardy",formats,Celosvětové,GLOBAL,Zarr,zarr.dev,"Formát pro chunkovaná komprimovaná N-rozměrná pole v object storage (v2/v3, implementace v 10 jazycích) — základ cloud-native klimatických a EO datasetů čtených přes xarray",ngo,open,sw,reference,,,,https://zarr.dev/,global-zarr,2026-08-28
Nástroje,"Formáty, projekce, standardy",formats,Celosvětové,GLOBAL,COPC,copc.io,"Cloud Optimized Point Cloud 1.0 — LAZ 1.4 s body uspořádanými do clusterovaného oktree, čitelný po částech přes HTTP range requesty, podporuje PDAL i QGIS",ngo,open,none,reference,,,,https://copc.io/,global-copc,2026-08-28
Nástroje,"Formáty, projekce, standardy",formats,Celosvětové,GLOBAL,GTFS,gtfs.org,"Referenční specifikace GTFS Schedule a GTFS Realtime pod správou MobilityData — jízdní řády, zastávky, tarify a živé polohy vozidel",ngo,open,none,reference,,,,https://gtfs.org/,global-gtfs,2026-08-28
Učení,Učení a komunita,learning,Celosvětové,GLOBAL,UofT Map and Data Library,mdl.library.utoronto.ca,Mapová a datová knihovna University of Toronto — veřejná knihovna návodů a workshopů ke GIS a statistice; většina datových sad je přístupná jen příslušníkům univerzity,research,open,none,history,1,1,2026-08-27,https://mdl.library.utoronto.ca/,global-uoft-map-and-data-library,2026-08-28
Učení,Učení a komunita,learning,Celosvětové,GLOBAL,GIS StackExchange,gis.stackexchange.com,Nejrychlejší cesta k odpovědi na konkrétní GIS problém,ngo,open,bulk,reference,,,,https://gis.stackexchange.com/,global-gis-stackexchange,2026-08-28
Učení,Učení a komunita,learning,Celosvětové,GLOBAL,Awesome Geospatial,github.com,Kurátorovaný seznam geo nástrojů a datasetů,ngo,open,none,reference,,,,https://github.com/sacridini/Awesome-Geospatial,global-awesome-geospatial,2026-08-28
Učení,Učení a komunita,learning,Celosvětové,GLOBAL,Observable,observablehq.com,D3 notebooky — kartografické projekce a vizualizace,commercial,mixed,none,bookmarks+history,0,1,2026-08-27,https://observablehq.com/,global-observable,2026-08-28
Učení,Učení a komunita,learning,Celosvětové,GLOBAL,Spatial Thoughts,spatialthoughts.com,"Kurzy a návody k QGIS, Google Earth Engine a Pythonu pro geodata — materiály volně dostupné, včetně kompletních cvičení s daty; jedno z mála míst, kde je postup dotažený do konce",ngo,open,none,reference,,,,https://spatialthoughts.com/,global-spatial-thoughts,2026-08-28
Učení,Učení a komunita,learning,Celosvětové,GLOBAL,OSGeo,osgeo.org,"Nadace zastřešující ~50 open source geo projektů (QGIS, GDAL, PostGIS, GeoServer, GRASS, pgRouting) — pořádá konferenci FOSS4G, vydává OSGeoLive a sdružuje lokální chaptery",ngo,open,none,reference,,,,https://www.osgeo.org/,global-osgeo,2026-08-28
Učení,Učení a komunita,learning,Celosvětové,GLOBAL,OpenStreetMap Wiki,wiki.openstreetmap.org,Referenční dokumentace tagovacího schématu OSM — co který key a value znamená a jak se regionálně používá; bez ní se Overpass dotaz nedá napsat,ngo,open,none,reference,,,,https://wiki.openstreetmap.org/,global-openstreetmap-wiki,2026-08-28
Učení,Učení a komunita,learning,Celosvětové,GLOBAL,geocompx (Geocomputation with R / Python),geocompx.org,Volně dostupné učebnice Geocomputation with R (CC-BY-NC-ND) a Geocomputation with Python — plus rozpracované verze pro Julii a tmap,research,open,none,reference,,,,https://geocompx.org/,global-geocompx-geocomputation-with-r-python,2026-08-28
Učení,Učení a komunita,learning,Celosvětové,GLOBAL,Introduction to Python for Geographic Data Analysis,pythongis.org,"Volná online učebnice (Tenkanen, Heikinheimo, Whipp) od základů Pythonu po GIS s geopandas a shapely, CC 4.0",research,open,none,reference,,,,https://pythongis.org/,global-introduction-to-python-for-geographic-data-analy,2026-08-28
Učení,Učení a komunita,learning,Celosvětové,GLOBAL,Anita Graser — Free and Open Source GIS Ramblings,anitagraser.com,"Blog autorky MovingPandas — QGIS, PyQGIS, Trajectools a analýza pohybových dat",ngo,open,none,reference,,,,https://anitagraser.com/,global-anita-graser-free-and-open-source-gis-ramblings,2026-08-28
